run_id,time_s,ue_x_m,speed_mps,serving_cell,serving_rsrp,neighbor_rsrp,serving_rsrq,neighbor_rsrq,rsrp_difference,handover_event,target_cell,scenario_speed,scenario_start_x,handover_next_1s
1,1,25,5,1,-93.3753,-118.988,-10.8055,-36.4186,-25.6131,0,0,5,20,0
1,2,30,5,1,-94.8879,-118.897,-10.8116,-34.8204,-24.0089,0,0,5,20,0
1,3,35,5,1,-96.1935,-118.804,-10.819,-33.4297,-22.6107,0,0,5,20,0
1,4,40,5,1,-97.3381,-118.711,-10.8278,-32.2004,-21.3726,0,0,5,20,0
1,5,45,5,1,-98.3551,-118.616,-10.8381,-31.0991,-20.261,0,0,5,20,0
1,6,50,5,1,-99.2691,-118.52,-10.85,-30.1013,-19.2513,0,0,5,20,0
1,7,55,5,1,-100.099,-118.424,-10.8635,-29.1888,-18.3252,0,0,5,20,0
1,8,60,5,1,-100.857,-118.326,-10.8788,-28.3475,-17.4687,0,0,5,20,0
1,9,65,5,1,-101.556,-118.227,-10.8958,-27.5667,-16.6709,0,0,5,20,0
1,10,70,5,1,-102.204,-118.127,-10.9148,-26.838,-15.9232,0,0,5,20,0
1,11,75,5,1,-102.807,-118.026,-10.9357,-26.1543,-15.2186,0,0,5,20,0
1,12,80,5,1,-103.372,-117.923,-10.9588,-25.5103,-14.5515,0,0,5,20,0
1,13,85,5,1,-103.903,-117.82,-10.984,-24.9013,-13.9173,0,0,5,20,0
1,14,90,5,1,-104.403,-117.715,-11.0115,-24.3236,-13.3121,0,0,5,20,0
1,15,95,5,1,-104.876,-117.609,-11.0413,-23.774,-12.7327,0,0,5,20,0
1,16,100,5,1,-105.325,-117.501,-11.0737,-23.2499,-12.1762,0,0,5,20,0
1,17,105,5,1,-105.752,-117.393,-11.1087,-22.7489,-11.6403,0,0,5,20,0
1,18,110,5,1,-106.16,-117.282,-11.1464,-22.2692,-11.1229,0,0,5,20,0
1,19,115,5,1,-106.549,-117.171,-11.1869,-21.8091,-10.6222,0,0,5,20,0
1,20,120,5,1,-106.921,-117.058,-11.2303,-21.367,-10.1367,0,0,5,20,0
1,21,125,5,1,-107.278,-116.943,-11.2769,-20.9418,-9.66488,0,0,5,20,0
1,22,130,5,1,-107.622,-116.827,-11.3266,-20.5323,-9.20562,0,0,5,20,0
1,23,135,5,1,-107.952,-116.71,-11.3797,-20.1375,-8.75778,0,0,5,20,0
1,24,140,5,1,-108.27,-116.59,-11.4363,-19.7567,-8.32037,0,0,5,20,0
1,25,145,5,1,-108.577,-116.469,-11.4964,-19.3889,-7.89251,0,0,5,20,0
1,26,150,5,1,-108.873,-116.347,-11.5603,-19.0337,-7.47339,0,0,5,20,0
1,27,155,5,1,-109.16,-116.222,-11.6281,-18.6903,-7.06227,0,0,5,20,0
1,28,160,5,1,-109.438,-116.096,-11.6998,-18.3583,-6.65848,0,0,5,20,0
1,29,165,5,1,-109.707,-115.968,-11.7757,-18.0371,-6.26141,0,0,5,20,0
1,30,170,5,1,-109.968,-115.838,-11.8559,-17.7264,-5.87049,0,0,5,20,0
1,31,175,5,1,-110.221,-115.706,-11.9405,-17.4257,-5.48519,0,0,5,20,0
1,32,180,5,1,-110.467,-115.572,-12.0298,-17.1348,-5.10502,0,0,5,20,0
1,33,185,5,1,-110.707,-115.436,-12.1237,-16.8532,-4.72953,0,0,5,20,0
1,34,190,5,1,-110.94,-115.298,-12.2225,-16.5808,-4.35829,0,0,5,20,0
1,35,195,5,1,-111.167,-115.158,-12.3263,-16.3172,-3.99089,0,0,5,20,0
1,36,200,5,1,-111.388,-115.015,-12.4352,-16.0622,-3.62695,0,0,5,20,0
1,37,205,5,1,-111.604,-114.87,-12.5495,-15.8156,-3.26612,0,0,5,20,0
1,38,210,5,1,-111.814,-114.722,-12.6691,-15.5772,-2.90803,0,0,5,20,0
1,39,215,5,1,-112.02,-114.572,-12.7944,-15.3468,-2.55237,0,0,5,20,0
1,40,220,5,1,-112.221,-114.419,-12.9254,-15.1242,-2.19882,0,0,5,20,0
1,41,225,5,1,-112.417,-114.264,-13.0622,-14.9093,-1.84706,0,0,5,20,0
1,42,230,5,1,-112.609,-114.106,-13.205,-14.7018,-1.4968,0,0,5,20,0
1,43,235,5,1,-112.797,-113.944,-13.354,-14.5017,-1.14775,0,0,5,20,0
1,44,240,5,1,-112.98,-113.78,-13.5092,-14.3088,-0.799612,0,0,5,20,0
1,45,245,5,1,-113.16,-113.612,-13.6708,-14.123,-0.452116,0,0,5,20,0
1,46,250,5,1,-113.337,-113.442,-13.839,-13.944,-0.10498,0,0,5,20,0
1,47,255,5,1,-113.51,-113.267,-14.0139,-13.7718,0.242073,0,0,5,20,0
1,48,260,5,1,-113.679,-113.09,-14.1955,-13.6062,0.589318,0,0,5,20,0
1,49,265,5,1,-113.845,-112.908,-14.3842,-13.4471,0.937034,0,0,5,20,0
1,50,270,5,1,-114.008,-112.723,-14.5799,-13.2944,1.2855,0,0,5,20,1
1,51,275,5,2,-112.533,-114.168,-13.1479,-14.7829,-1.63499,1,2,5,20,0
1,52,280,5,2,-112.34,-114.326,-13.0074,-14.9933,-1.98587,0,0,5,20,0
1,53,285,5,2,-112.142,-114.48,-12.8729,-15.2112,-2.33833,0,0,5,20,0
1,54,290,5,2,-111.939,-114.632,-12.7442,-15.4369,-2.69265,0,0,5,20,0
1,55,295,5,2,-111.732,-114.781,-12.6212,-15.6704,-3.04926,0,0,5,20,0
1,56,300,5,2,-111.519,-114.928,-12.5037,-15.912,-3.40836,0,0,5,20,0
1,57,305,5,2,-111.301,-115.072,-12.3915,-16.1619,-3.77042,0,0,5,20,0
1,58,310,5,2,-111.078,-115.214,-12.2846,-16.4203,-4.13565,0,0,5,20,0
2,1,35,5,1,-96.1935,-118.804,-10.819,-33.4297,-22.6107,0,0,5,30,0
2,2,40,5,1,-97.3381,-118.711,-10.8278,-32.2004,-21.3726,0,0,5,30,0
2,3,45,5,1,-98.3551,-118.616,-10.8381,-31.0991,-20.261,0,0,5,30,0
2,4,50,5,1,-99.2691,-118.52,-10.85,-30.1013,-19.2513,0,0,5,30,0
2,5,55,5,1,-100.099,-118.424,-10.8635,-29.1888,-18.3252,0,0,5,30,0
2,6,60,5,1,-100.857,-118.326,-10.8788,-28.3475,-17.4687,0,0,5,30,0
2,7,65,5,1,-101.556,-118.227,-10.8958,-27.5667,-16.6709,0,0,5,30,0
2,8,70,5,1,-102.204,-118.127,-10.9148,-26.838,-15.9232,0,0,5,30,0
2,9,75,5,1,-102.807,-118.026,-10.9357,-26.1543,-15.2186,0,0,5,30,0
2,10,80,5,1,-103.372,-117.923,-10.9588,-25.5103,-14.5515,0,0,5,30,0
2,11,85,5,1,-103.903,-117.82,-10.984,-24.9013,-13.9173,0,0,5,30,0
2,12,90,5,1,-104.403,-117.715,-11.0115,-24.3236,-13.3121,0,0,5,30,0
2,13,95,5,1,-104.876,-117.609,-11.0413,-23.774,-12.7327,0,0,5,30,0
2,14,100,5,1,-105.325,-117.501,-11.0737,-23.2499,-12.1762,0,0,5,30,0
2,15,105,5,1,-105.752,-117.393,-11.1087,-22.7489,-11.6403,0,0,5,30,0
2,16,110,5,1,-106.16,-117.282,-11.1464,-22.2692,-11.1229,0,0,5,30,0
2,17,115,5,1,-106.549,-117.171,-11.1869,-21.8091,-10.6222,0,0,5,30,0
2,18,120,5,1,-106.921,-117.058,-11.2303,-21.367,-10.1367,0,0,5,30,0
2,19,125,5,1,-107.278,-116.943,-11.2769,-20.9418,-9.66488,0,0,5,30,0
2,20,130,5,1,-107.622,-116.827,-11.3266,-20.5323,-9.20562,0,0,5,30,0
2,21,135,5,1,-107.952,-116.71,-11.3797,-20.1375,-8.75778,0,0,5,30,0
2,22,140,5,1,-108.27,-116.59,-11.4363,-19.7567,-8.32037,0,0,5,30,0
2,23,145,5,1,-108.577,-116.469,-11.4964,-19.3889,-7.89251,0,0,5,30,0
2,24,150,5,1,-108.873,-116.347,-11.5603,-19.0337,-7.47339,0,0,5,30,0
2,25,155,5,1,-109.16,-116.222,-11.6281,-18.6903,-7.06227,0,0,5,30,0
2,26,160,5,1,-109.438,-116.096,-11.6998,-18.3583,-6.65848,0,0,5,30,0
2,27,165,5,1,-109.707,-115.968,-11.7757,-18.0371,-6.26141,0,0,5,30,0
2,28,170,5,1,-109.968,-115.838,-11.8559,-17.7264,-5.87049,0,0,5,30,0
2,29,175,5,1,-110.221,-115.706,-11.9405,-17.4257,-5.48519,0,0,5,30,0
2,30,180,5,1,-110.467,-115.572,-12.0298,-17.1348,-5.10502,0,0,5,30,0
2,31,185,5,1,-110.707,-115.436,-12.1237,-16.8532,-4.72953,0,0,5,30,0
2,32,190,5,1,-110.94,-115.298,-12.2225,-16.5808,-4.35829,0,0,5,30,0
2,33,195,5,1,-111.167,-115.158,-12.3263,-16.3172,-3.99089,0,0,5,30,0
2,34,200,5,1,-111.388,-115.015,-12.4352,-16.0622,-3.62695,0,0,5,30,0
2,35,205,5,1,-111.604,-114.87,-12.5495,-15.8156,-3.26612,0,0,5,30,0
2,36,210,5,1,-111.814,-114.722,-12.6691,-15.5772,-2.90803,0,0,5,30,0
2,37,215,5,1,-112.02,-114.572,-12.7944,-15.3468,-2.55237,0,0,5,30,0
2,38,220,5,1,-112.221,-114.419,-12.9254,-15.1242,-2.19882,0,0,5,30,0
2,39,225,5,1,-112.417,-114.264,-13.0622,-14.9093,-1.84706,0,0,5,30,0
2,40,230,5,1,-112.609,-114.106,-13.205,-14.7018,-1.4968,0,0,5,30,0
2,41,235,5,1,-112.797,-113.944,-13.354,-14.5017,-1.14775,0,0,5,30,0
2,42,240,5,1,-112.98,-113.78,-13.5092,-14.3088,-0.799612,0,0,5,30,0
2,43,245,5,1,-113.16,-113.612,-13.6708,-14.123,-0.452116,0,0,5,30,0
2,44,250,5,1,-113.337,-113.442,-13.839,-13.944,-0.10498,0,0,5,30,0
2,45,255,5,1,-113.51,-113.267,-14.0139,-13.7718,0.242073,0,0,5,30,0
2,46,260,5,1,-113.679,-113.09,-14.1955,-13.6062,0.589318,0,0,5,30,0
2,47,265,5,1,-113.845,-112.908,-14.3842,-13.4471,0.937034,0,0,5,30,0
2,48,270,5,1,-114.008,-112.723,-14.5799,-13.2944,1.2855,0,0,5,30,1
2,49,275,5,2,-112.533,-114.168,-13.1479,-14.7829,-1.63499,1,2,5,30,0
2,50,280,5,2,-112.34,-114.326,-13.0074,-14.9933,-1.98587,0,0,5,30,0
2,51,285,5,2,-112.142,-114.48,-12.8729,-15.2112,-2.33833,0,0,5,30,0
2,52,290,5,2,-111.939,-114.632,-12.7442,-15.4369,-2.69265,0,0,5,30,0
2,53,295,5,2,-111.732,-114.781,-12.6212,-15.6704,-3.04926,0,0,5,30,0
2,54,300,5,2,-111.519,-114.928,-12.5037,-15.912,-3.40836,0,0,5,30,0
2,55,305,5,2,-111.301,-115.072,-12.3915,-16.1619,-3.77042,0,0,5,30,0
2,56,310,5,2,-111.078,-115.214,-12.2846,-16.4203,-4.13565,0,0,5,30,0
2,57,315,5,2,-110.849,-115.353,-12.1828,-16.6874,-4.50455,0,0,5,30,0
2,58,320,5,2,-110.613,-115.49,-12.086,-16.9634,-4.87739,0,0,5,30,0
3,1,45,5,1,-98.3551,-118.616,-10.8381,-31.0991,-20.261,0,0,5,40,0
3,2,50,5,1,-99.2691,-118.52,-10.85,-30.1013,-19.2513,0,0,5,40,0
3,3,55,5,1,-100.099,-118.424,-10.8635,-29.1888,-18.3252,0,0,5,40,0
3,4,60,5,1,-100.857,-118.326,-10.8788,-28.3475,-17.4687,0,0,5,40,0
3,5,65,5,1,-101.556,-118.227,-10.8958,-27.5667,-16.6709,0,0,5,40,0
3,6,70,5,1,-102.204,-118.127,-10.9148,-26.838,-15.9232,0,0,5,40,0
3,7,75,5,1,-102.807,-118.026,-10.9357,-26.1543,-15.2186,0,0,5,40,0
3,8,80,5,1,-103.372,-117.923,-10.9588,-25.5103,-14.5515,0,0,5,40,0
3,9,85,5,1,-103.903,-117.82,-10.984,-24.9013,-13.9173,0,0,5,40,0
3,10,90,5,1,-104.403,-117.715,-11.0115,-24.3236,-13.3121,0,0,5,40,0
3,11,95,5,1,-104.876,-117.609,-11.0413,-23.774,-12.7327,0,0,5,40,0
3,12,100,5,1,-105.325,-117.501,-11.0737,-23.2499,-12.1762,0,0,5,40,0
3,13,105,5,1,-105.752,-117.393,-11.1087,-22.7489,-11.6403,0,0,5,40,0
3,14,110,5,1,-106.16,-117.282,-11.1464,-22.2692,-11.1229,0,0,5,40,0
3,15,115,5,1,-106.549,-117.171,-11.1869,-21.8091,-10.6222,0,0,5,40,0
3,16,120,5,1,-106.921,-117.058,-11.2303,-21.367,-10.1367,0,0,5,40,0
3,17,125,5,1,-107.278,-116.943,-11.2769,-20.9418,-9.66488,0,0,5,40,0
3,18,130,5,1,-107.622,-116.827,-11.3266,-20.5323,-9.20562,0,0,5,40,0
3,19,135,5,1,-107.952,-116.71,-11.3797,-20.1375,-8.75778,0,0,5,40,0
3,20,140,5,1,-108.27,-116.59,-11.4363,-19.7567,-8.32037,0,0,5,40,0
3,21,145,5,1,-108.577,-116.469,-11.4964,-19.3889,-7.89251,0,0,5,40,0
3,22,150,5,1,-108.873,-116.347,-11.5603,-19.0337,-7.47339,0,0,5,40,0
3,23,155,5,1,-109.16,-116.222,-11.6281,-18.6903,-7.06227,0,0,5,40,0
3,24,160,5,1,-109.438,-116.096,-11.6998,-18.3583,-6.65848,0,0,5,40,0
3,25,165,5,1,-109.707,-115.968,-11.7757,-18.0371,-6.26141,0,0,5,40,0
3,26,170,5,1,-109.968,-115.838,-11.8559,-17.7264,-5.87049,0,0,5,40,0
3,27,175,5,1,-110.221,-115.706,-11.9405,-17.4257,-5.48519,0,0,5,40,0
3,28,180,5,1,-110.467,-115.572,-12.0298,-17.1348,-5.10502,0,0,5,40,0
3,29,185,5,1,-110.707,-115.436,-12.1237,-16.8532,-4.72953,0,0,5,40,0
3,30,190,5,1,-110.94,-115.298,-12.2225,-16.5808,-4.35829,0,0,5,40,0
3,31,195,5,1,-111.167,-115.158,-12.3263,-16.3172,-3.99089,0,0,5,40,0
3,32,200,5,1,-111.388,-115.015,-12.4352,-16.0622,-3.62695,0,0,5,40,0
3,33,205,5,1,-111.604,-114.87,-12.5495,-15.8156,-3.26612,0,0,5,40,0
3,34,210,5,1,-111.814,-114.722,-12.6691,-15.5772,-2.90803,0,0,5,40,0
3,35,215,5,1,-112.02,-114.572,-12.7944,-15.3468,-2.55237,0,0,5,40,0
3,36,220,5,1,-112.221,-114.419,-12.9254,-15.1242,-2.19882,0,0,5,40,0
3,37,225,5,1,-112.417,-114.264,-13.0622,-14.9093,-1.84706,0,0,5,40,0
3,38,230,5,1,-112.609,-114.106,-13.205,-14.7018,-1.4968,0,0,5,40,0
3,39,235,5,1,-112.797,-113.944,-13.354,-14.5017,-1.14775,0,0,5,40,0
3,40,240,5,1,-112.98,-113.78,-13.5092,-14.3088,-0.799612,0,0,5,40,0
3,41,245,5,1,-113.16,-113.612,-13.6708,-14.123,-0.452116,0,0,5,40,0
3,42,250,5,1,-113.337,-113.442,-13.839,-13.944,-0.10498,0,0,5,40,0
3,43,255,5,1,-113.51,-113.267,-14.0139,-13.7718,0.242073,0,0,5,40,0
3,44,260,5,1,-113.679,-113.09,-14.1955,-13.6062,0.589318,0,0,5,40,0
3,45,265,5,1,-113.845,-112.908,-14.3842,-13.4471,0.937034,0,0,5,40,0
3,46,270,5,1,-114.008,-112.723,-14.5799,-13.2944,1.2855,0,0,5,40,1
3,47,275,5,2,-112.533,-114.168,-13.1479,-14.7829,-1.63499,1,2,5,40,0
3,48,280,5,2,-112.34,-114.326,-13.0074,-14.9933,-1.98587,0,0,5,40,0
3,49,285,5,2,-112.142,-114.48,-12.8729,-15.2112,-2.33833,0,0,5,40,0
3,50,290,5,2,-111.939,-114.632,-12.7442,-15.4369,-2.69265,0,0,5,40,0
3,51,295,5,2,-111.732,-114.781,-12.6212,-15.6704,-3.04926,0,0,5,40,0
3,52,300,5,2,-111.519,-114.928,-12.5037,-15.912,-3.40836,0,0,5,40,0
3,53,305,5,2,-111.301,-115.072,-12.3915,-16.1619,-3.77042,0,0,5,40,0
3,54,310,5,2,-111.078,-115.214,-12.2846,-16.4203,-4.13565,0,0,5,40,0
3,55,315,5,2,-110.849,-115.353,-12.1828,-16.6874,-4.50455,0,0,5,40,0
3,56,320,5,2,-110.613,-115.49,-12.086,-16.9634,-4.87739,0,0,5,40,0
3,57,325,5,2,-110.371,-115.626,-11.9939,-17.2486,-5.25472,0,0,5,40,0
3,58,330,5,2,-110.122,-115.759,-11.9066,-17.5434,-5.63682,0,0,5,40,0
4,1,55,5,1,-100.099,-118.424,-10.8635,-29.1888,-18.3252,0,0,5,50,0
4,2,60,5,1,-100.857,-118.326,-10.8788,-28.3475,-17.4687,0,0,5,50,0
4,3,65,5,1,-101.556,-118.227,-10.8958,-27.5667,-16.6709,0,0,5,50,0
4,4,70,5,1,-102.204,-118.127,-10.9148,-26.838,-15.9232,0,0,5,50,0
4,5,75,5,1,-102.807,-118.026,-10.9357,-26.1543,-15.2186,0,0,5,50,0
4,6,80,5,1,-103.372,-117.923,-10.9588,-25.5103,-14.5515,0,0,5,50,0
4,7,85,5,1,-103.903,-117.82,-10.984,-24.9013,-13.9173,0,0,5,50,0
4,8,90,5,1,-104.403,-117.715,-11.0115,-24.3236,-13.3121,0,0,5,50,0
4,9,95,5,1,-104.876,-117.609,-11.0413,-23.774,-12.7327,0,0,5,50,0
4,10,100,5,1,-105.325,-117.501,-11.0737,-23.2499,-12.1762,0,0,5,50,0
4,11,105,5,1,-105.752,-117.393,-11.1087,-22.7489,-11.6403,0,0,5,50,0
4,12,110,5,1,-106.16,-117.282,-11.1464,-22.2692,-11.1229,0,0,5,50,0
4,13,115,5,1,-106.549,-117.171,-11.1869,-21.8091,-10.6222,0,0,5,50,0
4,14,120,5,1,-106.921,-117.058,-11.2303,-21.367,-10.1367,0,0,5,50,0
4,15,125,5,1,-107.278,-116.943,-11.2769,-20.9418,-9.66488,0,0,5,50,0
4,16,130,5,1,-107.622,-116.827,-11.3266,-20.5323,-9.20562,0,0,5,50,0
4,17,135,5,1,-107.952,-116.71,-11.3797,-20.1375,-8.75778,0,0,5,50,0
4,18,140,5,1,-108.27,-116.59,-11.4363,-19.7567,-8.32037,0,0,5,50,0
4,19,145,5,1,-108.577,-116.469,-11.4964,-19.3889,-7.89251,0,0,5,50,0
4,20,150,5,1,-108.873,-116.347,-11.5603,-19.0337,-7.47339,0,0,5,50,0
4,21,155,5,1,-109.16,-116.222,-11.6281,-18.6903,-7.06227,0,0,5,50,0
4,22,160,5,1,-109.438,-116.096,-11.6998,-18.3583,-6.65848,0,0,5,50,0
4,23,165,5,1,-109.707,-115.968,-11.7757,-18.0371,-6.26141,0,0,5,50,0
4,24,170,5,1,-109.968,-115.838,-11.8559,-17.7264,-5.87049,0,0,5,50,0
4,25,175,5,1,-110.221,-115.706,-11.9405,-17.4257,-5.48519,0,0,5,50,0
4,26,180,5,1,-110.467,-115.572,-12.0298,-17.1348,-5.10502,0,0,5,50,0
4,27,185,5,1,-110.707,-115.436,-12.1237,-16.8532,-4.72953,0,0,5,50,0
4,28,190,5,1,-110.94,-115.298,-12.2225,-16.5808,-4.35829,0,0,5,50,0
4,29,195,5,1,-111.167,-115.158,-12.3263,-16.3172,-3.99089,0,0,5,50,0
4,30,200,5,1,-111.388,-115.015,-12.4352,-16.0622,-3.62695,0,0,5,50,0
4,31,205,5,1,-111.604,-114.87,-12.5495,-15.8156,-3.26612,0,0,5,50,0
4,32,210,5,1,-111.814,-114.722,-12.6691,-15.5772,-2.90803,0,0,5,50,0
4,33,215,5,1,-112.02,-114.572,-12.7944,-15.3468,-2.55237,0,0,5,50,0
4,34,220,5,1,-112.221,-114.419,-12.9254,-15.1242,-2.19882,0,0,5,50,0
4,35,225,5,1,-112.417,-114.264,-13.0622,-14.9093,-1.84706,0,0,5,50,0
4,36,230,5,1,-112.609,-114.106,-13.205,-14.7018,-1.4968,0,0,5,50,0
4,37,235,5,1,-112.797,-113.944,-13.354,-14.5017,-1.14775,0,0,5,50,0
4,38,240,5,1,-112.98,-113.78,-13.5092,-14.3088,-0.799612,0,0,5,50,0
4,39,245,5,1,-113.16,-113.612,-13.6708,-14.123,-0.452116,0,0,5,50,0
4,40,250,5,1,-113.337,-113.442,-13.839,-13.944,-0.10498,0,0,5,50,0
4,41,255,5,1,-113.51,-113.267,-14.0139,-13.7718,0.242073,0,0,5,50,0
4,42,260,5,1,-113.679,-113.09,-14.1955,-13.6062,0.589318,0,0,5,50,0
4,43,265,5,1,-113.845,-112.908,-14.3842,-13.4471,0.937034,0,0,5,50,0
4,44,270,5,1,-114.008,-112.723,-14.5799,-13.2944,1.2855,0,0,5,50,1
4,45,275,5,2,-112.533,-114.168,-13.1479,-14.7829,-1.63499,1,2,5,50,0
4,46,280,5,2,-112.34,-114.326,-13.0074,-14.9933,-1.98587,0,0,5,50,0
4,47,285,5,2,-112.142,-114.48,-12.8729,-15.2112,-2.33833,0,0,5,50,0
4,48,290,5,2,-111.939,-114.632,-12.7442,-15.4369,-2.69265,0,0,5,50,0
4,49,295,5,2,-111.732,-114.781,-12.6212,-15.6704,-3.04926,0,0,5,50,0
4,50,300,5,2,-111.519,-114.928,-12.5037,-15.912,-3.40836,0,0,5,50,0
4,51,305,5,2,-111.301,-115.072,-12.3915,-16.1619,-3.77042,0,0,5,50,0
4,52,310,5,2,-111.078,-115.214,-12.2846,-16.4203,-4.13565,0,0,5,50,0
4,53,315,5,2,-110.849,-115.353,-12.1828,-16.6874,-4.50455,0,0,5,50,0
4,54,320,5,2,-110.613,-115.49,-12.086,-16.9634,-4.87739,0,0,5,50,0
4,55,325,5,2,-110.371,-115.626,-11.9939,-17.2486,-5.25472,0,0,5,50,0
4,56,330,5,2,-110.122,-115.759,-11.9066,-17.5434,-5.63682,0,0,5,50,0
4,57,335,5,2,-109.866,-115.89,-11.8237,-17.848,-6.02432,0,0,5,50,0
4,58,340,5,2,-109.602,-116.019,-11.7452,-18.1628,-6.41757,0,0,5,50,0
5,1,65,5,1,-101.556,-118.227,-10.8958,-27.5667,-16.6709,0,0,5,60,0
5,2,70,5,1,-102.204,-118.127,-10.9148,-26.838,-15.9232,0,0,5,60,0
5,3,75,5,1,-102.807,-118.026,-10.9357,-26.1543,-15.2186,0,0,5,60,0
5,4,80,5,1,-103.372,-117.923,-10.9588,-25.5103,-14.5515,0,0,5,60,0
5,5,85,5,1,-103.903,-117.82,-10.984,-24.9013,-13.9173,0,0,5,60,0
5,6,90,5,1,-104.403,-117.715,-11.0115,-24.3236,-13.3121,0,0,5,60,0
5,7,95,5,1,-104.876,-117.609,-11.0413,-23.774,-12.7327,0,0,5,60,0
5,8,100,5,1,-105.325,-117.501,-11.0737,-23.2499,-12.1762,0,0,5,60,0
5,9,105,5,1,-105.752,-117.393,-11.1087,-22.7489,-11.6403,0,0,5,60,0
5,10,110,5,1,-106.16,-117.282,-11.1464,-22.2692,-11.1229,0,0,5,60,0
5,11,115,5,1,-106.549,-117.171,-11.1869,-21.8091,-10.6222,0,0,5,60,0
5,12,120,5,1,-106.921,-117.058,-11.2303,-21.367,-10.1367,0,0,5,60,0
5,13,125,5,1,-107.278,-116.943,-11.2769,-20.9418,-9.66488,0,0,5,60,0
5,14,130,5,1,-107.622,-116.827,-11.3266,-20.5323,-9.20562,0,0,5,60,0
5,15,135,5,1,-107.952,-116.71,-11.3797,-20.1375,-8.75778,0,0,5,60,0
5,16,140,5,1,-108.27,-116.59,-11.4363,-19.7567,-8.32037,0,0,5,60,0
5,17,145,5,1,-108.577,-116.469,-11.4964,-19.3889,-7.89251,0,0,5,60,0
5,18,150,5,1,-108.873,-116.347,-11.5603,-19.0337,-7.47339,0,0,5,60,0
5,19,155,5,1,-109.16,-116.222,-11.6281,-18.6903,-7.06227,0,0,5,60,0
5,20,160,5,1,-109.438,-116.096,-11.6998,-18.3583,-6.65848,0,0,5,60,0
5,21,165,5,1,-109.707,-115.968,-11.7757,-18.0371,-6.26141,0,0,5,60,0
5,22,170,5,1,-109.968,-115.838,-11.8559,-17.7264,-5.87049,0,0,5,60,0
5,23,175,5,1,-110.221,-115.706,-11.9405,-17.4257,-5.48519,0,0,5,60,0
5,24,180,5,1,-110.467,-115.572,-12.0298,-17.1348,-5.10502,0,0,5,60,0
5,25,185,5,1,-110.707,-115.436,-12.1237,-16.8532,-4.72953,0,0,5,60,0
5,26,190,5,1,-110.94,-115.298,-12.2225,-16.5808,-4.35829,0,0,5,60,0
5,27,195,5,1,-111.167,-115.158,-12.3263,-16.3172,-3.99089,0,0,5,60,0
5,28,200,5,1,-111.388,-115.015,-12.4352,-16.0622,-3.62695,0,0,5,60,0
5,29,205,5,1,-111.604,-114.87,-12.5495,-15.8156,-3.26612,0,0,5,60,0
5,30,210,5,1,-111.814,-114.722,-12.6691,-15.5772,-2.90803,0,0,5,60,0
5,31,215,5,1,-112.02,-114.572,-12.7944,-15.3468,-2.55237,0,0,5,60,0
5,32,220,5,1,-112.221,-114.419,-12.9254,-15.1242,-2.19882,0,0,5,60,0
5,33,225,5,1,-112.417,-114.264,-13.0622,-14.9093,-1.84706,0,0,5,60,0
5,34,230,5,1,-112.609,-114.106,-13.205,-14.7018,-1.4968,0,0,5,60,0
5,35,235,5,1,-112.797,-113.944,-13.354,-14.5017,-1.14775,0,0,5,60,0
5,36,240,5,1,-112.98,-113.78,-13.5092,-14.3088,-0.799612,0,0,5,60,0
5,37,245,5,1,-113.16,-113.612,-13.6708,-14.123,-0.452116,0,0,5,60,0
5,38,250,5,1,-113.337,-113.442,-13.839,-13.944,-0.10498,0,0,5,60,0
5,39,255,5,1,-113.51,-113.267,-14.0139,-13.7718,0.242073,0,0,5,60,0
5,40,260,5,1,-113.679,-113.09,-14.1955,-13.6062,0.589318,0,0,5,60,0
5,41,265,5,1,-113.845,-112.908,-14.3842,-13.4471,0.937034,0,0,5,60,0
5,42,270,5,1,-114.008,-112.723,-14.5799,-13.2944,1.2855,0,0,5,60,1
5,43,275,5,2,-112.533,-114.168,-13.1479,-14.7829,-1.63499,1,2,5,60,0
5,44,280,5,2,-112.34,-114.326,-13.0074,-14.9933,-1.98587,0,0,5,60,0
5,45,285,5,2,-112.142,-114.48,-12.8729,-15.2112,-2.33833,0,0,5,60,0
5,46,290,5,2,-111.939,-114.632,-12.7442,-15.4369,-2.69265,0,0,5,60,0
5,47,295,5,2,-111.732,-114.781,-12.6212,-15.6704,-3.04926,0,0,5,60,0
5,48,300,5,2,-111.519,-114.928,-12.5037,-15.912,-3.40836,0,0,5,60,0
5,49,305,5,2,-111.301,-115.072,-12.3915,-16.1619,-3.77042,0,0,5,60,0
5,50,310,5,2,-111.078,-115.214,-12.2846,-16.4203,-4.13565,0,0,5,60,0
5,51,315,5,2,-110.849,-115.353,-12.1828,-16.6874,-4.50455,0,0,5,60,0
5,52,320,5,2,-110.613,-115.49,-12.086,-16.9634,-4.87739,0,0,5,60,0
5,53,325,5,2,-110.371,-115.626,-11.9939,-17.2486,-5.25472,0,0,5,60,0
5,54,330,5,2,-110.122,-115.759,-11.9066,-17.5434,-5.63682,0,0,5,60,0
5,55,335,5,2,-109.866,-115.89,-11.8237,-17.848,-6.02432,0,0,5,60,0
5,56,340,5,2,-109.602,-116.019,-11.7452,-18.1628,-6.41757,0,0,5,60,0
5,57,345,5,2,-109.329,-116.146,-11.671,-18.4882,-6.81727,0,0,5,60,0
5,58,350,5,2,-109.048,-116.272,-11.6008,-18.8246,-7.22384,0,0,5,60,0
6,1,75,5,1,-102.807,-118.026,-10.9357,-26.1543,-15.2186,0,0,5,70,0
6,2,80,5,1,-103.372,-117.923,-10.9588,-25.5103,-14.5515,0,0,5,70,0
6,3,85,5,1,-103.903,-117.82,-10.984,-24.9013,-13.9173,0,0,5,70,0
6,4,90,5,1,-104.403,-117.715,-11.0115,-24.3236,-13.3121,0,0,5,70,0
6,5,95,5,1,-104.876,-117.609,-11.0413,-23.774,-12.7327,0,0,5,70,0
6,6,100,5,1,-105.325,-117.501,-11.0737,-23.2499,-12.1762,0,0,5,70,0
6,7,105,5,1,-105.752,-117.393,-11.1087,-22.7489,-11.6403,0,0,5,70,0
6,8,110,5,1,-106.16,-117.282,-11.1464,-22.2692,-11.1229,0,0,5,70,0
6,9,115,5,1,-106.549,-117.171,-11.1869,-21.8091,-10.6222,0,0,5,70,0
6,10,120,5,1,-106.921,-117.058,-11.2303,-21.367,-10.1367,0,0,5,70,0
6,11,125,5,1,-107.278,-116.943,-11.2769,-20.9418,-9.66488,0,0,5,70,0
6,12,130,5,1,-107.622,-116.827,-11.3266,-20.5323,-9.20562,0,0,5,70,0
6,13,135,5,1,-107.952,-116.71,-11.3797,-20.1375,-8.75778,0,0,5,70,0
6,14,140,5,1,-108.27,-116.59,-11.4363,-19.7567,-8.32037,0,0,5,70,0
6,15,145,5,1,-108.577,-116.469,-11.4964,-19.3889,-7.89251,0,0,5,70,0
6,16,150,5,1,-108.873,-116.347,-11.5603,-19.0337,-7.47339,0,0,5,70,0
6,17,155,5,1,-109.16,-116.222,-11.6281,-18.6903,-7.06227,0,0,5,70,0
6,18,160,5,1,-109.438,-116.096,-11.6998,-18.3583,-6.65848,0,0,5,70,0
6,19,165,5,1,-109.707,-115.968,-11.7757,-18.0371,-6.26141,0,0,5,70,0
6,20,170,5,1,-109.968,-115.838,-11.8559,-17.7264,-5.87049,0,0,5,70,0
6,21,175,5,1,-110.221,-115.706,-11.9405,-17.4257,-5.48519,0,0,5,70,0
6,22,180,5,1,-110.467,-115.572,-12.0298,-17.1348,-5.10502,0,0,5,70,0
6,23,185,5,1,-110.707,-115.436,-12.1237,-16.8532,-4.72953,0,0,5,70,0
6,24,190,5,1,-110.94,-115.298,-12.2225,-16.5808,-4.35829,0,0,5,70,0
6,25,195,5,1,-111.167,-115.158,-12.3263,-16.3172,-3.99089,0,0,5,70,0
6,26,200,5,1,-111.388,-115.015,-12.4352,-16.0622,-3.62695,0,0,5,70,0
6,27,205,5,1,-111.604,-114.87,-12.5495,-15.8156,-3.26612,0,0,5,70,0
6,28,210,5,1,-111.814,-114.722,-12.6691,-15.5772,-2.90803,0,0,5,70,0
6,29,215,5,1,-112.02,-114.572,-12.7944,-15.3468,-2.55237,0,0,5,70,0
6,30,220,5,1,-112.221,-114.419,-12.9254,-15.1242,-2.19882,0,0,5,70,0
6,31,225,5,1,-112.417,-114.264,-13.0622,-14.9093,-1.84706,0,0,5,70,0
6,32,230,5,1,-112.609,-114.106,-13.205,-14.7018,-1.4968,0,0,5,70,0
6,33,235,5,1,-112.797,-113.944,-13.354,-14.5017,-1.14775,0,0,5,70,0
6,34,240,5,1,-112.98,-113.78,-13.5092,-14.3088,-0.799612,0,0,5,70,0
6,35,245,5,1,-113.16,-113.612,-13.6708,-14.123,-0.452116,0,0,5,70,0
6,36,250,5,1,-113.337,-113.442,-13.839,-13.944,-0.10498,0,0,5,70,0
6,37,255,5,1,-113.51,-113.267,-14.0139,-13.7718,0.242073,0,0,5,70,0
6,38,260,5,1,-113.679,-113.09,-14.1955,-13.6062,0.589318,0,0,5,70,0
6,39,265,5,1,-113.845,-112.908,-14.3842,-13.4471,0.937034,0,0,5,70,0
6,40,270,5,1,-114.008,-112.723,-14.5799,-13.2944,1.2855,0,0,5,70,1
6,41,275,5,2,-112.533,-114.168,-13.1479,-14.7829,-1.63499,1,2,5,70,0
6,42,280,5,2,-112.34,-114.326,-13.0074,-14.9933,-1.98587,0,0,5,70,0
6,43,285,5,2,-112.142,-114.48,-12.8729,-15.2112,-2.33833,0,0,5,70,0
6,44,290,5,2,-111.939,-114.632,-12.7442,-15.4369,-2.69265,0,0,5,70,0
6,45,295,5,2,-111.732,-114.781,-12.6212,-15.6704,-3.04926,0,0,5,70,0
6,46,300,5,2,-111.519,-114.928,-12.5037,-15.912,-3.40836,0,0,5,70,0
6,47,305,5,2,-111.301,-115.072,-12.3915,-16.1619,-3.77042,0,0,5,70,0
6,48,310,5,2,-111.078,-115.214,-12.2846,-16.4203,-4.13565,0,0,5,70,0
6,49,315,5,2,-110.849,-115.353,-12.1828,-16.6874,-4.50455,0,0,5,70,0
6,50,320,5,2,-110.613,-115.49,-12.086,-16.9634,-4.87739,0,0,5,70,0
6,51,325,5,2,-110.371,-115.626,-11.9939,-17.2486,-5.25472,0,0,5,70,0
6,52,330,5,2,-110.122,-115.759,-11.9066,-17.5434,-5.63682,0,0,5,70,0
6,53,335,5,2,-109.866,-115.89,-11.8237,-17.848,-6.02432,0,0,5,70,0
6,54,340,5,2,-109.602,-116.019,-11.7452,-18.1628,-6.41757,0,0,5,70,0
6,55,345,5,2,-109.329,-116.146,-11.671,-18.4882,-6.81727,0,0,5,70,0
6,56,350,5,2,-109.048,-116.272,-11.6008,-18.8246,-7.22384,0,0,5,70,0
6,57,355,5,2,-108.757,-116.395,-11.5346,-19.1727,-7.63808,0,0,5,70,0
6,58,360,5,2,-108.457,-116.517,-11.4722,-19.5327,-8.06052,0,0,5,70,0
7,1,85,5,1,-103.903,-117.82,-10.984,-24.9013,-13.9173,0,0,5,80,0
7,2,90,5,1,-104.403,-117.715,-11.0115,-24.3236,-13.3121,0,0,5,80,0
7,3,95,5,1,-104.876,-117.609,-11.0413,-23.774,-12.7327,0,0,5,80,0
7,4,100,5,1,-105.325,-117.501,-11.0737,-23.2499,-12.1762,0,0,5,80,0
7,5,105,5,1,-105.752,-117.393,-11.1087,-22.7489,-11.6403,0,0,5,80,0
7,6,110,5,1,-106.16,-117.282,-11.1464,-22.2692,-11.1229,0,0,5,80,0
7,7,115,5,1,-106.549,-117.171,-11.1869,-21.8091,-10.6222,0,0,5,80,0
7,8,120,5,1,-106.921,-117.058,-11.2303,-21.367,-10.1367,0,0,5,80,0
7,9,125,5,1,-107.278,-116.943,-11.2769,-20.9418,-9.66488,0,0,5,80,0
7,10,130,5,1,-107.622,-116.827,-11.3266,-20.5323,-9.20562,0,0,5,80,0
7,11,135,5,1,-107.952,-116.71,-11.3797,-20.1375,-8.75778,0,0,5,80,0
7,12,140,5,1,-108.27,-116.59,-11.4363,-19.7567,-8.32037,0,0,5,80,0
7,13,145,5,1,-108.577,-116.469,-11.4964,-19.3889,-7.89251,0,0,5,80,0
7,14,150,5,1,-108.873,-116.347,-11.5603,-19.0337,-7.47339,0,0,5,80,0
7,15,155,5,1,-109.16,-116.222,-11.6281,-18.6903,-7.06227,0,0,5,80,0
7,16,160,5,1,-109.438,-116.096,-11.6998,-18.3583,-6.65848,0,0,5,80,0
7,17,165,5,1,-109.707,-115.968,-11.7757,-18.0371,-6.26141,0,0,5,80,0
7,18,170,5,1,-109.968,-115.838,-11.8559,-17.7264,-5.87049,0,0,5,80,0
7,19,175,5,1,-110.221,-115.706,-11.9405,-17.4257,-5.48519,0,0,5,80,0
7,20,180,5,1,-110.467,-115.572,-12.0298,-17.1348,-5.10502,0,0,5,80,0
7,21,185,5,1,-110.707,-115.436,-12.1237,-16.8532,-4.72953,0,0,5,80,0
7,22,190,5,1,-110.94,-115.298,-12.2225,-16.5808,-4.35829,0,0,5,80,0
7,23,195,5,1,-111.167,-115.158,-12.3263,-16.3172,-3.99089,0,0,5,80,0
7,24,200,5,1,-111.388,-115.015,-12.4352,-16.0622,-3.62695,0,0,5,80,0
7,25,205,5,1,-111.604,-114.87,-12.5495,-15.8156,-3.26612,0,0,5,80,0
7,26,210,5,1,-111.814,-114.722,-12.6691,-15.5772,-2.90803,0,0,5,80,0
7,27,215,5,1,-112.02,-114.572,-12.7944,-15.3468,-2.55237,0,0,5,80,0
7,28,220,5,1,-112.221,-114.419,-12.9254,-15.1242,-2.19882,0,0,5,80,0
7,29,225,5,1,-112.417,-114.264,-13.0622,-14.9093,-1.84706,0,0,5,80,0
7,30,230,5,1,-112.609,-114.106,-13.205,-14.7018,-1.4968,0,0,5,80,0
7,31,235,5,1,-112.797,-113.944,-13.354,-14.5017,-1.14775,0,0,5,80,0
7,32,240,5,1,-112.98,-113.78,-13.5092,-14.3088,-0.799612,0,0,5,80,0
7,33,245,5,1,-113.16,-113.612,-13.6708,-14.123,-0.452116,0,0,5,80,0
7,34,250,5,1,-113.337,-113.442,-13.839,-13.944,-0.10498,0,0,5,80,0
7,35,255,5,1,-113.51,-113.267,-14.0139,-13.7718,0.242073,0,0,5,80,0
7,36,260,5,1,-113.679,-113.09,-14.1955,-13.6062,0.589318,0,0,5,80,0
7,37,265,5,1,-113.845,-112.908,-14.3842,-13.4471,0.937034,0,0,5,80,0
7,38,270,5,1,-114.008,-112.723,-14.5799,-13.2944,1.2855,0,0,5,80,1
7,39,275,5,2,-112.533,-114.168,-13.1479,-14.7829,-1.63499,1,2,5,80,0
7,40,280,5,2,-112.34,-114.326,-13.0074,-14.9933,-1.98587,0,0,5,80,0
7,41,285,5,2,-112.142,-114.48,-12.8729,-15.2112,-2.33833,0,0,5,80,0
7,42,290,5,2,-111.939,-114.632,-12.7442,-15.4369,-2.69265,0,0,5,80,0
7,43,295,5,2,-111.732,-114.781,-12.6212,-15.6704,-3.04926,0,0,5,80,0
7,44,300,5,2,-111.519,-114.928,-12.5037,-15.912,-3.40836,0,0,5,80,0
7,45,305,5,2,-111.301,-115.072,-12.3915,-16.1619,-3.77042,0,0,5,80,0
7,46,310,5,2,-111.078,-115.214,-12.2846,-16.4203,-4.13565,0,0,5,80,0
7,47,315,5,2,-110.849,-115.353,-12.1828,-16.6874,-4.50455,0,0,5,80,0
7,48,320,5,2,-110.613,-115.49,-12.086,-16.9634,-4.87739,0,0,5,80,0
7,49,325,5,2,-110.371,-115.626,-11.9939,-17.2486,-5.25472,0,0,5,80,0
7,50,330,5,2,-110.122,-115.759,-11.9066,-17.5434,-5.63682,0,0,5,80,0
7,51,335,5,2,-109.866,-115.89,-11.8237,-17.848,-6.02432,0,0,5,80,0
7,52,340,5,2,-109.602,-116.019,-11.7452,-18.1628,-6.41757,0,0,5,80,0
7,53,345,5,2,-109.329,-116.146,-11.671,-18.4882,-6.81727,0,0,5,80,0
7,54,350,5,2,-109.048,-116.272,-11.6008,-18.8246,-7.22384,0,0,5,80,0
7,55,355,5,2,-108.757,-116.395,-11.5346,-19.1727,-7.63808,0,0,5,80,0
7,56,360,5,2,-108.457,-116.517,-11.4722,-19.5327,-8.06052,0,0,5,80,0
7,57,365,5,2,-108.146,-116.638,-11.4135,-19.9056,-8.4921,0,0,5,80,0
7,58,370,5,2,-107.823,-116.756,-11.3583,-20.2918,-8.93347,0,0,5,80,0
8,1,95,5,1,-104.876,-117.609,-11.0413,-23.774,-12.7327,0,0,5,90,0
8,2,100,5,1,-105.325,-117.501,-11.0737,-23.2499,-12.1762,0,0,5,90,0
8,3,105,5,1,-105.752,-117.393,-11.1087,-22.7489,-11.6403,0,0,5,90,0
8,4,110,5,1,-106.16,-117.282,-11.1464,-22.2692,-11.1229,0,0,5,90,0
8,5,115,5,1,-106.549,-117.171,-11.1869,-21.8091,-10.6222,0,0,5,90,0
8,6,120,5,1,-106.921,-117.058,-11.2303,-21.367,-10.1367,0,0,5,90,0
8,7,125,5,1,-107.278,-116.943,-11.2769,-20.9418,-9.66488,0,0,5,90,0
8,8,130,5,1,-107.622,-116.827,-11.3266,-20.5323,-9.20562,0,0,5,90,0
8,9,135,5,1,-107.952,-116.71,-11.3797,-20.1375,-8.75778,0,0,5,90,0
8,10,140,5,1,-108.27,-116.59,-11.4363,-19.7567,-8.32037,0,0,5,90,0
8,11,145,5,1,-108.577,-116.469,-11.4964,-19.3889,-7.89251,0,0,5,90,0
8,12,150,5,1,-108.873,-116.347,-11.5603,-19.0337,-7.47339,0,0,5,90,0
8,13,155,5,1,-109.16,-116.222,-11.6281,-18.6903,-7.06227,0,0,5,90,0
8,14,160,5,1,-109.438,-116.096,-11.6998,-18.3583,-6.65848,0,0,5,90,0
8,15,165,5,1,-109.707,-115.968,-11.7757,-18.0371,-6.26141,0,0,5,90,0
8,16,170,5,1,-109.968,-115.838,-11.8559,-17.7264,-5.87049,0,0,5,90,0
8,17,175,5,1,-110.221,-115.706,-11.9405,-17.4257,-5.48519,0,0,5,90,0
8,18,180,5,1,-110.467,-115.572,-12.0298,-17.1348,-5.10502,0,0,5,90,0
8,19,185,5,1,-110.707,-115.436,-12.1237,-16.8532,-4.72953,0,0,5,90,0
8,20,190,5,1,-110.94,-115.298,-12.2225,-16.5808,-4.35829,0,0,5,90,0
8,21,195,5,1,-111.167,-115.158,-12.3263,-16.3172,-3.99089,0,0,5,90,0
8,22,200,5,1,-111.388,-115.015,-12.4352,-16.0622,-3.62695,0,0,5,90,0
8,23,205,5,1,-111.604,-114.87,-12.5495,-15.8156,-3.26612,0,0,5,90,0
8,24,210,5,1,-111.814,-114.722,-12.6691,-15.5772,-2.90803,0,0,5,90,0
8,25,215,5,1,-112.02,-114.572,-12.7944,-15.3468,-2.55237,0,0,5,90,0
8,26,220,5,1,-112.221,-114.419,-12.9254,-15.1242,-2.19882,0,0,5,90,0
8,27,225,5,1,-112.417,-114.264,-13.0622,-14.9093,-1.84706,0,0,5,90,0
8,28,230,5,1,-112.609,-114.106,-13.205,-14.7018,-1.4968,0,0,5,90,0
8,29,235,5,1,-112.797,-113.944,-13.354,-14.5017,-1.14775,0,0,5,90,0
8,30,240,5,1,-112.98,-113.78,-13.5092,-14.3088,-0.799612,0,0,5,90,0
8,31,245,5,1,-113.16,-113.612,-13.6708,-14.123,-0.452116,0,0,5,90,0
8,32,250,5,1,-113.337,-113.442,-13.839,-13.944,-0.10498,0,0,5,90,0
8,33,255,5,1,-113.51,-113.267,-14.0139,-13.7718,0.242073,0,0,5,90,0
8,34,260,5,1,-113.679,-113.09,-14.1955,-13.6062,0.589318,0,0,5,90,0
8,35,265,5,1,-113.845,-112.908,-14.3842,-13.4471,0.937034,0,0,5,90,0
8,36,270,5,1,-114.008,-112.723,-14.5799,-13.2944,1.2855,0,0,5,90,1
8,37,275,5,2,-112.533,-114.168,-13.1479,-14.7829,-1.63499,1,2,5,90,0
8,38,280,5,2,-112.34,-114.326,-13.0074,-14.9933,-1.98587,0,0,5,90,0
8,39,285,5,2,-112.142,-114.48,-12.8729,-15.2112,-2.33833,0,0,5,90,0
8,40,290,5,2,-111.939,-114.632,-12.7442,-15.4369,-2.69265,0,0,5,90,0
8,41,295,5,2,-111.732,-114.781,-12.6212,-15.6704,-3.04926,0,0,5,90,0
8,42,300,5,2,-111.519,-114.928,-12.5037,-15.912,-3.40836,0,0,5,90,0
8,43,305,5,2,-111.301,-115.072,-12.3915,-16.1619,-3.77042,0,0,5,90,0
8,44,310,5,2,-111.078,-115.214,-12.2846,-16.4203,-4.13565,0,0,5,90,0
8,45,315,5,2,-110.849,-115.353,-12.1828,-16.6874,-4.50455,0,0,5,90,0
8,46,320,5,2,-110.613,-115.49,-12.086,-16.9634,-4.87739,0,0,5,90,0
8,47,325,5,2,-110.371,-115.626,-11.9939,-17.2486,-5.25472,0,0,5,90,0
8,48,330,5,2,-110.122,-115.759,-11.9066,-17.5434,-5.63682,0,0,5,90,0
8,49,335,5,2,-109.866,-115.89,-11.8237,-17.848,-6.02432,0,0,5,90,0
8,50,340,5,2,-109.602,-116.019,-11.7452,-18.1628,-6.41757,0,0,5,90,0
8,51,345,5,2,-109.329,-116.146,-11.671,-18.4882,-6.81727,0,0,5,90,0
8,52,350,5,2,-109.048,-116.272,-11.6008,-18.8246,-7.22384,0,0,5,90,0
8,53,355,5,2,-108.757,-116.395,-11.5346,-19.1727,-7.63808,0,0,5,90,0
8,54,360,5,2,-108.457,-116.517,-11.4722,-19.5327,-8.06052,0,0,5,90,0
8,55,365,5,2,-108.146,-116.638,-11.4135,-19.9056,-8.4921,0,0,5,90,0
8,56,370,5,2,-107.823,-116.756,-11.3583,-20.2918,-8.93347,0,0,5,90,0
8,57,375,5,2,-107.488,-116.873,-11.3066,-20.6923,-9.38576,0,0,5,90,0
8,58,380,5,2,-107.139,-116.989,-11.2581,-21.1079,-9.84978,0,0,5,90,0
9,1,105,5,1,-105.752,-117.393,-11.1087,-22.7489,-11.6403,0,0,5,100,0
9,2,110,5,1,-106.16,-117.282,-11.1464,-22.2692,-11.1229,0,0,5,100,0
9,3,115,5,1,-106.549,-117.171,-11.1869,-21.8091,-10.6222,0,0,5,100,0
9,4,120,5,1,-106.921,-117.058,-11.2303,-21.367,-10.1367,0,0,5,100,0
9,5,125,5,1,-107.278,-116.943,-11.2769,-20.9418,-9.66488,0,0,5,100,0
9,6,130,5,1,-107.622,-116.827,-11.3266,-20.5323,-9.20562,0,0,5,100,0
9,7,135,5,1,-107.952,-116.71,-11.3797,-20.1375,-8.75778,0,0,5,100,0
9,8,140,5,1,-108.27,-116.59,-11.4363,-19.7567,-8.32037,0,0,5,100,0
9,9,145,5,1,-108.577,-116.469,-11.4964,-19.3889,-7.89251,0,0,5,100,0
9,10,150,5,1,-108.873,-116.347,-11.5603,-19.0337,-7.47339,0,0,5,100,0
9,11,155,5,1,-109.16,-116.222,-11.6281,-18.6903,-7.06227,0,0,5,100,0
9,12,160,5,1,-109.438,-116.096,-11.6998,-18.3583,-6.65848,0,0,5,100,0
9,13,165,5,1,-109.707,-115.968,-11.7757,-18.0371,-6.26141,0,0,5,100,0
9,14,170,5,1,-109.968,-115.838,-11.8559,-17.7264,-5.87049,0,0,5,100,0
9,15,175,5,1,-110.221,-115.706,-11.9405,-17.4257,-5.48519,0,0,5,100,0
9,16,180,5,1,-110.467,-115.572,-12.0298,-17.1348,-5.10502,0,0,5,100,0
9,17,185,5,1,-110.707,-115.436,-12.1237,-16.8532,-4.72953,0,0,5,100,0
9,18,190,5,1,-110.94,-115.298,-12.2225,-16.5808,-4.35829,0,0,5,100,0
9,19,195,5,1,-111.167,-115.158,-12.3263,-16.3172,-3.99089,0,0,5,100,0
9,20,200,5,1,-111.388,-115.015,-12.4352,-16.0622,-3.62695,0,0,5,100,0
9,21,205,5,1,-111.604,-114.87,-12.5495,-15.8156,-3.26612,0,0,5,100,0
9,22,210,5,1,-111.814,-114.722,-12.6691,-15.5772,-2.90803,0,0,5,100,0
9,23,215,5,1,-112.02,-114.572,-12.7944,-15.3468,-2.55237,0,0,5,100,0
9,24,220,5,1,-112.221,-114.419,-12.9254,-15.1242,-2.19882,0,0,5,100,0
9,25,225,5,1,-112.417,-114.264,-13.0622,-14.9093,-1.84706,0,0,5,100,0
9,26,230,5,1,-112.609,-114.106,-13.205,-14.7018,-1.4968,0,0,5,100,0
9,27,235,5,1,-112.797,-113.944,-13.354,-14.5017,-1.14775,0,0,5,100,0
9,28,240,5,1,-112.98,-113.78,-13.5092,-14.3088,-0.799612,0,0,5,100,0
9,29,245,5,1,-113.16,-113.612,-13.6708,-14.123,-0.452116,0,0,5,100,0
9,30,250,5,1,-113.337,-113.442,-13.839,-13.944,-0.10498,0,0,5,100,0
9,31,255,5,1,-113.51,-113.267,-14.0139,-13.7718,0.242073,0,0,5,100,0
9,32,260,5,1,-113.679,-113.09,-14.1955,-13.6062,0.589318,0,0,5,100,0
9,33,265,5,1,-113.845,-112.908,-14.3842,-13.4471,0.937034,0,0,5,100,0
9,34,270,5,1,-114.008,-112.723,-14.5799,-13.2944,1.2855,0,0,5,100,1
9,35,275,5,2,-112.533,-114.168,-13.1479,-14.7829,-1.63499,1,2,5,100,0
9,36,280,5,2,-112.34,-114.326,-13.0074,-14.9933,-1.98587,0,0,5,100,0
9,37,285,5,2,-112.142,-114.48,-12.8729,-15.2112,-2.33833,0,0,5,100,0
9,38,290,5,2,-111.939,-114.632,-12.7442,-15.4369,-2.69265,0,0,5,100,0
9,39,295,5,2,-111.732,-114.781,-12.6212,-15.6704,-3.04926,0,0,5,100,0
9,40,300,5,2,-111.519,-114.928,-12.5037,-15.912,-3.40836,0,0,5,100,0
9,41,305,5,2,-111.301,-115.072,-12.3915,-16.1619,-3.77042,0,0,5,100,0
9,42,310,5,2,-111.078,-115.214,-12.2846,-16.4203,-4.13565,0,0,5,100,0
9,43,315,5,2,-110.849,-115.353,-12.1828,-16.6874,-4.50455,0,0,5,100,0
9,44,320,5,2,-110.613,-115.49,-12.086,-16.9634,-4.87739,0,0,5,100,0
9,45,325,5,2,-110.371,-115.626,-11.9939,-17.2486,-5.25472,0,0,5,100,0
9,46,330,5,2,-110.122,-115.759,-11.9066,-17.5434,-5.63682,0,0,5,100,0
9,47,335,5,2,-109.866,-115.89,-11.8237,-17.848,-6.02432,0,0,5,100,0
9,48,340,5,2,-109.602,-116.019,-11.7452,-18.1628,-6.41757,0,0,5,100,0
9,49,345,5,2,-109.329,-116.146,-11.671,-18.4882,-6.81727,0,0,5,100,0
9,50,350,5,2,-109.048,-116.272,-11.6008,-18.8246,-7.22384,0,0,5,100,0
9,51,355,5,2,-108.757,-116.395,-11.5346,-19.1727,-7.63808,0,0,5,100,0
9,52,360,5,2,-108.457,-116.517,-11.4722,-19.5327,-8.06052,0,0,5,100,0
9,53,365,5,2,-108.146,-116.638,-11.4135,-19.9056,-8.4921,0,0,5,100,0
9,54,370,5,2,-107.823,-116.756,-11.3583,-20.2918,-8.93347,0,0,5,100,0
9,55,375,5,2,-107.488,-116.873,-11.3066,-20.6923,-9.38576,0,0,5,100,0
9,56,380,5,2,-107.139,-116.989,-11.2581,-21.1079,-9.84978,0,0,5,100,0
9,57,385,5,2,-106.776,-117.103,-11.2128,-21.5397,-10.3269,0,0,5,100,0
9,58,390,5,2,-106.397,-117.215,-11.1705,-21.9887,-10.8182,0,0,5,100,0
10,1,26,6,1,-93.6002,-118.976,-10.8063,-36.1817,-25.3754,0,0,6,20,0
10,2,32,6,1,-95.3513,-118.865,-10.8139,-34.3281,-23.5142,0,0,6,20,0
10,3,38,6,1,-96.8283,-118.754,-10.8235,-32.7491,-21.9256,0,0,6,20,0
10,4,44,6,1,-98.1007,-118.641,-10.8353,-31.3754,-20.5401,0,0,6,20,0
10,5,50,6,1,-99.2162,-118.526,-10.8492,-30.1593,-19.31,0,0,6,20,0
10,6,56,6,1,-100.208,-118.41,-10.8655,-29.0675,-18.202,0,0,6,20,0
10,7,62,6,1,-101.101,-118.293,-10.8844,-28.0762,-17.1919,0,0,6,20,0
10,8,68,6,1,-101.911,-118.173,-10.9058,-27.1677,-16.2619,0,0,6,20,0
10,9,74,6,1,-102.654,-118.052,-10.9301,-26.3285,-15.3984,0,0,6,20,0
10,10,80,6,1,-103.339,-117.93,-10.9573,-25.5483,-14.5909,0,0,6,20,0
10,11,86,6,1,-103.974,-117.805,-10.9877,-24.8189,-13.8313,0,0,6,20,0
10,12,92,6,1,-104.566,-117.679,-11.0213,-24.134,-13.1127,0,0,6,20,0
10,13,98,6,1,-105.121,-117.551,-11.0585,-23.4883,-12.4298,0,0,6,20,0
10,14,104,6,1,-105.643,-117.421,-11.0993,-22.8774,-11.7781,0,0,6,20,0
10,15,110,6,1,-106.135,-117.289,-11.144,-22.2977,-11.1537,0,0,6,20,0
10,16,116,6,1,-106.602,-117.155,-11.1928,-21.7464,-10.5536,0,0,6,20,0
10,17,122,6,1,-107.044,-117.019,-11.2458,-21.2208,-9.97504,0,0,6,20,0
10,18,128,6,1,-107.465,-116.881,-11.3033,-20.719,-9.41565,0,0,6,20,0
10,19,134,6,1,-107.867,-116.74,-11.3656,-20.239,-8.87342,0,0,6,20,0
10,20,140,6,1,-108.251,-116.598,-11.4328,-19.7793,-8.34658,0,0,6,20,0
10,21,146,6,1,-108.619,-116.452,-11.5051,-19.3387,-7.83356,0,0,6,20,0
10,22,152,6,1,-108.972,-116.305,-11.5829,-18.9158,-7.33297,0,0,6,20,0
10,23,158,6,1,-109.311,-116.155,-11.6663,-18.5098,-6.84357,0,0,6,20,0
10,24,164,6,1,-109.638,-116.002,-11.7555,-18.1198,-6.36425,0,0,6,20,0
10,25,170,6,1,-109.952,-115.846,-11.8509,-17.7449,-5.89399,0,0,6,20,0
10,26,176,6,1,-110.256,-115.688,-11.9527,-17.3846,-5.43187,0,0,6,20,0
10,27,182,6,1,-110.549,-115.527,-12.0611,-17.0381,-4.97705,0,0,6,20,0
10,28,188,6,1,-110.833,-115.362,-12.1764,-16.7051,-4.52875,0,0,6,20,0
10,29,194,6,1,-111.108,-115.195,-12.2987,-16.385,-4.08625,0,0,6,20,0
10,30,200,6,1,-111.375,-115.024,-12.4285,-16.0774,-3.64889,0,0,6,20,0
10,31,206,6,1,-111.633,-114.849,-12.5658,-15.7818,-3.21601,0,0,6,20,0
10,32,212,6,1,-111.885,-114.672,-12.711,-15.4981,-2.78704,0,0,6,20,0
10,33,218,6,1,-112.129,-114.49,-12.8643,-15.2257,-2.36139,0,0,6,20,0
10,34,224,6,1,-112.366,-114.305,-13.026,-14.9645,-1.93854,0,0,6,20,0
10,35,230,6,1,-112.597,-114.115,-13.1962,-14.7142,-1.51796,0,0,6,20,0
10,36,236,6,1,-112.822,-113.922,-13.3753,-14.4744,-1.09914,0,0,6,20,0
10,37,242,6,1,-113.042,-113.723,-13.5634,-14.2449,-0.681581,0,0,6,20,0
10,38,248,6,1,-113.256,-113.521,-13.7607,-14.0256,-0.264809,0,0,6,20,0
10,39,254,6,1,-113.465,-113.313,-13.9677,-13.816,0.151659,0,0,6,20,0
10,40,260,6,1,-113.669,-113.101,-14.1844,-13.6161,0.568301,0,0,6,20,0
10,41,266,6,1,-113.868,-112.883,-14.411,-13.4255,0.985595,0,0,6,20,0
10,42,272,6,1,-114.063,-112.659,-14.648,-13.244,1.40402,0,0,6,20,1
10,43,278,6,2,-112.429,-114.254,-13.0713,-14.8955,-1.82419,1,2,6,20,0
10,44,284,6,2,-112.194,-114.44,-12.9074,-15.1537,-2.24634,0,0,6,20,0
10,45,290,6,2,-111.951,-114.623,-12.7518,-15.423,-2.67121,0,0,6,20,0
10,46,296,6,2,-111.702,-114.802,-12.6045,-15.7037,-3.09919,0,0,6,20,0
10,47,302,6,2,-111.446,-114.977,-12.465,-15.996,-3.53099,0,0,6,20,0
10,48,308,6,2,-111.181,-115.149,-12.3332,-16.3003,-3.96704,0,0,6,20,0
10,49,314,6,2,-110.909,-115.317,-12.2089,-16.617,-4.40812,0,0,6,20,0
10,50,320,6,2,-110.627,-115.482,-12.0917,-16.9464,-4.85474,0,0,6,20,0
10,51,326,6,2,-110.337,-115.644,-11.9815,-17.2892,-5.30776,0,0,6,20,0
10,52,332,6,2,-110.036,-115.804,-11.8779,-17.6457,-5.76777,0,0,6,20,0
10,53,338,6,2,-109.724,-115.96,-11.7808,-18.0166,-6.23578,0,0,6,20,0
10,54,344,6,2,-109.401,-116.113,-11.6899,-18.4024,-6.7125,0,0,6,20,0
10,55,350,6,2,-109.065,-116.264,-11.6049,-18.804,-7.19911,0,0,6,20,0
10,56,356,6,2,-108.716,-116.413,-11.5257,-19.2222,-7.6965,0,0,6,20,0
10,57,362,6,2,-108.352,-116.558,-11.4519,-19.6579,-8.20607,0,0,6,20,0
10,58,368,6,2,-107.973,-116.702,-11.3833,-20.1123,-8.72896,0,0,6,20,0
11,1,36,6,1,-96.3616,-118.791,-10.8201,-33.2497,-22.4296,0,0,6,30,0
11,2,42,6,1,-97.696,-118.679,-10.8311,-31.8138,-20.9826,0,0,6,30,0
11,3,48,6,1,-98.8595,-118.565,-10.8443,-30.5494,-19.7051,0,0,6,30,0
11,4,54,6,1,-99.8896,-118.449,-10.8598,-29.4193,-18.5594,0,0,6,30,0
11,5,60,6,1,-100.813,-118.332,-10.8778,-28.3967,-17.5189,0,0,6,30,0
11,6,66,6,1,-101.649,-118.213,-10.8984,-27.4622,-16.5639,0,0,6,30,0
11,7,72,6,1,-102.413,-118.093,-10.9217,-26.6012,-15.6795,0,0,6,30,0
11,8,78,6,1,-103.116,-117.971,-10.9479,-25.8023,-14.8544,0,0,6,30,0
11,9,84,6,1,-103.767,-117.847,-10.9772,-25.0568,-14.0796,0,0,6,30,0
11,10,90,6,1,-104.373,-117.721,-11.0097,-24.3578,-13.348,0,0,6,30,0
11,11,96,6,1,-104.94,-117.594,-11.0457,-23.6995,-12.6538,0,0,6,30,0
11,12,102,6,1,-105.473,-117.465,-11.0853,-23.0774,-11.9921,0,0,6,30,0
11,13,108,6,1,-105.974,-117.333,-11.1287,-22.4876,-11.359,0,0,6,30,0
11,14,114,6,1,-106.449,-117.2,-11.176,-21.9272,-10.7511,0,0,6,30,0
11,15,120,6,1,-106.899,-117.065,-11.2276,-21.3933,-10.1657,0,0,6,30,0
11,16,126,6,1,-107.327,-116.927,-11.2836,-20.8837,-9.60011,0,0,6,30,0
11,17,132,6,1,-107.735,-116.787,-11.3443,-20.3967,-9.05237,0,0,6,30,0
11,18,138,6,1,-108.125,-116.645,-11.4098,-19.9304,-8.52058,0,0,6,30,0
11,19,144,6,1,-108.498,-116.501,-11.4804,-19.4835,-8.00312,0,0,6,30,0
11,20,150,6,1,-108.856,-116.354,-11.5563,-19.0549,-7.49853,0,0,6,30,0
11,21,156,6,1,-109.199,-116.205,-11.6378,-18.6433,-7.00553,0,0,6,30,0
11,22,162,6,1,-109.53,-116.053,-11.7251,-18.2481,-6.52297,0,0,6,30,0
11,23,168,6,1,-109.849,-115.898,-11.8184,-17.8682,-6.04979,0,0,6,30,0
11,24,174,6,1,-110.156,-115.741,-11.9181,-17.5031,-5.58506,0,0,6,30,0
11,25,180,6,1,-110.453,-115.581,-12.0242,-17.1521,-5.12789,0,0,6,30,0
11,26,186,6,1,-110.74,-115.417,-12.1372,-16.8147,-4.67751,0,0,6,30,0
11,27,192,6,1,-111.018,-115.251,-12.2571,-16.4903,-4.23315,0,0,6,30,0
11,28,198,6,1,-111.287,-115.081,-12.3844,-16.1785,-3.79415,0,0,6,30,0
11,29,204,6,1,-111.548,-114.908,-12.5192,-15.879,-3.35984,0,0,6,30,0
11,30,210,6,1,-111.802,-114.731,-12.6617,-15.5914,-2.92963,0,0,6,30,0
11,31,216,6,1,-112.048,-114.551,-12.8123,-15.3153,-2.50294,0,0,6,30,0
11,32,222,6,1,-112.288,-114.367,-12.9712,-15.0504,-2.07922,0,0,6,30,0
11,33,228,6,1,-112.521,-114.179,-13.1385,-14.7964,-1.65793,0,0,6,30,0
11,34,234,6,1,-112.748,-113.987,-13.3146,-14.5532,-1.23858,0,0,6,30,0
11,35,240,6,1,-112.969,-113.79,-13.4996,-14.3203,-0.820655,0,0,6,30,0
11,36,246,6,1,-113.185,-113.589,-13.6939,-14.0976,-0.403676,0,0,6,30,0
11,37,252,6,1,-113.396,-113.383,-13.8976,-13.8848,0.0128403,0,0,6,30,0
11,38,258,6,1,-113.601,-113.172,-14.111,-13.6817,0.429371,0,0,6,30,0
11,39,264,6,1,-113.802,-112.956,-14.3344,-13.488,0.846395,0,0,6,30,0
11,40,270,6,1,-113.999,-112.734,-14.5679,-13.3035,1.26439,0,0,6,30,1
11,41,276,6,2,-112.506,-114.191,-13.1277,-14.8122,-1.68451,1,2,6,30,0
11,42,282,6,2,-112.273,-114.378,-12.9611,-15.0664,-2.10534,0,0,6,30,0
11,43,288,6,2,-112.033,-114.562,-12.8028,-15.332,-2.52927,0,0,6,30,0
11,44,294,6,2,-111.786,-114.742,-12.6527,-15.6088,-2.95613,0,0,6,30,0
11,45,300,6,2,-111.532,-114.919,-12.5106,-15.8972,-3.38662,0,0,6,30,0
11,46,306,6,2,-111.27,-115.092,-12.3763,-16.1975,-3.82116,0,0,6,30,0
11,47,312,6,2,-111.001,-115.261,-12.2495,-16.51,-4.26052,0,0,6,30,0
11,48,318,6,2,-110.722,-115.427,-12.13,-16.8352,-4.70518,0,0,6,30,0
11,49,324,6,2,-110.435,-115.591,-12.0174,-17.1735,-5.15602,0,0,6,30,0
11,50,330,6,2,-110.137,-115.751,-11.9117,-17.5253,-5.61358,0,0,6,30,0
11,51,336,6,2,-109.829,-115.908,-11.8125,-17.8913,-6.07886,0,0,6,30,0
11,52,342,6,2,-109.51,-116.063,-11.7195,-18.2721,-6.55254,0,0,6,30,0
11,53,348,6,2,-109.179,-116.214,-11.6326,-18.6684,-7.03577,0,0,6,30,0
11,54,354,6,2,-108.834,-116.363,-11.5515,-19.0809,-7.5294,0,0,6,30,0
11,55,360,6,2,-108.475,-116.51,-11.4759,-19.5107,-8.03481,0,0,6,30,0
11,56,366,6,2,-108.101,-116.654,-11.4056,-19.9587,-8.55306,0,0,6,30,0
11,57,372,6,2,-107.71,-116.796,-11.3404,-20.4262,-9.08585,0,0,6,30,0
11,58,378,6,2,-107.301,-116.936,-11.28,-20.9146,-9.63458,0,0,6,30,0
12,1,46,6,1,-98.4881,-118.603,-10.8397,-30.9544,-20.1147,0,0,6,40,0
12,2,52,6,1,-99.5592,-118.488,-10.8544,-29.7829,-18.9285,0,0,6,40,0
12,3,58,6,1,-100.516,-118.371,-10.8715,-28.7269,-17.8554,0,0,6,40,0
12,4,64,6,1,-101.379,-118.253,-10.8912,-27.7649,-16.8737,0,0,6,40,0
12,5,70,6,1,-102.166,-118.133,-10.9136,-26.8808,-15.9672,0,0,6,40,0
12,6,76,6,1,-102.888,-118.012,-10.9388,-26.0623,-15.1234,0,0,6,40,0
12,7,82,6,1,-103.556,-117.888,-10.9671,-25.2998,-14.3328,0,0,6,40,0
12,8,88,6,1,-104.176,-117.763,-10.9985,-24.586,-13.5875,0,0,6,40,0
12,9,94,6,1,-104.755,-117.637,-11.0333,-23.9147,-12.8813,0,0,6,40,0
12,10,100,6,1,-105.299,-117.508,-11.0717,-23.281,-12.2093,0,0,6,40,0
12,11,106,6,1,-105.81,-117.377,-11.1138,-22.6808,-11.5671,0,0,6,40,0
12,12,112,6,1,-106.294,-117.245,-11.1598,-22.1109,-10.9511,0,0,6,40,0
12,13,118,6,1,-106.752,-117.11,-11.2099,-21.5684,-10.3585,0,0,6,40,0
12,14,124,6,1,-107.187,-116.973,-11.2645,-21.051,-9.78655,0,0,6,40,0
12,15,130,6,1,-107.601,-116.834,-11.3235,-20.5566,-9.23309,0,0,6,40,0
12,16,136,6,1,-107.997,-116.693,-11.3874,-20.0836,-8.69618,0,0,6,40,0
12,17,142,6,1,-108.375,-116.55,-11.4563,-19.6304,-8.17411,0,0,6,40,0
12,18,148,6,1,-108.738,-116.404,-11.5304,-19.1958,-7.66538,0,0,6,40,0
12,19,154,6,1,-109.086,-116.255,-11.61,-18.7787,-7.16865,0,0,6,40,0
12,20,160,6,1,-109.421,-116.104,-11.6953,-18.3781,-6.68273,0,0,6,40,0
12,21,166,6,1,-109.744,-115.95,-11.7866,-17.9932,-6.20653,0,0,6,40,0
12,22,172,6,1,-110.055,-115.794,-11.8841,-17.6232,-5.73909,0,0,6,40,0
12,23,178,6,1,-110.355,-115.634,-11.9881,-17.2676,-5.27949,0,0,6,40,0
12,24,184,6,1,-110.645,-115.472,-12.0987,-16.9257,-4.82693,0,0,6,40,0
12,25,190,6,1,-110.926,-115.307,-12.2164,-16.597,-4.38064,0,0,6,40,0
12,26,196,6,1,-111.198,-115.138,-12.3412,-16.2811,-3.93993,0,0,6,40,0
12,27,202,6,1,-111.462,-114.966,-12.4734,-15.9775,-3.50412,0,0,6,40,0
12,28,208,6,1,-111.718,-114.791,-12.6133,-15.686,-3.07262,0,0,6,40,0
12,29,214,6,1,-111.967,-114.612,-12.7612,-15.406,-2.64481,0,0,6,40,0
12,30,220,6,1,-112.209,-114.429,-12.9173,-15.1374,-2.22016,0,0,6,40,0
12,31,226,6,1,-112.444,-114.242,-13.0818,-14.8799,-1.79812,0,0,6,40,0
12,32,232,6,1,-112.673,-114.051,-13.2549,-14.6331,-1.37818,0,0,6,40,0
12,33,238,6,1,-112.896,-113.856,-13.4369,-14.3968,-0.959834,0,0,6,40,0
12,34,244,6,1,-113.114,-113.656,-13.6281,-14.1707,-0.542594,0,0,6,40,0
12,35,250,6,1,-113.326,-113.452,-13.8287,-13.9546,-0.125976,0,0,6,40,0
12,36,256,6,1,-113.533,-113.243,-14.0388,-13.7483,0.290496,0,0,6,40,0
12,37,262,6,1,-113.736,-113.028,-14.2588,-13.5515,0.707302,0,0,6,40,0
12,38,268,6,1,-113.934,-112.809,-14.4889,-13.364,1.12492,0,0,6,40,0
12,39,274,6,1,-114.127,-112.583,-14.7293,-13.1855,1.54384,0,0,6,40,1
12,40,280,6,2,-112.352,-114.316,-13.0157,-14.9804,-1.96462,1,2,6,40,0
12,41,286,6,2,-112.114,-114.501,-12.8546,-15.2423,-2.38767,0,0,6,40,0
12,42,292,6,2,-111.869,-114.683,-12.7018,-15.5153,-2.81346,0,0,6,40,0
12,43,298,6,2,-111.618,-114.86,-12.5571,-15.7998,-3.2427,0,0,6,40,0
12,44,304,6,2,-111.359,-115.034,-12.4202,-16.096,-3.6758,0,0,6,40,0
12,45,310,6,2,-111.092,-115.205,-12.2909,-16.4045,-4.11351,0,0,6,40,0
12,46,316,6,2,-110.816,-115.372,-12.169,-16.7253,-4.55631,0,0,6,40,0
12,47,322,6,2,-110.532,-115.537,-12.0542,-17.0592,-5.00503,0,0,6,40,0
12,48,328,6,2,-110.237,-115.698,-11.9462,-17.4065,-5.46024,0,0,6,40,0
12,49,334,6,2,-109.933,-115.856,-11.8448,-17.7677,-5.92288,0,0,6,40,0
12,50,340,6,2,-109.618,-116.011,-11.7498,-18.1435,-6.39363,0,0,6,40,0
12,51,346,6,2,-109.29,-116.164,-11.6609,-18.5345,-6.8736,0,0,6,40,0
12,52,352,6,2,-108.95,-116.314,-11.5779,-18.9415,-7.36361,0,0,6,40,0
12,53,358,6,2,-108.597,-116.461,-11.5005,-19.3655,-7.86498,0,0,6,40,0
12,54,364,6,2,-108.228,-116.607,-11.4285,-19.8072,-8.37877,0,0,6,40,0
12,55,370,6,2,-107.843,-116.749,-11.3616,-20.2681,-8.90658,0,0,6,40,0
12,56,376,6,2,-107.44,-116.889,-11.2996,-20.7494,-9.44975,0,0,6,40,0
12,57,382,6,2,-107.017,-117.028,-11.2424,-21.2527,-10.0103,0,0,6,40,0
12,58,388,6,2,-106.573,-117.164,-11.1896,-21.7797,-10.5901,0,0,6,40,0
13,1,56,6,1,-100.208,-118.41,-10.8655,-29.0675,-18.202,0,0,6,50,0
13,2,62,6,1,-101.101,-118.293,-10.8844,-28.0762,-17.1919,0,0,6,50,0
13,3,68,6,1,-101.911,-118.173,-10.9058,-27.1677,-16.2619,0,0,6,50,0
13,4,74,6,1,-102.654,-118.052,-10.9301,-26.3285,-15.3984,0,0,6,50,0
13,5,80,6,1,-103.339,-117.93,-10.9573,-25.5483,-14.5909,0,0,6,50,0
13,6,86,6,1,-103.974,-117.805,-10.9877,-24.8189,-13.8313,0,0,6,50,0
13,7,92,6,1,-104.566,-117.679,-11.0213,-24.134,-13.1127,0,0,6,50,0
13,8,98,6,1,-105.121,-117.551,-11.0585,-23.4883,-12.4298,0,0,6,50,0
13,9,104,6,1,-105.643,-117.421,-11.0993,-22.8774,-11.7781,0,0,6,50,0
13,10,110,6,1,-106.135,-117.289,-11.144,-22.2977,-11.1537,0,0,6,50,0
13,11,116,6,1,-106.602,-117.155,-11.1928,-21.7464,-10.5536,0,0,6,50,0
13,12,122,6,1,-107.044,-117.019,-11.2458,-21.2208,-9.97504,0,0,6,50,0
13,13,128,6,1,-107.465,-116.881,-11.3033,-20.719,-9.41565,0,0,6,50,0
13,14,134,6,1,-107.867,-116.74,-11.3656,-20.239,-8.87342,0,0,6,50,0
13,15,140,6,1,-108.251,-116.598,-11.4328,-19.7793,-8.34658,0,0,6,50,0
13,16,146,6,1,-108.619,-116.452,-11.5051,-19.3387,-7.83356,0,0,6,50,0
13,17,152,6,1,-108.972,-116.305,-11.5829,-18.9158,-7.33297,0,0,6,50,0
13,18,158,6,1,-109.311,-116.155,-11.6663,-18.5098,-6.84357,0,0,6,50,0
13,19,164,6,1,-109.638,-116.002,-11.7555,-18.1198,-6.36425,0,0,6,50,0
13,20,170,6,1,-109.952,-115.846,-11.8509,-17.7449,-5.89399,0,0,6,50,0
13,21,176,6,1,-110.256,-115.688,-11.9527,-17.3846,-5.43187,0,0,6,50,0
13,22,182,6,1,-110.549,-115.527,-12.0611,-17.0381,-4.97705,0,0,6,50,0
13,23,188,6,1,-110.833,-115.362,-12.1764,-16.7051,-4.52875,0,0,6,50,0
13,24,194,6,1,-111.108,-115.195,-12.2987,-16.385,-4.08625,0,0,6,50,0
13,25,200,6,1,-111.375,-115.024,-12.4285,-16.0774,-3.64889,0,0,6,50,0
13,26,206,6,1,-111.633,-114.849,-12.5658,-15.7818,-3.21601,0,0,6,50,0
13,27,212,6,1,-111.885,-114.672,-12.711,-15.4981,-2.78704,0,0,6,50,0
13,28,218,6,1,-112.129,-114.49,-12.8643,-15.2257,-2.36139,0,0,6,50,0
13,29,224,6,1,-112.366,-114.305,-13.026,-14.9645,-1.93854,0,0,6,50,0
13,30,230,6,1,-112.597,-114.115,-13.1962,-14.7142,-1.51796,0,0,6,50,0
13,31,236,6,1,-112.822,-113.922,-13.3753,-14.4744,-1.09914,0,0,6,50,0
13,32,242,6,1,-113.042,-113.723,-13.5634,-14.2449,-0.681581,0,0,6,50,0
13,33,248,6,1,-113.256,-113.521,-13.7607,-14.0256,-0.264809,0,0,6,50,0
13,34,254,6,1,-113.465,-113.313,-13.9677,-13.816,0.151659,0,0,6,50,0
13,35,260,6,1,-113.669,-113.101,-14.1844,-13.6161,0.568301,0,0,6,50,0
13,36,266,6,1,-113.868,-112.883,-14.411,-13.4255,0.985595,0,0,6,50,0
13,37,272,6,1,-114.063,-112.659,-14.648,-13.244,1.40402,0,0,6,50,1
13,38,278,6,2,-112.429,-114.254,-13.0713,-14.8955,-1.82415,1,2,6,50,0
13,39,284,6,2,-112.194,-114.44,-12.9074,-15.1538,-2.24638,0,0,6,50,0
13,40,290,6,2,-111.952,-114.623,-12.7518,-15.423,-2.67117,0,0,6,50,0
13,41,296,6,2,-111.702,-114.802,-12.6045,-15.7037,-3.09923,0,0,6,50,0
13,42,302,6,2,-111.446,-114.977,-12.465,-15.996,-3.53095,0,0,6,50,0
13,43,308,6,2,-111.181,-115.149,-12.3332,-16.3003,-3.96708,0,0,6,50,0
13,44,314,6,2,-110.909,-115.317,-12.2089,-16.6169,-4.40808,0,0,6,50,0
13,45,320,6,2,-110.627,-115.482,-12.0917,-16.9465,-4.85478,0,0,6,50,0
13,46,326,6,2,-110.337,-115.644,-11.9815,-17.2892,-5.30771,0,0,6,50,0
13,47,332,6,2,-110.036,-115.804,-11.8779,-17.6457,-5.76782,0,0,6,50,0
13,48,338,6,2,-109.724,-115.96,-11.7808,-18.0165,-6.23573,0,0,6,50,0
13,49,344,6,2,-109.401,-116.113,-11.6899,-18.4024,-6.71255,0,0,6,50,0
13,50,350,6,2,-109.065,-116.264,-11.6049,-18.804,-7.19906,0,0,6,50,0
13,51,356,6,2,-108.716,-116.413,-11.5257,-19.2222,-7.69655,0,0,6,50,0
13,52,362,6,2,-108.352,-116.558,-11.4519,-19.6579,-8.20601,0,0,6,50,0
13,53,368,6,2,-107.973,-116.702,-11.3833,-20.1123,-8.72902,0,0,6,50,0
13,54,374,6,2,-107.576,-116.843,-11.3197,-20.5866,-9.26685,0,0,6,50,0
13,55,380,6,2,-107.16,-116.982,-11.261,-21.0824,-9.82146,0,0,6,50,0
13,56,386,6,2,-106.724,-117.118,-11.2067,-21.6013,-10.3945,0,0,6,50,0
13,57,392,6,2,-106.264,-117.253,-11.1568,-22.1454,-10.9886,0,0,6,50,0
13,58,398,6,2,-105.779,-117.385,-11.111,-22.7171,-11.606,0,0,6,50,0
14,1,66,6,1,-101.649,-118.213,-10.8984,-27.4622,-16.5639,0,0,6,60,0
14,2,72,6,1,-102.413,-118.093,-10.9217,-26.6012,-15.6795,0,0,6,60,0
14,3,78,6,1,-103.116,-117.971,-10.9479,-25.8023,-14.8544,0,0,6,60,0
14,4,84,6,1,-103.767,-117.847,-10.9772,-25.0568,-14.0796,0,0,6,60,0
14,5,90,6,1,-104.373,-117.721,-11.0097,-24.3578,-13.348,0,0,6,60,0
14,6,96,6,1,-104.94,-117.594,-11.0457,-23.6995,-12.6538,0,0,6,60,0
14,7,102,6,1,-105.473,-117.465,-11.0853,-23.0774,-11.9921,0,0,6,60,0
14,8,108,6,1,-105.974,-117.333,-11.1287,-22.4876,-11.359,0,0,6,60,0
14,9,114,6,1,-106.449,-117.2,-11.176,-21.9272,-10.7511,0,0,6,60,0
14,10,120,6,1,-106.899,-117.065,-11.2276,-21.3933,-10.1657,0,0,6,60,0
14,11,126,6,1,-107.327,-116.927,-11.2836,-20.8837,-9.60011,0,0,6,60,0
14,12,132,6,1,-107.735,-116.787,-11.3443,-20.3967,-9.05237,0,0,6,60,0
14,13,138,6,1,-108.125,-116.645,-11.4098,-19.9304,-8.52058,0,0,6,60,0
14,14,144,6,1,-108.498,-116.501,-11.4804,-19.4835,-8.00312,0,0,6,60,0
14,15,150,6,1,-108.856,-116.354,-11.5563,-19.0549,-7.49853,0,0,6,60,0
14,16,156,6,1,-109.199,-116.205,-11.6378,-18.6433,-7.00553,0,0,6,60,0
14,17,162,6,1,-109.53,-116.053,-11.7251,-18.2481,-6.52297,0,0,6,60,0
14,18,168,6,1,-109.849,-115.898,-11.8184,-17.8682,-6.04979,0,0,6,60,0
14,19,174,6,1,-110.156,-115.741,-11.9181,-17.5031,-5.58506,0,0,6,60,0
14,20,180,6,1,-110.453,-115.581,-12.0242,-17.1521,-5.12789,0,0,6,60,0
14,21,186,6,1,-110.74,-115.417,-12.1372,-16.8147,-4.67751,0,0,6,60,0
14,22,192,6,1,-111.018,-115.251,-12.2571,-16.4903,-4.23315,0,0,6,60,0
14,23,198,6,1,-111.287,-115.081,-12.3844,-16.1785,-3.79415,0,0,6,60,0
14,24,204,6,1,-111.548,-114.908,-12.5192,-15.879,-3.35984,0,0,6,60,0
14,25,210,6,1,-111.802,-114.731,-12.6617,-15.5914,-2.92963,0,0,6,60,0
14,26,216,6,1,-112.048,-114.551,-12.8123,-15.3153,-2.50294,0,0,6,60,0
14,27,222,6,1,-112.288,-114.367,-12.9712,-15.0504,-2.07922,0,0,6,60,0
14,28,228,6,1,-112.521,-114.179,-13.1385,-14.7964,-1.65793,0,0,6,60,0
14,29,234,6,1,-112.748,-113.987,-13.3146,-14.5532,-1.23858,0,0,6,60,0
14,30,240,6,1,-112.969,-113.79,-13.4996,-14.3203,-0.820655,0,0,6,60,0
14,31,246,6,1,-113.185,-113.589,-13.6939,-14.0976,-0.403676,0,0,6,60,0
14,32,252,6,1,-113.396,-113.383,-13.8976,-13.8848,0.0128403,0,0,6,60,0
14,33,258,6,1,-113.601,-113.172,-14.111,-13.6817,0.429371,0,0,6,60,0
14,34,264,6,1,-113.802,-112.956,-14.3344,-13.488,0.846395,0,0,6,60,0
14,35,270,6,1,-113.999,-112.734,-14.5679,-13.3035,1.26439,0,0,6,60,1
14,36,276,6,2,-112.506,-114.191,-13.1277,-14.812,-1.68429,1,2,6,60,0
14,37,282,6,2,-112.273,-114.378,-12.9611,-15.0665,-2.10538,0,0,6,60,0
14,38,288,6,2,-112.033,-114.562,-12.8028,-15.332,-2.52923,0,0,6,60,0
14,39,294,6,2,-111.786,-114.742,-12.6527,-15.6089,-2.95617,0,0,6,60,0
14,40,300,6,2,-111.532,-114.919,-12.5106,-15.8972,-3.38658,0,0,6,60,0
14,41,306,6,2,-111.27,-115.092,-12.3763,-16.1975,-3.8212,0,0,6,60,0
14,42,312,6,2,-111.001,-115.261,-12.2495,-16.51,-4.26048,0,0,6,60,0
14,43,318,6,2,-110.722,-115.427,-12.13,-16.8352,-4.70523,0,0,6,60,0
14,44,324,6,2,-110.435,-115.591,-12.0175,-17.1734,-5.15597,0,0,6,60,0
14,45,330,6,2,-110.137,-115.751,-11.9117,-17.5253,-5.61363,0,0,6,60,0
14,46,336,6,2,-109.829,-115.908,-11.8125,-17.8913,-6.07881,0,0,6,60,0
14,47,342,6,2,-109.51,-116.063,-11.7195,-18.2721,-6.55259,0,0,6,60,0
14,48,348,6,2,-109.179,-116.214,-11.6326,-18.6683,-7.03572,0,0,6,60,0
14,49,354,6,2,-108.834,-116.363,-11.5515,-19.0809,-7.52946,0,0,6,60,0
14,50,360,6,2,-108.475,-116.51,-11.4759,-19.5106,-8.03475,0,0,6,60,0
14,51,366,6,2,-108.101,-116.654,-11.4056,-19.9587,-8.55312,0,0,6,60,0
14,52,372,6,2,-107.71,-116.796,-11.3404,-20.4262,-9.08579,0,0,6,60,0
14,53,378,6,2,-107.301,-116.936,-11.28,-20.9147,-9.63464,0,0,6,60,0
14,54,384,6,2,-106.872,-117.073,-11.2243,-21.4256,-10.2013,0,0,6,60,0
14,55,390,6,2,-106.42,-117.208,-11.173,-21.9611,-10.7882,0,0,6,60,0
14,56,396,6,2,-105.944,-117.342,-11.1259,-22.5233,-11.3974,0,0,6,60,0
14,57,402,6,2,-105.44,-117.473,-11.0827,-23.115,-12.0323,0,0,6,60,0
14,58,408,6,2,-104.906,-117.602,-11.0434,-23.7391,-12.6958,0,0,6,60,0
15,1,76,6,1,-102.888,-118.012,-10.9388,-26.0623,-15.1234,0,0,6,70,0
15,2,82,6,1,-103.556,-117.888,-10.9671,-25.2998,-14.3328,0,0,6,70,0
15,3,88,6,1,-104.176,-117.763,-10.9985,-24.586,-13.5875,0,0,6,70,0
15,4,94,6,1,-104.755,-117.637,-11.0333,-23.9147,-12.8813,0,0,6,70,0
15,5,100,6,1,-105.299,-117.508,-11.0717,-23.281,-12.2093,0,0,6,70,0
15,6,106,6,1,-105.81,-117.377,-11.1138,-22.6808,-11.5671,0,0,6,70,0
15,7,112,6,1,-106.294,-117.245,-11.1598,-22.1109,-10.9511,0,0,6,70,0
15,8,118,6,1,-106.752,-117.11,-11.2099,-21.5684,-10.3585,0,0,6,70,0
15,9,124,6,1,-107.187,-116.973,-11.2645,-21.051,-9.78655,0,0,6,70,0
15,10,130,6,1,-107.601,-116.834,-11.3235,-20.5566,-9.23309,0,0,6,70,0
15,11,136,6,1,-107.997,-116.693,-11.3874,-20.0836,-8.69618,0,0,6,70,0
15,12,142,6,1,-108.375,-116.55,-11.4563,-19.6304,-8.17411,0,0,6,70,0
15,13,148,6,1,-108.738,-116.404,-11.5304,-19.1958,-7.66538,0,0,6,70,0
15,14,154,6,1,-109.086,-116.255,-11.61,-18.7787,-7.16865,0,0,6,70,0
15,15,160,6,1,-109.421,-116.104,-11.6953,-18.3781,-6.68273,0,0,6,70,0
15,16,166,6,1,-109.744,-115.95,-11.7866,-17.9932,-6.20653,0,0,6,70,0
15,17,172,6,1,-110.055,-115.794,-11.8841,-17.6232,-5.73909,0,0,6,70,0
15,18,178,6,1,-110.355,-115.634,-11.9881,-17.2676,-5.27949,0,0,6,70,0
15,19,184,6,1,-110.645,-115.472,-12.0987,-16.9257,-4.82693,0,0,6,70,0
15,20,190,6,1,-110.926,-115.307,-12.2164,-16.597,-4.38064,0,0,6,70,0
15,21,196,6,1,-111.198,-115.138,-12.3412,-16.2811,-3.93993,0,0,6,70,0
15,22,202,6,1,-111.462,-114.966,-12.4734,-15.9775,-3.50412,0,0,6,70,0
15,23,208,6,1,-111.718,-114.791,-12.6133,-15.686,-3.07262,0,0,6,70,0
15,24,214,6,1,-111.967,-114.612,-12.7612,-15.406,-2.64481,0,0,6,70,0
15,25,220,6,1,-112.209,-114.429,-12.9173,-15.1374,-2.22016,0,0,6,70,0
15,26,226,6,1,-112.444,-114.242,-13.0818,-14.8799,-1.79812,0,0,6,70,0
15,27,232,6,1,-112.673,-114.051,-13.2549,-14.6331,-1.37818,0,0,6,70,0
15,28,238,6,1,-112.896,-113.856,-13.4369,-14.3968,-0.959834,0,0,6,70,0
15,29,244,6,1,-113.114,-113.656,-13.6281,-14.1707,-0.542594,0,0,6,70,0
15,30,250,6,1,-113.326,-113.452,-13.8287,-13.9546,-0.125976,0,0,6,70,0
15,31,256,6,1,-113.533,-113.243,-14.0388,-13.7483,0.290496,0,0,6,70,0
15,32,262,6,1,-113.736,-113.028,-14.2588,-13.5515,0.707302,0,0,6,70,0
15,33,268,6,1,-113.934,-112.809,-14.4889,-13.364,1.12492,0,0,6,70,0
15,34,274,6,1,-114.127,-112.583,-14.7293,-13.1855,1.54384,0,0,6,70,1
15,35,280,6,2,-112.352,-114.316,-13.0157,-14.9804,-1.96465,1,2,6,70,0
15,36,286,6,2,-112.114,-114.501,-12.8546,-15.2423,-2.38763,0,0,6,70,0
15,37,292,6,2,-111.869,-114.683,-12.7018,-15.5153,-2.8135,0,0,6,70,0
15,38,298,6,2,-111.618,-114.86,-12.5571,-15.7998,-3.24266,0,0,6,70,0
15,39,304,6,2,-111.359,-115.034,-12.4202,-16.0961,-3.67584,0,0,6,70,0
15,40,310,6,2,-111.092,-115.205,-12.291,-16.4044,-4.11347,0,0,6,70,0
15,41,316,6,2,-110.816,-115.372,-12.169,-16.7254,-4.55635,0,0,6,70,0
15,42,322,6,2,-110.532,-115.537,-12.0542,-17.0592,-5.00499,0,0,6,70,0
15,43,328,6,2,-110.237,-115.698,-11.9462,-17.4065,-5.46028,0,0,6,70,0
15,44,334,6,2,-109.933,-115.856,-11.8448,-17.7677,-5.92284,0,0,6,70,0
15,45,340,6,2,-109.618,-116.011,-11.7498,-18.1435,-6.39368,0,0,6,70,0
15,46,346,6,2,-109.29,-116.164,-11.6609,-18.5345,-6.87355,0,0,6,70,0
15,47,352,6,2,-108.95,-116.314,-11.5779,-18.9415,-7.36366,0,0,6,70,0
15,48,358,6,2,-108.597,-116.461,-11.5005,-19.3654,-7.86493,0,0,6,70,0
15,49,364,6,2,-108.228,-116.607,-11.4284,-19.8073,-8.37882,0,0,6,70,0
15,50,370,6,2,-107.843,-116.749,-11.3616,-20.2681,-8.90651,0,0,6,70,0
15,51,376,6,2,-107.44,-116.889,-11.2996,-20.7494,-9.44982,0,0,6,70,0
15,52,382,6,2,-107.017,-117.028,-11.2424,-21.2527,-10.0103,0,0,6,70,0
15,53,388,6,2,-106.573,-117.164,-11.1896,-21.7798,-10.5902,0,0,6,70,0
15,54,394,6,2,-106.106,-117.297,-11.1411,-22.3327,-11.1916,0,0,6,70,0
15,55,400,6,2,-105.612,-117.429,-11.0967,-22.9143,-11.8176,0,0,6,70,0
15,56,406,6,2,-105.088,-117.559,-11.0561,-23.5272,-12.4711,0,0,6,70,0
15,57,412,6,2,-104.531,-117.687,-11.0191,-24.1753,-13.1562,0,0,6,70,0
15,58,418,6,2,-103.936,-117.813,-10.9857,-24.8628,-13.8771,0,0,6,70,0
16,1,86,6,1,-103.974,-117.805,-10.9877,-24.8189,-13.8313,0,0,6,80,0
16,2,92,6,1,-104.566,-117.679,-11.0213,-24.134,-13.1127,0,0,6,80,0
16,3,98,6,1,-105.121,-117.551,-11.0585,-23.4883,-12.4298,0,0,6,80,0
16,4,104,6,1,-105.643,-117.421,-11.0993,-22.8774,-11.7781,0,0,6,80,0
16,5,110,6,1,-106.135,-117.289,-11.144,-22.2977,-11.1537,0,0,6,80,0
16,6,116,6,1,-106.602,-117.155,-11.1928,-21.7464,-10.5536,0,0,6,80,0
16,7,122,6,1,-107.044,-117.019,-11.2458,-21.2208,-9.97504,0,0,6,80,0
16,8,128,6,1,-107.465,-116.881,-11.3033,-20.719,-9.41565,0,0,6,80,0
16,9,134,6,1,-107.867,-116.74,-11.3656,-20.239,-8.87342,0,0,6,80,0
16,10,140,6,1,-108.251,-116.598,-11.4328,-19.7793,-8.34658,0,0,6,80,0
16,11,146,6,1,-108.619,-116.452,-11.5051,-19.3387,-7.83356,0,0,6,80,0
16,12,152,6,1,-108.972,-116.305,-11.5829,-18.9158,-7.33297,0,0,6,80,0
16,13,158,6,1,-109.311,-116.155,-11.6663,-18.5098,-6.84357,0,0,6,80,0
16,14,164,6,1,-109.638,-116.002,-11.7555,-18.1198,-6.36425,0,0,6,80,0
16,15,170,6,1,-109.952,-115.846,-11.8509,-17.7449,-5.89399,0,0,6,80,0
16,16,176,6,1,-110.256,-115.688,-11.9527,-17.3846,-5.43187,0,0,6,80,0
16,17,182,6,1,-110.549,-115.527,-12.0611,-17.0381,-4.97705,0,0,6,80,0
16,18,188,6,1,-110.833,-115.362,-12.1764,-16.7051,-4.52875,0,0,6,80,0
16,19,194,6,1,-111.108,-115.195,-12.2987,-16.385,-4.08625,0,0,6,80,0
16,20,200,6,1,-111.375,-115.024,-12.4285,-16.0774,-3.64889,0,0,6,80,0
16,21,206,6,1,-111.633,-114.849,-12.5658,-15.7818,-3.21601,0,0,6,80,0
16,22,212,6,1,-111.885,-114.672,-12.711,-15.4981,-2.78704,0,0,6,80,0
16,23,218,6,1,-112.129,-114.49,-12.8643,-15.2257,-2.36139,0,0,6,80,0
16,24,224,6,1,-112.366,-114.305,-13.026,-14.9645,-1.93854,0,0,6,80,0
16,25,230,6,1,-112.597,-114.115,-13.1962,-14.7142,-1.51796,0,0,6,80,0
16,26,236,6,1,-112.822,-113.922,-13.3753,-14.4744,-1.09914,0,0,6,80,0
16,27,242,6,1,-113.042,-113.723,-13.5634,-14.2449,-0.681581,0,0,6,80,0
16,28,248,6,1,-113.256,-113.521,-13.7607,-14.0256,-0.264809,0,0,6,80,0
16,29,254,6,1,-113.465,-113.313,-13.9677,-13.816,0.151659,0,0,6,80,0
16,30,260,6,1,-113.669,-113.101,-14.1844,-13.6161,0.568301,0,0,6,80,0
16,31,266,6,1,-113.868,-112.883,-14.411,-13.4255,0.985595,0,0,6,80,0
16,32,272,6,1,-114.063,-112.659,-14.648,-13.244,1.40402,0,0,6,80,1
16,33,278,6,2,-112.429,-114.254,-13.0713,-14.8955,-1.82419,1,2,6,80,0
16,34,284,6,2,-112.194,-114.44,-12.9074,-15.1537,-2.24634,0,0,6,80,0
16,35,290,6,2,-111.951,-114.623,-12.7518,-15.423,-2.67121,0,0,6,80,0
16,36,296,6,2,-111.702,-114.802,-12.6045,-15.7037,-3.09919,0,0,6,80,0
16,37,302,6,2,-111.446,-114.977,-12.465,-15.996,-3.53099,0,0,6,80,0
16,38,308,6,2,-111.181,-115.149,-12.3332,-16.3003,-3.96704,0,0,6,80,0
16,39,314,6,2,-110.909,-115.317,-12.2089,-16.617,-4.40812,0,0,6,80,0
16,40,320,6,2,-110.627,-115.482,-12.0917,-16.9464,-4.85474,0,0,6,80,0
16,41,326,6,2,-110.337,-115.644,-11.9815,-17.2892,-5.30776,0,0,6,80,0
16,42,332,6,2,-110.036,-115.804,-11.8779,-17.6457,-5.76777,0,0,6,80,0
16,43,338,6,2,-109.724,-115.96,-11.7808,-18.0166,-6.23578,0,0,6,80,0
16,44,344,6,2,-109.401,-116.113,-11.6899,-18.4024,-6.7125,0,0,6,80,0
16,45,350,6,2,-109.065,-116.264,-11.6049,-18.804,-7.19911,0,0,6,80,0
16,46,356,6,2,-108.716,-116.413,-11.5257,-19.2222,-7.6965,0,0,6,80,0
16,47,362,6,2,-108.352,-116.558,-11.4519,-19.6579,-8.20607,0,0,6,80,0
16,48,368,6,2,-107.973,-116.702,-11.3833,-20.1123,-8.72896,0,0,6,80,0
16,49,374,6,2,-107.576,-116.843,-11.3197,-20.5867,-9.26691,0,0,6,80,0
16,50,380,6,2,-107.16,-116.982,-11.261,-21.0823,-9.82139,0,0,6,80,0
16,51,386,6,2,-106.724,-117.118,-11.2067,-21.6013,-10.3946,0,0,6,80,0
16,52,392,6,2,-106.264,-117.253,-11.1568,-22.1454,-10.9886,0,0,6,80,0
16,53,398,6,2,-105.779,-117.385,-11.111,-22.7171,-11.6061,0,0,6,80,0
16,54,404,6,2,-105.266,-117.516,-11.0692,-23.3192,-12.25,0,0,6,80,0
16,55,410,6,2,-104.72,-117.645,-11.0311,-23.9552,-12.9241,0,0,6,80,0
16,56,416,6,2,-104.139,-117.771,-10.9965,-24.6289,-13.6324,0,0,6,80,0
16,57,422,6,2,-103.516,-117.896,-10.9652,-25.3457,-14.3804,0,0,6,80,0
16,58,428,6,2,-102.845,-118.019,-10.9372,-26.1112,-15.1741,0,0,6,80,0
17,1,96,6,1,-104.94,-117.594,-11.0457,-23.6995,-12.6538,0,0,6,90,0
17,2,102,6,1,-105.473,-117.465,-11.0853,-23.0774,-11.9921,0,0,6,90,0
17,3,108,6,1,-105.974,-117.333,-11.1287,-22.4876,-11.359,0,0,6,90,0
17,4,114,6,1,-106.449,-117.2,-11.176,-21.9272,-10.7511,0,0,6,90,0
17,5,120,6,1,-106.899,-117.065,-11.2276,-21.3933,-10.1657,0,0,6,90,0
17,6,126,6,1,-107.327,-116.927,-11.2836,-20.8837,-9.60011,0,0,6,90,0
17,7,132,6,1,-107.735,-116.787,-11.3443,-20.3967,-9.05237,0,0,6,90,0
17,8,138,6,1,-108.125,-116.645,-11.4098,-19.9304,-8.52058,0,0,6,90,0
17,9,144,6,1,-108.498,-116.501,-11.4804,-19.4835,-8.00312,0,0,6,90,0
17,10,150,6,1,-108.856,-116.354,-11.5563,-19.0549,-7.49853,0,0,6,90,0
17,11,156,6,1,-109.199,-116.205,-11.6378,-18.6433,-7.00553,0,0,6,90,0
17,12,162,6,1,-109.53,-116.053,-11.7251,-18.2481,-6.52297,0,0,6,90,0
17,13,168,6,1,-109.849,-115.898,-11.8184,-17.8682,-6.04979,0,0,6,90,0
17,14,174,6,1,-110.156,-115.741,-11.9181,-17.5031,-5.58506,0,0,6,90,0
17,15,180,6,1,-110.453,-115.581,-12.0242,-17.1521,-5.12789,0,0,6,90,0
17,16,186,6,1,-110.74,-115.417,-12.1372,-16.8147,-4.67751,0,0,6,90,0
17,17,192,6,1,-111.018,-115.251,-12.2571,-16.4903,-4.23315,0,0,6,90,0
17,18,198,6,1,-111.287,-115.081,-12.3844,-16.1785,-3.79415,0,0,6,90,0
17,19,204,6,1,-111.548,-114.908,-12.5192,-15.879,-3.35984,0,0,6,90,0
17,20,210,6,1,-111.802,-114.731,-12.6617,-15.5914,-2.92963,0,0,6,90,0
17,21,216,6,1,-112.048,-114.551,-12.8123,-15.3153,-2.50294,0,0,6,90,0
17,22,222,6,1,-112.288,-114.367,-12.9712,-15.0504,-2.07922,0,0,6,90,0
17,23,228,6,1,-112.521,-114.179,-13.1385,-14.7964,-1.65793,0,0,6,90,0
17,24,234,6,1,-112.748,-113.987,-13.3146,-14.5532,-1.23858,0,0,6,90,0
17,25,240,6,1,-112.969,-113.79,-13.4996,-14.3203,-0.820655,0,0,6,90,0
17,26,246,6,1,-113.185,-113.589,-13.6939,-14.0976,-0.403676,0,0,6,90,0
17,27,252,6,1,-113.396,-113.383,-13.8976,-13.8848,0.0128403,0,0,6,90,0
17,28,258,6,1,-113.601,-113.172,-14.111,-13.6817,0.429371,0,0,6,90,0
17,29,264,6,1,-113.802,-112.956,-14.3344,-13.488,0.846395,0,0,6,90,0
17,30,270,6,1,-113.999,-112.734,-14.5679,-13.3035,1.26439,0,0,6,90,1
17,31,276,6,2,-112.506,-114.191,-13.1277,-14.8122,-1.68451,1,2,6,90,0
17,32,282,6,2,-112.273,-114.378,-12.9611,-15.0664,-2.10534,0,0,6,90,0
17,33,288,6,2,-112.033,-114.562,-12.8028,-15.332,-2.52927,0,0,6,90,0
17,34,294,6,2,-111.786,-114.742,-12.6527,-15.6088,-2.95613,0,0,6,90,0
17,35,300,6,2,-111.532,-114.919,-12.5106,-15.8972,-3.38662,0,0,6,90,0
17,36,306,6,2,-111.27,-115.092,-12.3763,-16.1975,-3.82116,0,0,6,90,0
17,37,312,6,2,-111.001,-115.261,-12.2495,-16.51,-4.26052,0,0,6,90,0
17,38,318,6,2,-110.722,-115.427,-12.13,-16.8352,-4.70518,0,0,6,90,0
17,39,324,6,2,-110.435,-115.591,-12.0174,-17.1735,-5.15602,0,0,6,90,0
17,40,330,6,2,-110.137,-115.751,-11.9117,-17.5253,-5.61358,0,0,6,90,0
17,41,336,6,2,-109.829,-115.908,-11.8125,-17.8913,-6.07886,0,0,6,90,0
17,42,342,6,2,-109.51,-116.063,-11.7195,-18.2721,-6.55254,0,0,6,90,0
17,43,348,6,2,-109.179,-116.214,-11.6326,-18.6684,-7.03577,0,0,6,90,0
17,44,354,6,2,-108.834,-116.363,-11.5515,-19.0809,-7.5294,0,0,6,90,0
17,45,360,6,2,-108.475,-116.51,-11.4759,-19.5107,-8.03481,0,0,6,90,0
17,46,366,6,2,-108.101,-116.654,-11.4056,-19.9587,-8.55306,0,0,6,90,0
17,47,372,6,2,-107.71,-116.796,-11.3404,-20.4262,-9.08585,0,0,6,90,0
17,48,378,6,2,-107.301,-116.936,-11.28,-20.9146,-9.63458,0,0,6,90,0
17,49,384,6,2,-106.872,-117.073,-11.2243,-21.4257,-10.2014,0,0,6,90,0
17,50,390,6,2,-106.42,-117.208,-11.173,-21.9611,-10.7881,0,0,6,90,0
17,51,396,6,2,-105.944,-117.342,-11.1258,-22.5233,-11.3975,0,0,6,90,0
17,52,402,6,2,-105.441,-117.473,-11.0827,-23.1149,-12.0322,0,0,6,90,0
17,53,408,6,2,-104.906,-117.602,-11.0434,-23.7392,-12.6958,0,0,6,90,0
17,54,414,6,2,-104.337,-117.729,-11.0076,-24.3998,-13.3922,0,0,6,90,0
17,55,420,6,2,-103.728,-117.855,-10.9753,-25.1017,-14.1264,0,0,6,90,0
17,56,426,6,2,-103.074,-117.978,-10.9462,-25.8501,-14.904,0,0,6,90,0
17,57,432,6,2,-102.368,-118.1,-10.9201,-26.6527,-15.7326,0,0,6,90,0
17,58,438,6,2,-101.6,-118.221,-10.897,-27.5178,-16.6208,0,0,6,90,0
18,1,106,6,1,-105.81,-117.377,-11.1138,-22.6808,-11.5671,0,0,6,100,0
18,2,112,6,1,-106.294,-117.245,-11.1598,-22.1109,-10.9511,0,0,6,100,0
18,3,118,6,1,-106.752,-117.11,-11.2099,-21.5684,-10.3585,0,0,6,100,0
18,4,124,6,1,-107.187,-116.973,-11.2645,-21.051,-9.78655,0,0,6,100,0
18,5,130,6,1,-107.601,-116.834,-11.3235,-20.5566,-9.23309,0,0,6,100,0
18,6,136,6,1,-107.997,-116.693,-11.3874,-20.0836,-8.69618,0,0,6,100,0
18,7,142,6,1,-108.375,-116.55,-11.4563,-19.6304,-8.17411,0,0,6,100,0
18,8,148,6,1,-108.738,-116.404,-11.5304,-19.1958,-7.66538,0,0,6,100,0
18,9,154,6,1,-109.086,-116.255,-11.61,-18.7787,-7.16865,0,0,6,100,0
18,10,160,6,1,-109.421,-116.104,-11.6953,-18.3781,-6.68273,0,0,6,100,0
18,11,166,6,1,-109.744,-115.95,-11.7866,-17.9932,-6.20653,0,0,6,100,0
18,12,172,6,1,-110.055,-115.794,-11.8841,-17.6232,-5.73909,0,0,6,100,0
18,13,178,6,1,-110.355,-115.634,-11.9881,-17.2676,-5.27949,0,0,6,100,0
18,14,184,6,1,-110.645,-115.472,-12.0987,-16.9257,-4.82693,0,0,6,100,0
18,15,190,6,1,-110.926,-115.307,-12.2164,-16.597,-4.38064,0,0,6,100,0
18,16,196,6,1,-111.198,-115.138,-12.3412,-16.2811,-3.93993,0,0,6,100,0
18,17,202,6,1,-111.462,-114.966,-12.4734,-15.9775,-3.50412,0,0,6,100,0
18,18,208,6,1,-111.718,-114.791,-12.6133,-15.686,-3.07262,0,0,6,100,0
18,19,214,6,1,-111.967,-114.612,-12.7612,-15.406,-2.64481,0,0,6,100,0
18,20,220,6,1,-112.209,-114.429,-12.9173,-15.1374,-2.22016,0,0,6,100,0
18,21,226,6,1,-112.444,-114.242,-13.0818,-14.8799,-1.79812,0,0,6,100,0
18,22,232,6,1,-112.673,-114.051,-13.2549,-14.6331,-1.37818,0,0,6,100,0
18,23,238,6,1,-112.896,-113.856,-13.4369,-14.3968,-0.959834,0,0,6,100,0
18,24,244,6,1,-113.114,-113.656,-13.6281,-14.1707,-0.542594,0,0,6,100,0
18,25,250,6,1,-113.326,-113.452,-13.8287,-13.9546,-0.125976,0,0,6,100,0
18,26,256,6,1,-113.533,-113.243,-14.0388,-13.7483,0.290496,0,0,6,100,0
18,27,262,6,1,-113.736,-113.028,-14.2588,-13.5515,0.707302,0,0,6,100,0
18,28,268,6,1,-113.934,-112.809,-14.4889,-13.364,1.12492,0,0,6,100,0
18,29,274,6,1,-114.127,-112.583,-14.7293,-13.1855,1.54384,0,0,6,100,1
18,30,280,6,2,-112.352,-114.316,-13.0157,-14.9804,-1.96462,1,2,6,100,0
18,31,286,6,2,-112.114,-114.501,-12.8546,-15.2423,-2.38767,0,0,6,100,0
18,32,292,6,2,-111.869,-114.683,-12.7018,-15.5153,-2.81346,0,0,6,100,0
18,33,298,6,2,-111.618,-114.86,-12.5571,-15.7998,-3.2427,0,0,6,100,0
18,34,304,6,2,-111.359,-115.034,-12.4202,-16.096,-3.6758,0,0,6,100,0
18,35,310,6,2,-111.092,-115.205,-12.2909,-16.4045,-4.11351,0,0,6,100,0
18,36,316,6,2,-110.816,-115.372,-12.169,-16.7253,-4.55631,0,0,6,100,0
18,37,322,6,2,-110.532,-115.537,-12.0542,-17.0592,-5.00503,0,0,6,100,0
18,38,328,6,2,-110.237,-115.698,-11.9462,-17.4065,-5.46024,0,0,6,100,0
18,39,334,6,2,-109.933,-115.856,-11.8448,-17.7677,-5.92288,0,0,6,100,0
18,40,340,6,2,-109.618,-116.011,-11.7498,-18.1435,-6.39363,0,0,6,100,0
18,41,346,6,2,-109.29,-116.164,-11.6609,-18.5345,-6.8736,0,0,6,100,0
18,42,352,6,2,-108.95,-116.314,-11.5779,-18.9415,-7.36361,0,0,6,100,0
18,43,358,6,2,-108.597,-116.461,-11.5005,-19.3655,-7.86498,0,0,6,100,0
18,44,364,6,2,-108.228,-116.607,-11.4285,-19.8072,-8.37877,0,0,6,100,0
18,45,370,6,2,-107.843,-116.749,-11.3616,-20.2681,-8.90658,0,0,6,100,0
18,46,376,6,2,-107.44,-116.889,-11.2996,-20.7494,-9.44975,0,0,6,100,0
18,47,382,6,2,-107.017,-117.028,-11.2424,-21.2527,-10.0103,0,0,6,100,0
18,48,388,6,2,-106.573,-117.164,-11.1896,-21.7797,-10.5901,0,0,6,100,0
18,49,394,6,2,-106.106,-117.297,-11.1411,-22.3328,-11.1917,0,0,6,100,0
18,50,400,6,2,-105.612,-117.429,-11.0967,-22.9142,-11.8176,0,0,6,100,0
18,51,406,6,2,-105.088,-117.559,-11.0561,-23.5273,-12.4712,0,0,6,100,0
18,52,412,6,2,-104.531,-117.687,-11.0191,-24.1753,-13.1561,0,0,6,100,0
18,53,418,6,2,-103.936,-117.813,-10.9857,-24.8628,-13.8772,0,0,6,100,0
18,54,424,6,2,-103.298,-117.937,-10.9555,-25.595,-14.6395,0,0,6,100,0
18,55,430,6,2,-102.61,-118.06,-10.9285,-26.3787,-15.4502,0,0,6,100,0
18,56,436,6,2,-101.863,-118.181,-10.9044,-27.2218,-16.3174,0,0,6,100,0
18,57,442,6,2,-101.048,-118.3,-10.8831,-28.1352,-17.2521,0,0,6,100,0
18,58,448,6,2,-100.15,-118.417,-10.8645,-29.132,-18.2676,0,0,6,100,0
19,1,27,7,1,-93.8201,-118.963,-10.8071,-35.9499,-25.1428,0,0,7,20,0
19,2,34,7,1,-95.793,-118.834,-10.8164,-33.8575,-23.041,0,0,7,20,0
19,3,41,7,1,-97.4221,-118.703,-10.8285,-32.1097,-21.2811,0,0,7,20,0
19,4,48,7,1,-98.8041,-118.57,-10.8436,-30.6099,-19.7663,0,0,7,20,0
19,5,55,7,1,-100.002,-118.436,-10.8618,-29.2955,-18.4337,0,0,7,20,0
19,6,62,7,1,-101.058,-118.298,-10.8833,-28.1243,-17.2409,0,0,7,20,0
19,7,69,7,1,-102.001,-118.159,-10.9085,-27.0669,-16.1584,0,0,7,20,0
19,8,76,7,1,-102.853,-118.018,-10.9375,-26.1022,-15.1647,0,0,7,20,0
19,9,83,7,1,-103.63,-117.874,-10.9706,-25.2146,-14.244,0,0,7,20,0
19,10,90,7,1,-104.344,-117.728,-11.008,-24.392,-13.384,0,0,7,20,0
19,11,97,7,1,-105.004,-117.579,-11.0501,-23.6254,-12.5753,0,0,7,20,0
19,12,104,7,1,-105.617,-117.428,-11.0971,-22.9074,-11.8103,0,0,7,20,0
19,13,111,7,1,-106.191,-117.274,-11.1494,-22.2323,-11.0828,0,0,7,20,0
19,14,118,7,1,-106.729,-117.117,-11.2073,-21.5952,-10.3879,0,0,7,20,0
19,15,125,7,1,-107.236,-116.957,-11.2711,-20.9924,-9.72133,0,0,7,20,0
19,16,132,7,1,-107.715,-116.795,-11.3411,-20.4207,-9.07962,0,0,7,20,0
19,17,139,7,1,-108.169,-116.629,-11.4177,-19.8775,-8.45975,0,0,7,20,0
19,18,146,7,1,-108.601,-116.46,-11.5013,-19.3605,-7.85914,0,0,7,20,0
19,19,153,7,1,-109.012,-116.288,-11.5923,-18.8678,-7.27554,0,0,7,20,0
19,20,160,7,1,-109.405,-116.112,-11.6909,-18.3979,-6.707,0,0,7,20,0
19,21,167,7,1,-109.78,-115.932,-11.7976,-17.9494,-6.15178,0,0,7,20,0
19,22,174,7,1,-110.141,-115.749,-11.9129,-17.5212,-5.60831,0,0,7,20,0
19,23,181,7,1,-110.487,-115.562,-12.037,-17.1122,-5.07521,0,0,7,20,0
19,24,188,7,1,-110.819,-115.371,-12.1704,-16.7216,-4.55122,0,0,7,20,0
19,25,195,7,1,-111.14,-115.175,-12.3134,-16.3486,-4.03517,0,0,7,20,0
19,26,202,7,1,-111.449,-114.975,-12.4666,-15.9925,-3.526,0,0,7,20,0
19,27,209,7,1,-111.747,-114.77,-12.6301,-15.6528,-3.02271,0,0,7,20,0
19,28,216,7,1,-112.036,-114.56,-12.8045,-15.3289,-2.52438,0,0,7,20,0
19,29,223,7,1,-112.315,-114.345,-12.9902,-15.0203,-2.03013,0,0,7,20,0
19,30,230,7,1,-112.586,-114.125,-13.1874,-14.7265,-1.53912,0,0,7,20,0
19,31,237,7,1,-112.848,-113.899,-13.3967,-14.4472,-1.05054,0,0,7,20,0
19,32,244,7,1,-113.103,-113.667,-13.6182,-14.1819,-0.563612,0,0,7,20,0
19,33,251,7,1,-113.35,-113.428,-13.8526,-13.9301,-0.0775633,0,0,7,20,0
19,34,258,7,1,-113.591,-113.183,-14.1,-13.6917,0.408364,0,0,7,20,0
19,35,265,7,1,-113.825,-112.93,-14.361,-13.466,0.894929,0,0,7,20,0
19,36,272,7,1,-114.053,-112.67,-14.6358,-13.2529,1.3829,0,0,7,20,1
19,37,279,7,2,-112.402,-114.275,-13.0518,-14.925,-1.87317,1,2,7,20,0
19,38,286,7,2,-112.126,-114.492,-12.8625,-15.2288,-2.36626,0,0,7,20,0
19,39,293,7,2,-111.84,-114.704,-12.6846,-15.5478,-2.86324,0,0,7,20,0
19,40,300,7,2,-111.545,-114.91,-12.5176,-15.8824,-3.3648,0,0,7,20,0
19,41,307,7,2,-111.239,-115.112,-12.3612,-16.2332,-3.87204,0,0,7,20,0
19,42,314,7,2,-110.923,-115.309,-12.215,-16.6007,-4.38574,0,0,7,20,0
19,43,321,7,2,-110.594,-115.501,-12.0785,-16.9856,-4.90713,0,0,7,20,0
19,44,328,7,2,-110.253,-115.69,-11.9515,-17.3886,-5.43714,0,0,7,20,0
19,45,335,7,2,-109.897,-115.874,-11.8335,-17.8107,-5.97721,0,0,7,20,0
19,46,342,7,2,-109.526,-116.055,-11.7241,-18.2525,-6.52847,0,0,7,20,0
19,47,349,7,2,-109.139,-116.232,-11.6229,-18.7155,-7.09265,0,0,7,20,0
19,48,356,7,2,-108.734,-116.405,-11.5295,-19.2007,-7.67118,0,0,7,20,0
19,49,363,7,2,-108.309,-116.575,-11.4436,-19.7098,-8.2662,0,0,7,20,0
19,50,370,7,2,-107.862,-116.742,-11.3648,-20.2444,-8.8796,0,0,7,20,0
19,51,377,7,2,-107.392,-116.906,-11.2927,-20.8068,-9.51412,0,0,7,20,0
19,52,384,7,2,-106.894,-117.066,-11.227,-21.3993,-10.1723,0,0,7,20,0
19,53,391,7,2,-106.366,-117.224,-11.1673,-22.0251,-10.8579,0,0,7,20,0
19,54,398,7,2,-105.804,-117.379,-11.1132,-22.6876,-11.5744,0,0,7,20,0
19,55,405,7,2,-105.204,-117.531,-11.0646,-23.3915,-12.3269,0,0,7,20,0
19,56,412,7,2,-104.56,-117.681,-11.0209,-24.1418,-13.1209,0,0,7,20,0
19,57,419,7,2,-103.864,-117.828,-10.982,-24.9457,-13.9637,0,0,7,20,0
19,58,426,7,2,-103.108,-117.972,-10.9476,-25.8113,-14.8637,0,0,7,20,0
20,1,37,7,1,-96.5266,-118.778,-10.8213,-33.0728,-22.2516,0,0,7,30,0
20,2,44,7,1,-98.0404,-118.647,-10.8346,-31.4408,-20.6062,0,0,7,30,0
20,3,51,7,1,-99.3371,-118.513,-10.851,-30.0267,-19.1757,0,0,7,30,0
20,4,58,7,1,-100.47,-118.377,-10.8706,-28.7779,-17.9073,0,0,7,30,0
20,5,65,7,1,-101.474,-118.239,-10.8937,-27.6585,-16.7649,0,0,7,30,0
20,6,72,7,1,-102.376,-118.099,-10.9204,-26.6431,-15.7227,0,0,7,30,0
20,7,79,7,1,-103.194,-117.956,-10.9511,-25.7131,-14.762,0,0,7,30,0
20,8,86,7,1,-103.943,-117.812,-10.9861,-24.8547,-13.8686,0,0,7,30,0
20,9,93,7,1,-104.633,-117.664,-11.0255,-24.0571,-13.0316,0,0,7,30,0
20,10,100,7,1,-105.272,-117.515,-11.0696,-23.3121,-12.2425,0,0,7,30,0
20,11,107,7,1,-105.868,-117.362,-11.1189,-22.6131,-11.4942,0,0,7,30,0
20,12,114,7,1,-106.426,-117.207,-11.1735,-21.9548,-10.7813,0,0,7,30,0
20,13,121,7,1,-106.95,-117.049,-11.2339,-21.3329,-10.099,0,0,7,30,0
20,14,128,7,1,-107.444,-116.888,-11.3003,-20.7438,-9.44346,0,0,7,30,0
20,15,135,7,1,-107.912,-116.724,-11.3731,-20.1846,-8.81144,0,0,7,30,0
20,16,142,7,1,-108.357,-116.557,-11.4527,-19.6528,-8.20012,0,0,7,30,0
20,17,149,7,1,-108.779,-116.386,-11.5394,-19.1464,-7.60706,0,0,7,30,0
20,18,156,7,1,-109.182,-116.213,-11.6336,-18.6637,-7.03015,0,0,7,30,0
20,19,163,7,1,-109.568,-116.035,-11.7356,-18.2031,-6.46751,0,0,7,30,0
20,20,170,7,1,-109.937,-115.854,-11.846,-17.7635,-5.91751,0,0,7,30,0
20,21,177,7,1,-110.291,-115.669,-11.965,-17.3436,-5.37865,0,0,7,30,0
20,22,184,7,1,-110.631,-115.48,-12.093,-16.9426,-4.8496,0,0,7,30,0
20,23,191,7,1,-110.958,-115.287,-12.2305,-16.5596,-4.32915,0,0,7,30,0
20,24,198,7,1,-111.274,-115.09,-12.3778,-16.194,-3.81617,0,0,7,30,0
20,25,205,7,1,-111.578,-114.888,-12.5354,-15.845,-3.30964,0,0,7,30,0
20,26,212,7,1,-111.872,-114.681,-12.7035,-15.5121,-2.80859,0,0,7,30,0
20,27,219,7,1,-112.157,-114.469,-12.8827,-15.1948,-2.31211,0,0,7,30,0
20,28,226,7,1,-112.432,-114.251,-13.0733,-14.8926,-1.81935,0,0,7,30,0
20,29,233,7,1,-112.699,-114.029,-13.2756,-14.6051,-1.32948,0,0,7,30,0
20,30,240,7,1,-112.958,-113.8,-13.4901,-14.3318,-0.8417,0,0,7,30,0
20,31,247,7,1,-113.21,-113.565,-13.7171,-14.0723,-0.355242,0,0,7,30,0
20,32,254,7,1,-113.454,-113.324,-13.957,-13.8263,0.130662,0,0,7,30,0
20,33,261,7,1,-113.692,-113.075,-14.2102,-13.5934,0.61677,0,0,7,30,0
20,34,268,7,1,-113.924,-112.82,-14.477,-13.3732,1.10384,0,0,7,30,0
20,35,275,7,1,-114.149,-112.557,-14.7579,-13.1653,1.59265,0,0,7,30,1
20,36,282,7,2,-112.285,-114.369,-12.9693,-15.0534,-2.08406,1,2,7,30,0
20,37,289,7,2,-112.005,-114.583,-12.7849,-15.3636,-2.57876,0,0,7,30,0
20,38,296,7,2,-111.715,-114.793,-12.6117,-15.6892,-3.07754,0,0,7,30,0
20,39,303,7,2,-111.415,-114.997,-12.4493,-16.0308,-3.58148,0,0,7,30,0
20,40,310,7,2,-111.105,-115.197,-12.2973,-16.3886,-4.09131,0,0,7,30,0
20,41,317,7,2,-110.783,-115.392,-12.1553,-16.7635,-4.60823,0,0,7,30,0
20,42,324,7,2,-110.449,-115.582,-12.023,-17.1561,-5.13311,0,0,7,30,0
20,43,331,7,2,-110.102,-115.769,-11.8998,-17.5672,-5.66734,0,0,7,30,0
20,44,338,7,2,-109.74,-115.952,-11.7856,-17.9975,-6.21197,0,0,7,30,0
20,45,345,7,2,-109.362,-116.131,-11.6797,-18.4483,-6.76864,0,0,7,30,0
20,46,352,7,2,-108.968,-116.307,-11.5819,-18.9206,-7.33868,0,0,7,30,0
20,47,359,7,2,-108.554,-116.478,-11.4918,-19.4159,-7.9241,0,0,7,30,0
20,48,366,7,2,-108.12,-116.647,-11.409,-19.9357,-8.52664,0,0,7,30,0
20,49,373,7,2,-107.664,-116.813,-11.3331,-20.482,-9.14885,0,0,7,30,0
20,50,380,7,2,-107.182,-116.975,-11.2638,-21.0569,-9.79306,0,0,7,30,0
20,51,387,7,2,-106.672,-117.134,-11.2007,-21.6633,-10.4626,0,0,7,30,0
20,52,394,7,2,-106.13,-117.291,-11.1434,-22.3043,-11.1608,0,0,7,30,0
20,53,401,7,2,-105.552,-117.444,-11.0917,-22.984,-11.8922,0,0,7,30,0
20,54,408,7,2,-104.934,-117.595,-11.0453,-23.7069,-12.6616,0,0,7,30,0
20,55,415,7,2,-104.268,-117.744,-11.0037,-24.4794,-13.4757,0,0,7,30,0
20,56,422,7,2,-103.548,-117.89,-10.9667,-25.3084,-14.3417,0,0,7,30,0
20,57,429,7,2,-102.763,-118.033,-10.9341,-26.204,-15.2699,0,0,7,30,0
20,58,436,7,2,-101.902,-118.175,-10.9056,-27.1779,-16.2723,0,0,7,30,0
21,1,47,7,1,-98.6191,-118.589,-10.8413,-30.8116,-19.9704,0,0,7,40,0
21,2,54,7,1,-99.8402,-118.455,-10.859,-29.4737,-18.6147,0,0,7,40,0
21,3,61,7,1,-100.914,-118.318,-10.88,-28.284,-17.404,0,0,7,40,0
21,4,68,7,1,-101.872,-118.179,-10.9047,-27.2118,-16.3072,0,0,7,40,0
21,5,75,7,1,-102.736,-118.038,-10.9331,-26.235,-15.3019,0,0,7,40,0
21,6,82,7,1,-103.523,-117.895,-10.9656,-25.3371,-14.3716,0,0,7,40,0
21,7,89,7,1,-104.245,-117.749,-11.0024,-24.5059,-13.5036,0,0,7,40,0
21,8,96,7,1,-104.912,-117.6,-11.0438,-23.7318,-12.688,0,0,7,40,0
21,9,103,7,1,-105.532,-117.449,-11.0901,-23.0073,-11.9171,0,0,7,40,0
21,10,110,7,1,-106.111,-117.296,-11.1416,-22.3263,-11.1846,0,0,7,40,0
21,11,117,7,1,-106.654,-117.139,-11.1987,-21.684,-10.4853,0,0,7,40,0
21,12,124,7,1,-107.165,-116.98,-11.2616,-21.0766,-9.81496,0,0,7,40,0
21,13,131,7,1,-107.648,-116.818,-11.3307,-20.5006,-9.16989,0,0,7,40,0
21,14,138,7,1,-108.106,-116.653,-11.4064,-19.9534,-8.54706,0,0,7,40,0
21,15,145,7,1,-108.54,-116.484,-11.4889,-19.4328,-7.94385,0,0,7,40,0
21,16,152,7,1,-108.954,-116.312,-11.5788,-18.9368,-7.35795,0,0,7,40,0
21,17,159,7,1,-109.35,-116.137,-11.6763,-18.4637,-6.78737,0,0,7,40,0
21,18,166,7,1,-109.728,-115.958,-11.7819,-18.0122,-6.23034,0,0,7,40,0
21,19,173,7,1,-110.09,-115.775,-11.8959,-17.5812,-5.68528,0,0,7,40,0
21,20,180,7,1,-110.438,-115.589,-12.0187,-17.1695,-5.15079,0,0,7,40,0
21,21,187,7,1,-110.773,-115.398,-12.1507,-16.7763,-4.62556,0,0,7,40,0
21,22,194,7,1,-111.095,-115.203,-12.2924,-16.4008,-4.10845,0,0,7,40,0
21,23,201,7,1,-111.405,-115.004,-12.444,-16.0424,-3.59835,0,0,7,40,0
21,24,208,7,1,-111.705,-114.8,-12.6061,-15.7004,-3.09428,0,0,7,40,0
21,25,215,7,1,-111.995,-114.59,-12.7789,-15.3742,-2.5953,0,0,7,40,0
21,26,222,7,1,-112.276,-114.376,-12.963,-15.0635,-2.10052,0,0,7,40,0
21,27,229,7,1,-112.548,-114.157,-13.1585,-14.7676,-1.6091,0,0,7,40,0
21,28,236,7,1,-112.811,-113.931,-13.366,-14.4862,-1.12022,0,0,7,40,0
21,29,243,7,1,-113.067,-113.7,-13.5858,-14.2189,-0.633101,0,0,7,40,0
21,30,250,7,1,-113.316,-113.462,-13.8183,-13.9653,-0.146974,0,0,7,40,0
21,31,257,7,1,-113.557,-113.218,-14.0639,-13.7249,0.338925,0,0,7,40,0
21,32,264,7,1,-113.792,-112.967,-14.3229,-13.4975,0.825352,0,0,7,40,0
21,33,271,7,1,-114.021,-112.708,-14.5957,-13.2826,1.31307,0,0,7,40,1
21,34,278,7,2,-112.441,-114.244,-13.0798,-14.8828,-1.80294,1,2,7,40,0
21,35,285,7,2,-112.166,-114.462,-12.8889,-15.1845,-2.29564,0,0,7,40,0
21,36,292,7,2,-111.882,-114.674,-12.7093,-15.5013,-2.79194,0,0,7,40,0
21,37,299,7,2,-111.588,-114.881,-12.5408,-15.8336,-3.29287,0,0,7,40,0
21,38,306,7,2,-111.284,-115.083,-12.3829,-16.1821,-3.79916,0,0,7,40,0
21,39,313,7,2,-110.969,-115.281,-12.2352,-16.5472,-4.31196,0,0,7,40,0
21,40,320,7,2,-110.642,-115.474,-12.0974,-16.9295,-4.8321,0,0,7,40,0
21,41,327,7,2,-110.302,-115.663,-11.9691,-17.33,-5.36089,0,0,7,40,0
21,42,334,7,2,-109.949,-115.848,-11.8498,-17.7492,-5.89935,0,0,7,40,0
21,43,341,7,2,-109.58,-116.029,-11.7392,-18.1882,-6.44902,0,0,7,40,0
21,44,348,7,2,-109.196,-116.207,-11.6368,-18.648,-7.01116,0,0,7,40,0
21,45,355,7,2,-108.793,-116.381,-11.5424,-19.13,-7.58763,0,0,7,40,0
21,46,362,7,2,-108.371,-116.551,-11.4555,-19.6355,-8.18006,0,0,7,40,0
21,47,369,7,2,-107.928,-116.718,-11.3757,-20.1665,-8.79081,0,0,7,40,0
21,48,376,7,2,-107.46,-116.882,-11.3026,-20.7247,-9.42202,0,0,7,40,0
21,49,383,7,2,-106.967,-117.043,-11.236,-21.3128,-10.0768,0,0,7,40,0
21,50,390,7,2,-106.444,-117.202,-11.1755,-21.9335,-10.758,0,0,7,40,0
21,51,397,7,2,-105.887,-117.357,-11.1206,-22.5906,-11.47,0,0,7,40,0
21,52,404,7,2,-105.293,-117.509,-11.0712,-23.2881,-12.2169,0,0,7,40,0
21,53,411,7,2,-104.655,-117.659,-11.0269,-24.0316,-13.0047,0,0,7,40,0
21,54,418,7,2,-103.967,-117.807,-10.9873,-24.8272,-13.8399,0,0,7,40,0
21,55,425,7,2,-103.22,-117.952,-10.9522,-25.6836,-14.7313,0,0,7,40,0
21,56,432,7,2,-102.405,-118.094,-10.9214,-26.6109,-15.6895,0,0,7,40,0
21,57,439,7,2,-101.506,-118.234,-10.8945,-27.6233,-16.7288,0,0,7,40,0
21,58,446,7,2,-100.505,-118.372,-10.8713,-28.7387,-17.8674,0,0,7,40,0
22,1,57,7,1,-100.316,-118.397,-10.8676,-28.9477,-18.0801,0,0,7,50,0
22,2,64,7,1,-101.338,-118.259,-10.8901,-27.8116,-16.9214,0,0,7,50,0
22,3,71,7,1,-102.253,-118.119,-10.9164,-26.7826,-15.8662,0,0,7,50,0
22,4,78,7,1,-103.082,-117.977,-10.9465,-25.8413,-14.8948,0,0,7,50,0
22,5,85,7,1,-103.84,-117.832,-10.9808,-24.9734,-13.9926,0,0,7,50,0
22,6,92,7,1,-104.537,-117.686,-11.0195,-24.1677,-13.1481,0,0,7,50,0
22,7,99,7,1,-105.184,-117.536,-11.063,-23.4156,-12.3526,0,0,7,50,0
22,8,106,7,1,-105.785,-117.384,-11.1115,-22.7104,-11.5988,0,0,7,50,0
22,9,113,7,1,-106.348,-117.229,-11.1654,-22.0465,-10.8811,0,0,7,50,0
22,10,120,7,1,-106.877,-117.072,-11.2249,-21.4196,-10.1947,0,0,7,50,0
22,11,127,7,1,-107.375,-116.911,-11.2904,-20.826,-9.53559,0,0,7,50,0
22,12,134,7,1,-107.847,-116.748,-11.3623,-20.2627,-8.9004,0,0,7,50,0
22,13,141,7,1,-108.295,-116.581,-11.4409,-19.7272,-8.28628,0,0,7,50,0
22,14,148,7,1,-108.72,-116.411,-11.5265,-19.2173,-7.69075,0,0,7,50,0
22,15,155,7,1,-109.126,-116.238,-11.6196,-18.7313,-7.11165,0,0,7,50,0
22,16,162,7,1,-109.514,-116.061,-11.7206,-18.2676,-6.54708,0,0,7,50,0
22,17,169,7,1,-109.885,-115.88,-11.8297,-17.8251,-5.99536,0,0,7,50,0
22,18,176,7,1,-110.241,-115.696,-11.9474,-17.4024,-5.455,0,0,7,50,0
22,19,183,7,1,-110.583,-115.508,-12.0741,-16.9988,-4.92463,0,0,7,50,0
22,20,190,7,1,-110.912,-115.315,-12.2102,-16.6133,-4.40301,0,0,7,50,0
22,21,197,7,1,-111.229,-115.118,-12.3561,-16.2452,-3.88903,0,0,7,50,0
22,22,204,7,1,-111.535,-114.917,-12.5122,-15.8938,-3.38164,0,0,7,50,0
22,23,211,7,1,-111.831,-114.711,-12.6788,-15.5587,-2.87986,0,0,7,50,0
22,24,218,7,1,-112.117,-114.499,-12.8564,-15.2392,-2.38279,0,0,7,50,0
22,25,225,7,1,-112.393,-114.283,-13.0453,-14.9349,-1.88955,0,0,7,50,0
22,26,232,7,1,-112.662,-114.061,-13.246,-14.6453,-1.39931,0,0,7,50,0
22,27,239,7,1,-112.922,-113.833,-13.4587,-14.37,-0.911284,0,0,7,50,0
22,28,246,7,1,-113.174,-113.599,-13.6839,-14.1086,-0.424684,0,0,7,50,0
22,29,253,7,1,-113.42,-113.359,-13.9219,-13.8607,0.0612523,0,0,7,50,0
22,30,260,7,1,-113.659,-113.111,-14.1732,-13.6259,0.547284,0,0,7,50,0
22,31,267,7,1,-113.891,-112.857,-14.4381,-13.4039,1.03417,0,0,7,50,0
22,32,274,7,1,-114.117,-112.595,-14.7169,-13.1942,1.52268,0,0,7,50,1
22,33,281,7,2,-112.324,-114.338,-12.9966,-15.0103,-2.01372,1,2,7,50,0
22,34,288,7,2,-112.045,-114.553,-12.8106,-15.3184,-2.50781,0,0,7,50,0
22,35,295,7,2,-111.757,-114.763,-12.6358,-15.6418,-3.00604,0,0,7,50,0
22,36,302,7,2,-111.459,-114.968,-12.4718,-15.9809,-3.5091,0,0,7,50,0
22,37,309,7,2,-111.15,-115.168,-12.3184,-16.3365,-4.01811,0,0,7,50,0
22,38,316,7,2,-110.83,-115.364,-12.175,-16.7089,-4.53387,0,0,7,50,0
22,39,323,7,2,-110.498,-115.555,-12.0413,-17.0989,-5.05764,0,0,7,50,0
22,40,330,7,2,-110.152,-115.743,-11.9169,-17.5072,-5.59036,0,0,7,50,0
22,41,337,7,2,-109.793,-115.926,-11.8013,-17.9349,-6.13352,0,0,7,50,0
22,42,344,7,2,-109.417,-116.106,-11.6943,-18.3826,-6.68827,0,0,7,50,0
22,43,351,7,2,-109.025,-116.282,-11.5954,-18.8518,-7.25641,0,0,7,50,0
22,44,358,7,2,-108.615,-116.454,-11.5042,-19.3436,-7.83941,0,0,7,50,0
22,45,365,7,2,-108.184,-116.623,-11.4204,-19.8599,-8.43949,0,0,7,50,0
22,46,372,7,2,-107.73,-116.789,-11.3436,-20.4022,-9.05861,0,0,7,50,0
22,47,379,7,2,-107.252,-116.952,-11.2733,-20.9729,-9.69963,0,0,7,50,0
22,48,386,7,2,-106.746,-117.112,-11.2093,-21.5746,-10.3652,0,0,7,50,0
22,49,393,7,2,-106.209,-117.268,-11.1513,-22.2105,-11.0592,0,0,7,50,0
22,50,400,7,2,-105.637,-117.423,-11.0988,-22.8843,-11.7855,0,0,7,50,0
22,51,407,7,2,-105.025,-117.574,-11.0516,-23.6008,-12.5493,0,0,7,50,0
22,52,414,7,2,-104.367,-117.723,-11.0093,-24.3656,-13.3563,0,0,7,50,0
22,53,421,7,2,-103.655,-117.869,-10.9717,-25.1863,-14.2146,0,0,7,50,0
22,54,428,7,2,-102.88,-118.013,-10.9385,-26.0715,-15.133,0,0,7,50,0
22,55,435,7,2,-102.03,-118.155,-10.9094,-27.0335,-16.1241,0,0,7,50,0
22,56,442,7,2,-101.091,-118.294,-10.8841,-28.0873,-17.2032,0,0,7,50,0
22,57,449,7,2,-100.039,-118.431,-10.8624,-29.2545,-18.3921,0,0,7,50,0
22,58,456,7,2,-98.8466,-118.566,-10.8441,-30.5634,-19.7193,0,0,7,50,0
23,1,67,7,1,-101.741,-118.199,-10.9009,-27.3587,-16.4578,0,0,7,60,0
23,2,74,7,1,-102.618,-118.058,-10.9288,-26.3694,-15.4406,0,0,7,60,0
23,3,81,7,1,-103.415,-117.915,-10.9607,-25.4611,-14.5004,0,0,7,60,0
23,4,88,7,1,-104.146,-117.77,-10.9968,-24.621,-13.6241,0,0,7,60,0
23,5,95,7,1,-104.82,-117.622,-11.0376,-23.8392,-12.8016,0,0,7,60,0
23,6,102,7,1,-105.446,-117.471,-11.0832,-23.108,-12.0248,0,0,7,60,0
23,7,109,7,1,-106.031,-117.318,-11.1339,-22.4211,-11.2871,0,0,7,60,0
23,8,116,7,1,-106.579,-117.162,-11.1902,-21.7736,-10.5834,0,0,7,60,0
23,9,123,7,1,-107.094,-117.003,-11.2522,-21.1613,-9.9091,0,0,7,60,0
23,10,130,7,1,-107.581,-116.841,-11.3204,-20.5811,-9.26061,0,0,7,60,0
23,11,137,7,1,-108.042,-116.677,-11.3951,-20.0299,-8.63478,0,0,7,60,0
23,12,144,7,1,-108.48,-116.508,-11.4767,-19.5056,-8.02891,0,0,7,60,0
23,13,151,7,1,-108.896,-116.337,-11.5655,-19.0062,-7.44067,0,0,7,60,0
23,14,158,7,1,-109.294,-116.162,-11.6619,-18.5299,-6.86801,0,0,7,60,0
23,15,165,7,1,-109.675,-115.984,-11.7663,-18.0754,-6.30915,0,0,7,60,0
23,16,172,7,1,-110.039,-115.802,-11.8791,-17.6415,-5.76247,0,0,7,60,0
23,17,179,7,1,-110.389,-115.616,-12.0006,-17.2271,-5.22655,0,0,7,60,0
23,18,186,7,1,-110.726,-115.426,-12.1313,-16.8314,-4.70007,0,0,7,60,0
23,19,193,7,1,-111.049,-115.231,-12.2716,-16.4534,-4.18186,0,0,7,60,0
23,20,200,7,1,-111.362,-115.032,-12.4218,-16.0926,-3.67083,0,0,7,60,0
23,21,207,7,1,-111.663,-114.829,-12.5823,-15.7483,-3.16596,0,0,7,60,0
23,22,214,7,1,-111.954,-114.621,-12.7536,-15.4199,-2.66631,0,0,7,60,0
23,23,221,7,1,-112.236,-114.407,-12.936,-15.1069,-2.17098,0,0,7,60,0
23,24,228,7,1,-112.509,-114.188,-13.1299,-14.809,-1.67913,0,0,7,60,0
23,25,235,7,1,-112.774,-113.964,-13.3356,-14.5256,-1.18993,0,0,7,60,0
23,26,242,7,1,-113.031,-113.734,-13.5537,-14.2563,-0.702611,0,0,7,60,0
23,27,249,7,1,-113.28,-113.497,-13.7843,-14.0007,-0.216389,0,0,7,60,0
23,28,256,7,1,-113.523,-113.254,-14.028,-13.7585,0.269496,0,0,7,60,0
23,29,263,7,1,-113.759,-113.003,-14.285,-13.5292,0.755801,0,0,7,60,0
23,30,270,7,1,-113.989,-112.745,-14.5558,-13.3125,1.24329,0,0,7,60,1
23,31,277,7,2,-112.479,-114.213,-13.1078,-14.8413,-1.73351,1,2,7,60,0
23,32,284,7,2,-112.206,-114.431,-12.9154,-15.1405,-2.22501,0,0,7,60,0
23,33,291,7,2,-111.923,-114.644,-12.7343,-15.4551,-2.72082,0,0,7,60,0
23,34,298,7,2,-111.631,-114.851,-12.5642,-15.7852,-3.22096,0,0,7,60,0
23,35,305,7,2,-111.328,-115.054,-12.4048,-16.1313,-3.7265,0,0,7,60,0
23,36,312,7,2,-111.014,-115.253,-12.2557,-16.4939,-4.23823,0,0,7,60,0
23,37,319,7,2,-110.689,-115.447,-12.1165,-16.8739,-4.75734,0,0,7,60,0
23,38,326,7,2,-110.351,-115.636,-11.9869,-17.2716,-5.28474,0,0,7,60,0
23,39,333,7,2,-110.0,-115.822,-11.8663,-17.6881,-5.82183,0,0,7,60,0
23,40,340,7,2,-109.634,-116.004,-11.7545,-18.1242,-6.36972,0,0,7,60,0
23,41,347,7,2,-109.251,-116.182,-11.651,-18.581,-6.93007,0,0,7,60,0
23,42,354,7,2,-108.852,-116.356,-11.5554,-19.0597,-7.50428,0,0,7,60,0
23,43,361,7,2,-108.433,-116.527,-11.4674,-19.5618,-8.09442,0,0,7,60,0
23,44,368,7,2,-107.992,-116.695,-11.3866,-20.0889,-8.7023,0,0,7,60,0
23,45,375,7,2,-107.529,-116.859,-11.3127,-20.6432,-9.33055,0,0,7,60,0
23,46,382,7,2,-107.039,-117.021,-11.2452,-21.2268,-9.98162,0,0,7,60,0
23,47,389,7,2,-106.52,-117.179,-11.1837,-21.8428,-10.659,0,0,7,60,0
23,48,396,7,2,-105.969,-117.335,-11.1281,-22.4943,-11.3662,0,0,7,60,0
23,49,403,7,2,-105.38,-117.488,-11.0779,-23.1859,-12.1079,0,0,7,60,0
23,50,410,7,2,-104.749,-117.638,-11.0329,-23.9222,-12.8894,0,0,7,60,0
23,51,417,7,2,-104.068,-117.786,-10.9927,-24.7101,-13.7175,0,0,7,60,0
23,52,424,7,2,-103.331,-117.931,-10.957,-25.557,-14.6001,0,0,7,60,0
23,53,431,7,2,-102.526,-118.074,-10.9255,-26.4737,-15.5481,0,0,7,60,0
23,54,438,7,2,-101.64,-118.215,-10.8981,-27.4727,-16.5746,0,0,7,60,0
23,55,445,7,2,-100.655,-118.353,-10.8744,-28.5724,-17.6979,0,0,7,60,0
23,56,452,7,2,-99.5473,-118.489,-10.8542,-29.7959,-18.9417,0,0,7,60,0
23,57,459,7,2,-98.2825,-118.623,-10.8373,-31.1779,-20.3406,0,0,7,60,0
23,58,466,7,2,-96.8121,-118.755,-10.8234,-32.7665,-21.943,0,0,7,60,0
24,1,77,7,1,-102.968,-117.997,-10.9419,-25.971,-15.0291,0,0,7,70,0
24,2,84,7,1,-103.736,-117.853,-10.9756,-25.0933,-14.1177,0,0,7,70,0
24,3,91,7,1,-104.441,-117.707,-11.0137,-24.2793,-13.2656,0,0,7,70,0
24,4,98,7,1,-105.094,-117.558,-11.0565,-23.52,-12.4635,0,0,7,70,0
24,5,105,7,1,-105.702,-117.406,-11.1043,-22.8085,-11.7042,0,0,7,70,0
24,6,112,7,1,-106.27,-117.251,-11.1574,-22.139,-10.9816,0,0,7,70,0
24,7,119,7,1,-106.803,-117.094,-11.2161,-21.5071,-10.291,0,0,7,70,0
24,8,126,7,1,-107.306,-116.934,-11.2807,-20.9089,-9.62821,0,0,7,70,0
24,9,133,7,1,-107.781,-116.771,-11.3516,-20.3414,-8.98979,0,0,7,70,0
24,10,140,7,1,-108.232,-116.605,-11.4292,-19.8021,-8.37282,0,0,7,70,0
24,11,147,7,1,-108.661,-116.435,-11.5139,-19.2886,-7.77477,0,0,7,70,0
24,12,154,7,1,-109.069,-116.263,-11.6059,-18.7993,-7.19344,0,0,7,70,0
24,13,161,7,1,-109.459,-116.086,-11.7056,-18.3326,-6.62691,0,0,7,70,0
24,14,168,7,1,-109.833,-115.906,-11.8136,-17.887,-6.07345,0,0,7,70,0
24,15,175,7,1,-110.191,-115.723,-11.9301,-17.4616,-5.53155,0,0,7,70,0
24,16,182,7,1,-110.535,-115.535,-12.0555,-17.0553,-4.99983,0,0,7,70,0
24,17,189,7,1,-110.866,-115.343,-12.1902,-16.6673,-4.47704,0,0,7,70,0
24,18,196,7,1,-111.185,-115.147,-12.3347,-16.2967,-3.96203,0,0,7,70,0
24,19,203,7,1,-111.492,-114.946,-12.4893,-15.943,-3.45376,0,0,7,70,0
24,20,210,7,1,-111.789,-114.74,-12.6544,-15.6056,-2.95124,0,0,7,70,0
24,21,217,7,1,-112.076,-114.53,-12.8304,-15.2839,-2.45354,0,0,7,70,0
24,22,224,7,1,-112.354,-114.314,-13.0176,-14.9774,-1.95981,0,0,7,70,0
24,23,231,7,1,-112.624,-114.093,-13.2166,-14.6858,-1.46919,0,0,7,70,0
24,24,238,7,1,-112.885,-113.866,-13.4275,-14.4084,-0.980897,0,0,7,70,0
24,25,245,7,1,-113.139,-113.633,-13.6509,-14.1451,-0.49414,0,0,7,70,0
24,26,252,7,1,-113.385,-113.393,-13.8871,-13.8953,-0.00815537,0,0,7,70,0
24,27,259,7,1,-113.625,-113.147,-14.1365,-13.6587,0.477817,0,0,7,70,0
24,28,266,7,1,-113.858,-112.894,-14.3994,-13.4348,0.964535,0,0,7,70,0
24,29,273,7,1,-114.085,-112.633,-14.6762,-13.2235,1.45277,0,0,7,70,1
24,30,280,7,2,-112.363,-114.307,-13.0241,-14.9675,-1.94337,1,2,7,70,0
24,31,287,7,2,-112.086,-114.523,-12.8364,-15.2735,-2.43704,0,0,7,70,0
24,32,294,7,2,-111.799,-114.733,-12.6601,-15.5946,-2.93455,0,0,7,70,0
24,33,301,7,2,-111.502,-114.939,-12.4946,-15.9315,-3.43694,0,0,7,70,0
24,34,308,7,2,-111.195,-115.14,-12.3397,-16.2846,-3.94496,0,0,7,70,0
24,35,315,7,2,-110.877,-115.336,-12.1949,-16.6546,-4.45978,0,0,7,70,0
24,36,322,7,2,-110.546,-115.528,-12.0598,-17.0421,-4.98224,0,0,7,70,0
24,37,329,7,2,-110.203,-115.716,-11.9341,-17.4478,-5.5137,0,0,7,70,0
24,38,336,7,2,-109.845,-115.9,-11.8173,-17.8725,-6.05519,0,0,7,70,0
24,39,343,7,2,-109.472,-116.08,-11.7091,-18.3174,-6.6083,0,0,7,70,0
24,40,350,7,2,-109.082,-116.257,-11.6091,-18.7834,-7.17432,0,0,7,70,0
24,41,357,7,2,-108.674,-116.43,-11.5168,-19.272,-7.75519,0,0,7,70,0
24,42,364,7,2,-108.247,-116.599,-11.432,-19.7845,-8.35258,0,0,7,70,0
24,43,371,7,2,-107.797,-116.766,-11.3541,-20.3231,-8.96896,0,0,7,70,0
24,44,378,7,2,-107.322,-116.929,-11.283,-20.8895,-9.60655,0,0,7,70,0
24,45,385,7,2,-106.82,-117.089,-11.2181,-21.4867,-10.2686,0,0,7,70,0
24,46,392,7,2,-106.288,-117.246,-11.1592,-22.1174,-10.9581,0,0,7,70,0
24,47,399,7,2,-105.721,-117.401,-11.106,-22.7856,-11.6796,0,0,7,70,0
24,48,406,7,2,-105.115,-117.553,-11.058,-23.4956,-12.4375,0,0,7,70,0
24,49,413,7,2,-104.464,-117.702,-11.0151,-24.2533,-13.2382,0,0,7,70,0
24,50,420,7,2,-103.76,-117.848,-10.9768,-25.0652,-14.0884,0,0,7,70,0
24,51,427,7,2,-102.995,-117.993,-10.943,-25.9408,-14.9978,0,0,7,70,0
24,52,434,7,2,-102.157,-118.134,-10.9133,-26.8907,-15.9774,0,0,7,70,0
24,53,441,7,2,-101.231,-118.274,-10.8875,-27.9306,-17.0431,0,0,7,70,0
24,54,448,7,2,-100.197,-118.411,-10.8653,-29.0797,-18.2144,0,0,7,70,0
24,55,455,7,2,-99.0268,-118.547,-10.8466,-30.3665,-19.52,0,0,7,70,0
24,56,462,7,2,-97.6813,-118.68,-10.831,-31.8296,-20.9986,0,0,7,70,0
24,57,469,7,2,-96.1012,-118.811,-10.8184,-33.5282,-22.7099,0,0,7,70,0
24,58,476,7,2,-94.1983,-118.94,-10.8085,-35.5505,-24.742,0,0,7,70,0
25,1,87,7,1,-104.045,-117.791,-10.9914,-24.7372,-13.7458,0,0,7,80,0
25,2,94,7,1,-104.727,-117.643,-11.0315,-23.9476,-12.9162,0,0,7,80,0
25,3,101,7,1,-105.36,-117.493,-11.0764,-23.2096,-12.1332,0,0,7,80,0
25,4,108,7,1,-105.95,-117.34,-11.1264,-22.5167,-11.3903,0,0,7,80,0
25,5,115,7,1,-106.502,-117.184,-11.1818,-21.8638,-10.682,0,0,7,80,0
25,6,122,7,1,-107.022,-117.026,-11.243,-21.2468,-10.0038,0,0,7,80,0
25,7,129,7,1,-107.513,-116.865,-11.3103,-20.6621,-9.3518,0,0,7,80,0
25,8,136,7,1,-107.977,-116.7,-11.3841,-20.107,-8.72291,0,0,7,80,0
25,9,143,7,1,-108.418,-116.533,-11.4646,-19.579,-8.11433,0,0,7,80,0
25,10,150,7,1,-108.838,-116.362,-11.5524,-19.0761,-7.5237,0,0,7,80,0
25,11,157,7,1,-109.239,-116.187,-11.6477,-18.5966,-6.94894,0,0,7,80,0
25,12,164,7,1,-109.621,-116.01,-11.7509,-18.1391,-6.3882,0,0,7,80,0
25,13,171,7,1,-109.988,-115.828,-11.8624,-17.7023,-5.83988,0,0,7,80,0
25,14,178,7,1,-110.34,-115.643,-11.9827,-17.2852,-5.3025,0,0,7,80,0
25,15,185,7,1,-110.678,-115.453,-12.1121,-16.8868,-4.77475,0,0,7,80,0
25,16,192,7,1,-111.004,-115.259,-12.2509,-16.5063,-4.25543,0,0,7,80,0
25,17,199,7,1,-111.318,-115.061,-12.3997,-16.1431,-3.74344,0,0,7,80,0
25,18,206,7,1,-111.621,-114.858,-12.5587,-15.7965,-3.23774,0,0,7,80,0
25,19,213,7,1,-111.913,-114.651,-12.7284,-15.4658,-2.7374,0,0,7,80,0
25,20,220,7,1,-112.197,-114.438,-12.9092,-15.1507,-2.24151,0,0,7,80,0
25,21,227,7,1,-112.471,-114.22,-13.1014,-14.8506,-1.74921,0,0,7,80,0
25,22,234,7,1,-112.737,-113.996,-13.3055,-14.5652,-1.25968,0,0,7,80,0
25,23,241,7,1,-112.995,-113.767,-13.5217,-14.2939,-0.772143,0,0,7,80,0
25,24,248,7,1,-113.245,-113.531,-13.7506,-14.0364,-0.285811,0,0,7,80,0
25,25,255,7,1,-113.489,-113.289,-13.9924,-13.7923,0.200076,0,0,7,80,0
25,26,262,7,1,-113.726,-113.039,-14.2475,-13.5612,0.686274,0,0,7,80,0
25,27,269,7,1,-113.956,-112.783,-14.5163,-13.3427,1.17355,0,0,7,80,1
25,28,276,7,2,-112.518,-114.181,-13.1366,-14.7992,-1.66266,1,2,7,80,0
25,29,283,7,2,-112.245,-114.4,-12.9422,-15.0968,-2.15454,0,0,7,80,0
25,30,290,7,2,-111.964,-114.614,-12.7595,-15.4092,-2.6497,0,0,7,80,0
25,31,297,7,2,-111.673,-114.822,-12.5878,-15.7371,-3.14924,0,0,7,80,0
25,32,304,7,2,-111.372,-115.026,-12.4269,-16.0808,-3.65388,0,0,7,80,0
25,33,311,7,2,-111.06,-115.225,-12.2764,-16.4411,-4.16474,0,0,7,80,0
25,34,318,7,2,-110.736,-115.419,-12.1358,-16.8185,-4.68265,0,0,7,80,0
25,35,325,7,2,-110.401,-115.609,-12.0048,-17.2137,-5.20888,0,0,7,80,0
25,36,332,7,2,-110.051,-115.796,-11.883,-17.6274,-5.74442,0,0,7,80,0
25,37,339,7,2,-109.687,-115.978,-11.7699,-18.0607,-6.29078,0,0,7,80,0
25,38,346,7,2,-109.307,-116.156,-11.6653,-18.5144,-6.84915,0,0,7,80,0
25,39,353,7,2,-108.91,-116.331,-11.5686,-18.99,-7.42139,0,0,7,80,0
25,40,360,7,2,-108.494,-116.503,-11.4796,-19.4886,-8.00902,0,0,7,80,0
25,41,367,7,2,-108.057,-116.671,-11.3977,-20.0121,-8.61434,0,0,7,80,0
25,42,374,7,2,-107.596,-116.836,-11.3228,-20.5622,-9.2394,0,0,7,80,0
25,43,381,7,2,-107.111,-116.998,-11.2544,-21.1416,-9.88716,0,0,7,80,0
25,44,388,7,2,-106.596,-117.157,-11.1922,-21.7526,-10.5604,0,0,7,80,0
25,45,395,7,2,-106.05,-117.313,-11.1357,-22.399,-11.2632,0,0,7,80,0
25,46,402,7,2,-105.467,-117.466,-11.0848,-23.0844,-11.9996,0,0,7,80,0
25,47,409,7,2,-104.842,-117.617,-11.039,-23.8142,-12.7751,0,0,7,80,0
25,48,416,7,2,-104.169,-117.765,-10.9981,-24.594,-13.5959,0,0,7,80,0
25,49,423,7,2,-103.44,-117.91,-10.9618,-25.4322,-14.4704,0,0,7,80,0
25,50,430,7,2,-102.646,-118.054,-10.9298,-26.3379,-15.4081,0,0,7,80,0
25,51,437,7,2,-101.772,-118.195,-10.9018,-27.3244,-16.4227,0,0,7,80,0
25,52,444,7,2,-100.803,-118.333,-10.8776,-28.4081,-17.5306,0,0,7,80,0
25,53,451,7,2,-99.7141,-118.47,-10.8569,-29.6125,-18.7557,0,0,7,80,0
25,54,458,7,2,-98.4746,-118.604,-10.8395,-30.9689,-20.1294,0,0,7,80,0
25,55,465,7,2,-97.037,-118.736,-10.8252,-32.5246,-21.6994,0,0,7,80,0
25,56,472,7,2,-95.3322,-118.867,-10.8138,-34.3483,-23.5345,0,0,7,80,0
25,57,479,7,2,-93.251,-118.995,-10.8051,-36.5492,-25.7441,0,0,7,80,0
25,58,486,7,2,-90.6319,-119.122,-10.7989,-39.2887,-28.4898,0,0,7,80,0
26,1,97,7,1,-105.004,-117.579,-11.0501,-23.6254,-12.5753,0,0,7,90,0
26,2,104,7,1,-105.617,-117.428,-11.0971,-22.9074,-11.8103,0,0,7,90,0
26,3,111,7,1,-106.191,-117.274,-11.1494,-22.2323,-11.0828,0,0,7,90,0
26,4,118,7,1,-106.729,-117.117,-11.2073,-21.5952,-10.3879,0,0,7,90,0
26,5,125,7,1,-107.236,-116.957,-11.2711,-20.9924,-9.72133,0,0,7,90,0
26,6,132,7,1,-107.715,-116.795,-11.3411,-20.4207,-9.07962,0,0,7,90,0
26,7,139,7,1,-108.169,-116.629,-11.4177,-19.8775,-8.45975,0,0,7,90,0
26,8,146,7,1,-108.601,-116.46,-11.5013,-19.3605,-7.85914,0,0,7,90,0
26,9,153,7,1,-109.012,-116.288,-11.5923,-18.8678,-7.27554,0,0,7,90,0
26,10,160,7,1,-109.405,-116.112,-11.6909,-18.3979,-6.707,0,0,7,90,0
26,11,167,7,1,-109.78,-115.932,-11.7976,-17.9494,-6.15178,0,0,7,90,0
26,12,174,7,1,-110.141,-115.749,-11.9129,-17.5212,-5.60831,0,0,7,90,0
26,13,181,7,1,-110.487,-115.562,-12.037,-17.1122,-5.07521,0,0,7,90,0
26,14,188,7,1,-110.819,-115.371,-12.1704,-16.7216,-4.55122,0,0,7,90,0
26,15,195,7,1,-111.14,-115.175,-12.3134,-16.3486,-4.03517,0,0,7,90,0
26,16,202,7,1,-111.449,-114.975,-12.4666,-15.9925,-3.526,0,0,7,90,0
26,17,209,7,1,-111.747,-114.77,-12.6301,-15.6528,-3.02271,0,0,7,90,0
26,18,216,7,1,-112.036,-114.56,-12.8045,-15.3289,-2.52438,0,0,7,90,0
26,19,223,7,1,-112.315,-114.345,-12.9902,-15.0203,-2.03013,0,0,7,90,0
26,20,230,7,1,-112.586,-114.125,-13.1874,-14.7265,-1.53912,0,0,7,90,0
26,21,237,7,1,-112.848,-113.899,-13.3967,-14.4472,-1.05054,0,0,7,90,0
26,22,244,7,1,-113.103,-113.667,-13.6182,-14.1819,-0.563612,0,0,7,90,0
26,23,251,7,1,-113.35,-113.428,-13.8526,-13.9301,-0.0775633,0,0,7,90,0
26,24,258,7,1,-113.591,-113.183,-14.1,-13.6917,0.408364,0,0,7,90,0
26,25,265,7,1,-113.825,-112.93,-14.361,-13.466,0.894929,0,0,7,90,0
26,26,272,7,1,-114.053,-112.67,-14.6358,-13.2529,1.3829,0,0,7,90,1
26,27,279,7,2,-112.402,-114.275,-13.0518,-14.925,-1.87317,1,2,7,90,0
26,28,286,7,2,-112.126,-114.492,-12.8625,-15.2288,-2.36626,0,0,7,90,0
26,29,293,7,2,-111.84,-114.704,-12.6846,-15.5478,-2.86324,0,0,7,90,0
26,30,300,7,2,-111.545,-114.91,-12.5176,-15.8824,-3.3648,0,0,7,90,0
26,31,307,7,2,-111.239,-115.112,-12.3612,-16.2332,-3.87204,0,0,7,90,0
26,32,314,7,2,-110.923,-115.309,-12.215,-16.6007,-4.38574,0,0,7,90,0
26,33,321,7,2,-110.594,-115.501,-12.0785,-16.9856,-4.90713,0,0,7,90,0
26,34,328,7,2,-110.253,-115.69,-11.9515,-17.3886,-5.43714,0,0,7,90,0
26,35,335,7,2,-109.897,-115.874,-11.8335,-17.8107,-5.97721,0,0,7,90,0
26,36,342,7,2,-109.526,-116.055,-11.7241,-18.2525,-6.52847,0,0,7,90,0
26,37,349,7,2,-109.139,-116.232,-11.6229,-18.7155,-7.09265,0,0,7,90,0
26,38,356,7,2,-108.734,-116.405,-11.5295,-19.2007,-7.67118,0,0,7,90,0
26,39,363,7,2,-108.309,-116.575,-11.4436,-19.7098,-8.2662,0,0,7,90,0
26,40,370,7,2,-107.862,-116.742,-11.3648,-20.2444,-8.8796,0,0,7,90,0
26,41,377,7,2,-107.392,-116.906,-11.2927,-20.8068,-9.51412,0,0,7,90,0
26,42,384,7,2,-106.894,-117.066,-11.227,-21.3993,-10.1723,0,0,7,90,0
26,43,391,7,2,-106.366,-117.224,-11.1673,-22.0251,-10.8579,0,0,7,90,0
26,44,398,7,2,-105.804,-117.379,-11.1132,-22.6876,-11.5744,0,0,7,90,0
26,45,405,7,2,-105.204,-117.531,-11.0646,-23.3915,-12.3269,0,0,7,90,0
26,46,412,7,2,-104.56,-117.681,-11.0209,-24.1418,-13.1209,0,0,7,90,0
26,47,419,7,2,-103.864,-117.828,-10.982,-24.9457,-13.9637,0,0,7,90,0
26,48,426,7,2,-103.108,-117.972,-10.9476,-25.8113,-14.8637,0,0,7,90,0
26,49,433,7,2,-102.282,-118.114,-10.9173,-26.75,-15.8327,0,0,7,90,0
26,50,440,7,2,-101.37,-118.254,-10.891,-27.7757,-16.8847,0,0,7,90,0
26,51,447,7,2,-100.352,-118.392,-10.8683,-28.9081,-18.0398,0,0,7,90,0
26,52,454,7,2,-99.2038,-118.528,-10.849,-30.1728,-19.3237,0,0,7,90,0
26,53,461,7,2,-97.886,-118.661,-10.833,-31.6081,-20.775,0,0,7,90,0
26,54,468,7,2,-96.3445,-118.792,-10.82,-33.2679,-22.448,0,0,7,90,0
26,55,475,7,2,-94.4942,-118.922,-10.8098,-35.2375,-24.4277,0,0,7,90,0
26,56,482,7,2,-92.2061,-119.05,-10.8022,-37.6456,-26.8435,0,0,7,90,0
26,57,489,7,2,-89.2982,-119.175,-10.797,-40.6741,-29.8771,0,0,7,90,0
26,58,496,7,2,-85.8232,-119.299,-10.7941,-44.2701,-33.476,0,0,7,90,0
27,1,107,7,1,-105.868,-117.362,-11.1189,-22.6131,-11.4942,0,0,7,100,0
27,2,114,7,1,-106.426,-117.207,-11.1735,-21.9548,-10.7813,0,0,7,100,0
27,3,121,7,1,-106.95,-117.049,-11.2339,-21.3329,-10.099,0,0,7,100,0
27,4,128,7,1,-107.444,-116.888,-11.3003,-20.7438,-9.44346,0,0,7,100,0
27,5,135,7,1,-107.912,-116.724,-11.3731,-20.1846,-8.81144,0,0,7,100,0
27,6,142,7,1,-108.357,-116.557,-11.4527,-19.6528,-8.20012,0,0,7,100,0
27,7,149,7,1,-108.779,-116.386,-11.5394,-19.1464,-7.60706,0,0,7,100,0
27,8,156,7,1,-109.182,-116.213,-11.6336,-18.6637,-7.03015,0,0,7,100,0
27,9,163,7,1,-109.568,-116.035,-11.7356,-18.2031,-6.46751,0,0,7,100,0
27,10,170,7,1,-109.937,-115.854,-11.846,-17.7635,-5.91751,0,0,7,100,0
27,11,177,7,1,-110.291,-115.669,-11.965,-17.3436,-5.37865,0,0,7,100,0
27,12,184,7,1,-110.631,-115.48,-12.093,-16.9426,-4.8496,0,0,7,100,0
27,13,191,7,1,-110.958,-115.287,-12.2305,-16.5596,-4.32915,0,0,7,100,0
27,14,198,7,1,-111.274,-115.09,-12.3778,-16.194,-3.81617,0,0,7,100,0
27,15,205,7,1,-111.578,-114.888,-12.5354,-15.845,-3.30964,0,0,7,100,0
27,16,212,7,1,-111.872,-114.681,-12.7035,-15.5121,-2.80859,0,0,7,100,0
27,17,219,7,1,-112.157,-114.469,-12.8827,-15.1948,-2.31211,0,0,7,100,0
27,18,226,7,1,-112.432,-114.251,-13.0733,-14.8926,-1.81935,0,0,7,100,0
27,19,233,7,1,-112.699,-114.029,-13.2756,-14.6051,-1.32948,0,0,7,100,0
27,20,240,7,1,-112.958,-113.8,-13.4901,-14.3318,-0.8417,0,0,7,100,0
27,21,247,7,1,-113.21,-113.565,-13.7171,-14.0723,-0.355242,0,0,7,100,0
27,22,254,7,1,-113.454,-113.324,-13.957,-13.8263,0.130662,0,0,7,100,0
27,23,261,7,1,-113.692,-113.075,-14.2102,-13.5934,0.61677,0,0,7,100,0
27,24,268,7,1,-113.924,-112.82,-14.477,-13.3732,1.10384,0,0,7,100,0
27,25,275,7,1,-114.149,-112.557,-14.7579,-13.1653,1.59265,0,0,7,100,1
27,26,282,7,2,-112.285,-114.369,-12.9693,-15.0534,-2.08406,1,2,7,100,0
27,27,289,7,2,-112.005,-114.583,-12.7849,-15.3636,-2.57876,0,0,7,100,0
27,28,296,7,2,-111.715,-114.793,-12.6117,-15.6892,-3.07754,0,0,7,100,0
27,29,303,7,2,-111.415,-114.997,-12.4493,-16.0308,-3.58148,0,0,7,100,0
27,30,310,7,2,-111.105,-115.197,-12.2973,-16.3886,-4.09131,0,0,7,100,0
27,31,317,7,2,-110.783,-115.392,-12.1553,-16.7635,-4.60823,0,0,7,100,0
27,32,324,7,2,-110.449,-115.582,-12.023,-17.1561,-5.13311,0,0,7,100,0
27,33,331,7,2,-110.102,-115.769,-11.8998,-17.5672,-5.66734,0,0,7,100,0
27,34,338,7,2,-109.74,-115.952,-11.7856,-17.9975,-6.21197,0,0,7,100,0
27,35,345,7,2,-109.362,-116.131,-11.6797,-18.4483,-6.76864,0,0,7,100,0
27,36,352,7,2,-108.968,-116.307,-11.5819,-18.9206,-7.33868,0,0,7,100,0
27,37,359,7,2,-108.554,-116.478,-11.4918,-19.4159,-7.9241,0,0,7,100,0
27,38,366,7,2,-108.12,-116.647,-11.409,-19.9357,-8.52664,0,0,7,100,0
27,39,373,7,2,-107.664,-116.813,-11.3331,-20.482,-9.14885,0,0,7,100,0
27,40,380,7,2,-107.182,-116.975,-11.2638,-21.0569,-9.79306,0,0,7,100,0
27,41,387,7,2,-106.672,-117.134,-11.2007,-21.6633,-10.4626,0,0,7,100,0
27,42,394,7,2,-106.13,-117.291,-11.1434,-22.3043,-11.1608,0,0,7,100,0
27,43,401,7,2,-105.552,-117.444,-11.0917,-22.984,-11.8922,0,0,7,100,0
27,44,408,7,2,-104.934,-117.595,-11.0453,-23.7069,-12.6616,0,0,7,100,0
27,45,415,7,2,-104.268,-117.744,-11.0037,-24.4794,-13.4757,0,0,7,100,0
27,46,422,7,2,-103.548,-117.89,-10.9667,-25.3084,-14.3417,0,0,7,100,0
27,47,429,7,2,-102.763,-118.033,-10.9341,-26.204,-15.2699,0,0,7,100,0
27,48,436,7,2,-101.902,-118.175,-10.9056,-27.1779,-16.2723,0,0,7,100,0
27,49,443,7,2,-100.948,-118.314,-10.8808,-28.2467,-17.3659,0,0,7,100,0
27,50,450,7,2,-99.8781,-118.45,-10.8596,-29.4319,-18.5722,0,0,7,100,0
27,51,457,7,2,-98.6623,-118.585,-10.8418,-30.7645,-19.9227,0,0,7,100,0
27,52,464,7,2,-97.257,-118.718,-10.8271,-32.2877,-21.4606,0,0,7,100,0
27,53,471,7,2,-95.5954,-118.848,-10.8153,-34.0681,-23.2528,0,0,7,100,0
27,54,478,7,2,-93.5773,-118.977,-10.8062,-36.2058,-25.3996,0,0,7,100,0
27,55,485,7,2,-91.0459,-119.104,-10.7996,-38.8575,-28.0578,0,0,7,100,0
27,56,492,7,2,-87.8399,-119.229,-10.7955,-42.1842,-31.3888,0,0,7,100,0
27,57,499,7,2,-84.5656,-119.352,-10.7935,-45.5797,-34.7862,0,0,7,100,0
27,58,506,7,2,-84.8401,-119.473,-10.7936,-45.4267,-34.6332,0,0,7,100,0
28,1,28,8,1,-94.0351,-118.95,-10.8079,-35.723,-24.9151,0,0,8,20,0
28,2,36,8,1,-96.2147,-118.802,-10.8191,-33.4069,-22.5878,0,0,8,20,0
28,3,44,8,1,-97.9795,-118.652,-10.834,-31.5067,-20.6727,0,0,8,20,0
28,4,52,8,1,-99.4564,-118.499,-10.8528,-29.8958,-19.043,0,0,8,20,0
28,5,60,8,1,-100.724,-118.344,-10.8759,-28.4959,-17.62,0,0,8,20,0
28,6,68,8,1,-101.833,-118.185,-10.9035,-27.2562,-16.3527,0,0,8,20,0
28,7,76,8,1,-102.818,-118.024,-10.9361,-26.1423,-15.2062,0,0,8,20,0
28,8,84,8,1,-103.704,-117.86,-10.9741,-25.13,-14.1559,0,0,8,20,0
28,9,92,8,1,-104.508,-117.692,-11.0178,-24.2014,-13.1836,0,0,8,20,0
28,10,100,8,1,-105.245,-117.521,-11.0676,-23.3434,-12.2758,0,0,8,20,0
28,11,108,8,1,-105.925,-117.347,-11.1241,-22.5458,-11.4217,0,0,8,20,0
28,12,116,8,1,-106.556,-117.169,-11.1876,-21.8008,-10.6132,0,0,8,20,0
28,13,124,8,1,-107.144,-116.987,-11.2588,-21.1022,-9.84342,0,0,8,20,0
28,14,132,8,1,-107.695,-116.802,-11.3379,-20.4449,-9.10691,0,0,8,20,0
28,15,140,8,1,-108.213,-116.612,-11.4257,-19.8248,-8.3991,0,0,8,20,0
28,16,148,8,1,-108.702,-116.418,-11.5227,-19.2388,-7.71616,0,0,8,20,0
28,17,156,8,1,-109.165,-116.22,-11.6293,-18.6841,-7.05479,0,0,8,20,0
28,18,164,8,1,-109.605,-116.017,-11.7462,-18.1584,-6.41219,0,0,8,20,0
28,19,172,8,1,-110.024,-115.81,-11.874,-17.6599,-5.78588,0,0,8,20,0
28,20,180,8,1,-110.423,-115.597,-12.0132,-17.1869,-5.1737,0,0,8,20,0
28,21,188,8,1,-110.805,-115.379,-12.1644,-16.7381,-4.5737,0,0,8,20,0
28,22,196,8,1,-111.171,-115.155,-12.3282,-16.3124,-3.98415,0,0,8,20,0
28,23,204,8,1,-111.522,-114.926,-12.5052,-15.9087,-3.40345,0,0,8,20,0
28,24,212,8,1,-111.86,-114.69,-12.696,-15.5262,-2.83014,0,0,8,20,0
28,25,220,8,1,-112.184,-114.447,-12.9012,-15.164,-2.26286,0,0,8,20,0
28,26,228,8,1,-112.498,-114.198,-13.1212,-14.8216,-1.70032,0,0,8,20,0
28,27,236,8,1,-112.8,-113.941,-13.3568,-14.4981,-1.14131,0,0,8,20,0
28,28,244,8,1,-113.092,-113.677,-13.6084,-14.193,-0.584632,0,0,8,20,0
28,29,252,8,1,-113.375,-113.404,-13.8766,-13.9058,-0.0291512,0,0,8,20,0
28,30,260,8,1,-113.648,-113.122,-14.1621,-13.6358,0.52627,0,0,8,20,0
28,31,268,8,1,-113.914,-112.831,-14.4652,-13.3824,1.08277,0,0,8,20,1
28,32,276,8,2,-112.53,-114.171,-13.1452,-14.7867,-1.64148,1,2,8,20,0
28,33,284,8,2,-112.218,-114.421,-12.9235,-15.1272,-2.20374,0,0,8,20,0
28,34,292,8,2,-111.894,-114.665,-12.7168,-15.4873,-2.77042,0,0,8,20,0
28,35,300,8,2,-111.558,-114.901,-12.5246,-15.8677,-3.34309,0,0,8,20,0
28,36,308,8,2,-111.208,-115.131,-12.3462,-16.2691,-3.9229,0,0,8,20,0
28,37,316,8,2,-110.844,-115.356,-12.181,-16.6925,-4.51151,0,0,8,20,0
28,38,324,8,2,-110.464,-115.574,-12.0285,-17.1388,-5.11028,0,0,8,20,0
28,39,332,8,2,-110.066,-115.788,-11.888,-17.6092,-5.72116,0,0,8,20,0
28,40,340,8,2,-109.65,-115.996,-11.7591,-18.1049,-6.34583,0,0,8,20,0
28,41,348,8,2,-109.212,-116.199,-11.6411,-18.6278,-6.98669,0,0,8,20,0
28,42,356,8,2,-108.752,-116.398,-11.5334,-19.1793,-7.64589,0,0,8,20,0
28,43,364,8,2,-108.265,-116.592,-11.4355,-19.762,-8.32652,0,0,8,20,0
28,44,372,8,2,-107.75,-116.782,-11.3467,-20.3782,-9.03148,0,0,8,20,0
28,45,380,8,2,-107.203,-116.968,-11.2667,-21.0315,-9.76487,0,0,8,20,0
28,46,388,8,2,-106.619,-117.15,-11.1947,-21.7256,-10.5308,0,0,8,20,0
28,47,396,8,2,-105.993,-117.328,-11.1304,-22.4655,-11.3351,0,0,8,20,0
28,48,404,8,2,-105.319,-117.503,-11.0732,-23.2571,-12.1839,0,0,8,20,0
28,49,412,8,2,-104.588,-117.674,-11.0227,-24.1085,-13.0858,0,0,8,20,0
28,50,420,8,2,-103.791,-117.842,-10.9784,-25.029,-14.0506,0,0,8,20,0
28,51,428,8,2,-102.915,-118.007,-10.9398,-26.032,-15.0922,0,0,8,20,0
28,52,436,8,2,-101.941,-118.169,-10.9067,-27.1341,-16.2274,0,0,8,20,0
28,53,444,8,2,-100.846,-118.327,-10.8785,-28.3594,-17.4809,0,0,8,20,0
28,54,452,8,2,-99.5979,-118.483,-10.855,-29.7403,-18.8853,0,0,8,20,0
28,55,460,8,2,-98.1457,-118.636,-10.8358,-31.3264,-20.4906,0,0,8,20,0
28,56,468,8,2,-96.4162,-118.787,-10.8205,-33.1911,-22.3706,0,0,8,20,0
28,57,476,8,2,-94.2876,-118.935,-10.8089,-35.456,-24.6471,0,0,8,20,0
28,58,484,8,2,-91.5637,-119.08,-10.8007,-38.3172,-27.5165,0,0,8,20,0
29,1,38,8,1,-96.6888,-118.765,-10.8225,-32.8989,-22.0764,0,0,8,30,0
29,2,46,8,1,-98.3721,-118.614,-10.8383,-31.0805,-20.2422,0,0,8,30,0
29,3,54,8,1,-99.7905,-118.461,-10.8582,-29.5284,-18.6702,0,0,8,30,0
29,4,62,8,1,-101.014,-118.304,-10.8823,-28.1725,-17.2902,0,0,8,30,0
29,5,70,8,1,-102.089,-118.145,-10.9112,-26.967,-16.0558,0,0,8,30,0
29,6,78,8,1,-103.048,-117.983,-10.9451,-25.8805,-14.9354,0,0,8,30,0
29,7,86,8,1,-103.912,-117.818,-10.9845,-24.8905,-13.9061,0,0,8,30,0
29,8,94,8,1,-104.698,-117.65,-11.0296,-23.9807,-12.9511,0,0,8,30,0
29,9,102,8,1,-105.42,-117.478,-11.0811,-23.1387,-12.0576,0,0,8,30,0
29,10,110,8,1,-106.087,-117.303,-11.1393,-22.3549,-11.2156,0,0,8,30,0
29,11,118,8,1,-106.706,-117.124,-11.2047,-21.622,-10.4173,0,0,8,30,0
29,12,126,8,1,-107.285,-116.941,-11.2778,-20.9341,-9.65637,0,0,8,30,0
29,13,134,8,1,-107.827,-116.755,-11.3591,-20.2865,-8.92743,0,0,8,30,0
29,14,142,8,1,-108.338,-116.564,-11.4491,-19.6753,-8.22617,0,0,8,30,0
29,15,150,8,1,-108.82,-116.369,-11.5484,-19.0973,-7.54891,0,0,8,30,0
29,16,158,8,1,-109.277,-116.17,-11.6576,-18.5501,-6.89248,0,0,8,30,0
29,17,166,8,1,-109.712,-115.966,-11.7771,-18.0313,-6.25417,0,0,8,30,0
29,18,174,8,1,-110.125,-115.757,-11.9077,-17.5393,-5.63159,0,0,8,30,0
29,19,182,8,1,-110.52,-115.543,-12.0499,-17.0725,-5.02263,0,0,8,30,0
29,20,190,8,1,-110.898,-115.323,-12.2042,-16.6296,-4.4254,0,0,8,30,0
29,21,198,8,1,-111.26,-115.098,-12.3712,-16.2094,-3.83821,0,0,8,30,0
29,22,206,8,1,-111.608,-114.867,-12.5516,-15.8111,-3.25949,0,0,8,30,0
29,23,214,8,1,-111.942,-114.63,-12.7459,-15.4338,-2.68781,0,0,8,30,0
29,24,222,8,1,-112.264,-114.386,-12.9548,-15.0766,-2.12183,0,0,8,30,0
29,25,230,8,1,-112.574,-114.134,-13.1786,-14.7389,-1.56029,0,0,8,30,0
29,26,238,8,1,-112.874,-113.876,-13.4182,-14.4201,-1.00196,0,0,8,30,0
29,27,246,8,1,-113.164,-113.609,-13.6739,-14.1196,-0.445694,0,0,8,30,0
29,28,254,8,1,-113.444,-113.334,-13.9464,-13.8367,0.109665,0,0,8,30,0
29,29,262,8,1,-113.716,-113.05,-14.2362,-13.5709,0.665249,0,0,8,30,0
29,30,270,8,1,-113.979,-112.757,-14.5438,-13.3217,1.22219,0,0,8,30,1
29,31,278,8,2,-112.452,-114.235,-13.088,-14.8705,-1.78254,1,2,8,30,0
29,32,286,8,2,-112.138,-114.483,-12.8705,-15.2154,-2.34489,0,0,8,30,0
29,33,294,8,2,-111.811,-114.724,-12.6674,-15.5805,-2.91302,0,0,8,30,0
29,34,302,8,2,-111.472,-114.959,-12.4787,-15.966,-3.48727,0,0,8,30,0
29,35,310,8,2,-111.119,-115.188,-12.3036,-16.3728,-4.06922,0,0,8,30,0
29,36,318,8,2,-110.751,-115.411,-12.1417,-16.8018,-4.66013,0,0,8,30,0
29,37,326,8,2,-110.366,-115.628,-11.9922,-17.2541,-5.26185,0,0,8,30,0
29,38,334,8,2,-109.964,-115.84,-11.8548,-17.7307,-5.8759,0,0,8,30,0
29,39,342,8,2,-109.543,-116.047,-11.7286,-18.2331,-6.5045,0,0,8,30,0
29,40,350,8,2,-109.1,-116.249,-11.6132,-18.7628,-7.1496,0,0,8,30,0
29,41,358,8,2,-108.633,-116.447,-11.508,-19.322,-7.81399,0,0,8,30,0
29,42,366,8,2,-108.14,-116.64,-11.4124,-19.9127,-8.50026,0,0,8,30,0
29,43,374,8,2,-107.617,-116.829,-11.3259,-20.538,-9.21207,0,0,8,30,0
29,44,382,8,2,-107.061,-117.014,-11.2479,-21.201,-9.95303,0,0,8,30,0
29,45,390,8,2,-106.467,-117.195,-11.1779,-21.9061,-10.7282,0,0,8,30,0
29,46,398,8,2,-105.829,-117.372,-11.1155,-22.6582,-11.5428,0,0,8,30,0
29,47,406,8,2,-105.142,-117.546,-11.06,-23.4641,-12.4042,0,0,8,30,0
29,48,414,8,2,-104.396,-117.716,-11.0111,-24.3316,-13.3205,0,0,8,30,0
29,49,422,8,2,-103.58,-117.884,-10.9682,-25.2716,-14.3033,0,0,8,30,0
29,50,430,8,2,-102.681,-118.048,-10.9311,-26.2973,-15.3663,0,0,8,30,0
29,51,438,8,2,-101.68,-118.209,-10.8992,-27.428,-16.5288,0,0,8,30,0
29,52,446,8,2,-100.55,-118.367,-10.8722,-28.6883,-17.8161,0,0,8,30,0
29,53,454,8,2,-99.2561,-118.522,-10.8498,-30.1155,-19.2657,0,0,8,30,0
29,54,462,8,2,-97.7434,-118.674,-10.8316,-31.7624,-20.9308,0,0,8,30,0
29,55,470,8,2,-95.9273,-118.824,-10.8173,-33.714,-22.8968,0,0,8,30,0
29,56,478,8,2,-93.6728,-118.971,-10.8065,-36.1051,-25.2985,0,0,8,30,0
29,57,486,8,2,-90.7566,-119.116,-10.7991,-39.1587,-28.3596,0,0,8,30,0
29,58,494,8,2,-86.9759,-119.259,-10.7948,-43.0776,-32.2828,0,0,8,30,0
30,1,48,8,1,-98.7482,-118.576,-10.8429,-30.6708,-19.8279,0,0,8,40,0
30,2,56,8,1,-100.113,-118.422,-10.8638,-29.1731,-18.3093,0,0,8,40,0
30,3,64,8,1,-101.296,-118.265,-10.8891,-27.8585,-16.9694,0,0,8,40,0
30,4,72,8,1,-102.339,-118.105,-10.9192,-26.6852,-15.7661,0,0,8,40,0
30,5,80,8,1,-103.272,-117.942,-10.9544,-25.6247,-14.6703,0,0,8,40,0
30,6,88,8,1,-104.115,-117.776,-10.9952,-24.6561,-13.6609,0,0,8,40,0
30,7,96,8,1,-104.885,-117.607,-11.0419,-23.7643,-12.7224,0,0,8,40,0
30,8,104,8,1,-105.592,-117.434,-11.095,-22.9376,-11.8426,0,0,8,40,0
30,9,112,8,1,-106.246,-117.258,-11.155,-22.1672,-11.0122,0,0,8,40,0
30,10,120,8,1,-106.855,-117.078,-11.2222,-21.446,-10.2238,0,0,8,40,0
30,11,128,8,1,-107.424,-116.895,-11.2973,-20.7686,-9.47131,0,0,8,40,0
30,12,136,8,1,-107.958,-116.707,-11.3807,-20.1304,-8.74968,0,0,8,40,0
30,13,144,8,1,-108.461,-116.516,-11.473,-19.5278,-8.05474,0,0,8,40,0
30,14,152,8,1,-108.937,-116.32,-11.5748,-18.9577,-7.38296,0,0,8,40,0
30,15,160,8,1,-109.388,-116.119,-11.6865,-18.4178,-6.73131,0,0,8,40,0
30,16,168,8,1,-109.817,-115.914,-11.8087,-17.9059,-6.09714,0,0,8,40,0
30,17,176,8,1,-110.226,-115.704,-11.9421,-17.4203,-5.47815,0,0,8,40,0
30,18,184,8,1,-110.616,-115.489,-12.0873,-16.9596,-4.87229,0,0,8,40,0
30,19,192,8,1,-110.99,-115.268,-12.2447,-16.5224,-4.27773,0,0,8,40,0
30,20,200,8,1,-111.348,-115.041,-12.4151,-16.1078,-3.69279,0,0,8,40,0
30,21,208,8,1,-111.692,-114.808,-12.5989,-15.7148,-3.11596,0,0,8,40,0
30,22,216,8,1,-112.024,-114.569,-12.7968,-15.3426,-2.54583,0,0,8,40,0
30,23,224,8,1,-112.342,-114.324,-13.0093,-14.9904,-1.98108,0,0,8,40,0
30,24,232,8,1,-112.65,-114.071,-13.237,-14.6575,-1.42045,0,0,8,40,0
30,25,240,8,1,-112.947,-113.81,-13.4806,-14.3433,-0.862748,0,0,8,40,0
30,26,248,8,1,-113.235,-113.541,-13.7404,-14.0472,-0.306813,0,0,8,40,0
30,27,256,8,1,-113.513,-113.264,-14.0172,-13.7687,0.248496,0,0,8,40,0
30,28,264,8,1,-113.782,-112.978,-14.3114,-13.5071,0.804312,0,0,8,40,0
30,29,272,8,1,-114.044,-112.682,-14.6236,-13.2619,1.36177,0,0,8,40,1
30,30,280,8,2,-112.375,-114.297,-13.0324,-14.9546,-1.92213,1,2,8,40,0
30,31,288,8,2,-112.057,-114.544,-12.8183,-15.3048,-2.48645,0,0,8,40,0
30,32,296,8,2,-111.728,-114.784,-12.6189,-15.6749,-3.05591,0,0,8,40,0
30,33,304,8,2,-111.385,-115.017,-12.4337,-16.0657,-3.63203,0,0,8,40,0
30,34,312,8,2,-111.028,-115.244,-12.2619,-16.4779,-4.21599,0,0,8,40,0
30,35,320,8,2,-110.656,-115.466,-12.1032,-16.9127,-4.80953,0,0,8,40,0
30,36,328,8,2,-110.268,-115.682,-11.9568,-17.3709,-5.41407,0,0,8,40,0
30,37,336,8,2,-109.861,-115.892,-11.8222,-17.8538,-6.03166,0,0,8,40,0
30,38,344,8,2,-109.434,-116.098,-11.6988,-18.3628,-6.66407,0,0,8,40,0
30,39,352,8,2,-108.985,-116.299,-11.586,-18.8998,-7.31385,0,0,8,40,0
30,40,360,8,2,-108.512,-116.495,-11.4832,-19.4666,-7.98332,0,0,8,40,0
30,41,368,8,2,-108.012,-116.687,-11.39,-20.0657,-8.67575,0,0,8,40,0
30,42,376,8,2,-107.481,-116.875,-11.3056,-20.7,-9.39433,0,0,8,40,0
30,43,384,8,2,-106.916,-117.059,-11.2297,-21.3732,-10.1435,0,0,8,40,0
30,44,392,8,2,-106.312,-117.239,-11.1616,-22.0894,-10.9278,0,0,8,40,0
30,45,400,8,2,-105.662,-117.416,-11.1009,-22.8545,-11.7535,0,0,8,40,0
30,46,408,8,2,-104.961,-117.589,-11.0472,-23.6748,-12.6276,0,0,8,40,0
30,47,416,8,2,-104.199,-117.759,-10.9998,-24.5594,-13.5596,0,0,8,40,0
30,48,424,8,2,-103.364,-117.925,-10.9584,-25.5192,-14.5608,0,0,8,40,0
30,49,432,8,2,-102.441,-118.088,-10.9226,-26.5694,-15.6468,0,0,8,40,0
30,50,440,8,2,-101.411,-118.248,-10.892,-27.7295,-16.8375,0,0,8,40,0
30,51,448,8,2,-100.244,-118.406,-10.8662,-29.0279,-18.1617,0,0,8,40,0
30,52,456,8,2,-98.9012,-118.56,-10.8449,-30.5037,-19.6589,0,0,8,40,0
30,53,464,8,2,-97.3217,-118.712,-10.8276,-32.2179,-21.3902,0,0,8,40,0
30,54,472,8,2,-95.4121,-118.861,-10.8143,-34.2633,-23.449,0,0,8,40,0
30,55,480,8,2,-93.0162,-119.008,-10.8044,-36.796,-25.9917,0,0,8,40,0
30,56,488,8,2,-89.8925,-119.152,-10.7978,-40.0573,-29.2595,0,0,8,40,0
30,57,496,8,2,-85.9687,-119.294,-10.7942,-44.1194,-33.3253,0,0,8,40,0
30,58,504,8,2,-84.1723,-119.434,-10.7933,-46.0546,-35.2612,0,0,8,40,0
31,1,58,8,1,-100.423,-118.383,-10.8697,-28.8292,-17.9595,0,0,8,50,0
31,2,66,8,1,-101.568,-118.225,-10.8962,-27.5532,-16.657,0,0,8,50,0
31,3,74,8,1,-102.582,-118.065,-10.9275,-26.4105,-15.483,0,0,8,50,0
31,4,82,8,1,-103.49,-117.901,-10.9641,-25.3746,-14.4105,0,0,8,50,0
31,5,90,8,1,-104.314,-117.734,-11.0063,-24.4265,-13.4202,0,0,8,50,0
31,6,98,8,1,-105.067,-117.564,-11.0546,-23.5519,-12.4973,0,0,8,50,0
31,7,106,8,1,-105.76,-117.391,-11.1093,-22.74,-11.6307,0,0,8,50,0
31,8,114,8,1,-106.402,-117.214,-11.1711,-21.9825,-10.8115,0,0,8,50,0
31,9,122,8,1,-107.0,-117.033,-11.2402,-21.2728,-10.0325,0,0,8,50,0
31,10,130,8,1,-107.56,-116.848,-11.3174,-20.6055,-9.28818,0,0,8,50,0
31,11,138,8,1,-108.086,-116.66,-11.403,-19.9765,-8.57359,0,0,8,50,0
31,12,146,8,1,-108.582,-116.467,-11.4976,-19.3823,-7.88475,0,0,8,50,0
31,13,154,8,1,-109.052,-116.27,-11.6017,-18.82,-7.21827,0,0,8,50,0
31,14,162,8,1,-109.497,-116.068,-11.716,-18.2872,-6.57122,0,0,8,50,0
31,15,170,8,1,-109.921,-115.862,-11.841,-17.7821,-5.94105,0,0,8,50,0
31,16,178,8,1,-110.325,-115.651,-11.9773,-17.3028,-5.32553,0,0,8,50,0
31,17,186,8,1,-110.711,-115.434,-12.1255,-16.8481,-4.72266,0,0,8,50,0
31,18,194,8,1,-111.081,-115.212,-12.2861,-16.4167,-4.13065,0,0,8,50,0
31,19,202,8,1,-111.436,-114.984,-12.4597,-16.0076,-3.54788,0,0,8,50,0
31,20,210,8,1,-111.776,-114.749,-12.647,-15.6199,-2.97286,0,0,8,50,0
31,21,218,8,1,-112.104,-114.509,-12.8485,-15.2527,-2.40419,0,0,8,50,0
31,22,226,8,1,-112.42,-114.261,-13.0648,-14.9054,-1.84058,0,0,8,50,0
31,23,234,8,1,-112.725,-114.006,-13.2964,-14.5772,-1.2808,0,0,8,50,0
31,24,242,8,1,-113.02,-113.744,-13.544,-14.2676,-0.723644,0,0,8,50,0
31,25,250,8,1,-113.305,-113.473,-13.808,-13.976,-0.167972,0,0,8,50,0
31,26,258,8,1,-113.581,-113.193,-14.0891,-13.7017,0.387358,0,0,8,50,0
31,27,266,8,1,-113.848,-112.905,-14.3877,-13.4443,0.943478,0,0,8,50,0
31,28,274,8,1,-114.108,-112.606,-14.7046,-13.2031,1.50153,0,0,8,50,1
31,29,282,8,2,-112.297,-114.36,-12.9775,-15.0403,-2.06283,1,2,8,50,0
31,30,290,8,2,-111.976,-114.604,-12.7671,-15.3954,-2.62824,0,0,8,50,0
31,31,298,8,2,-111.643,-114.843,-12.5713,-15.7706,-3.19931,0,0,8,50,0
31,32,306,8,2,-111.297,-115.074,-12.3895,-16.1667,-3.77718,0,0,8,50,0
31,33,314,8,2,-110.937,-115.3,-12.221,-16.5845,-4.36347,0,0,8,50,0
31,34,322,8,2,-110.561,-115.52,-12.0654,-17.025,-4.95952,0,0,8,50,0
31,35,330,8,2,-110.168,-115.735,-11.922,-17.4893,-5.56723,0,0,8,50,0
31,36,338,8,2,-109.756,-115.944,-11.7903,-17.9785,-6.18823,0,0,8,50,0
31,37,346,8,2,-109.324,-116.149,-11.6696,-18.4945,-6.82486,0,0,8,50,0
31,38,354,8,2,-108.869,-116.349,-11.5594,-19.0386,-7.4792,0,0,8,50,0
31,39,362,8,2,-108.39,-116.544,-11.4591,-19.6133,-8.15422,0,0,8,50,0
31,40,370,8,2,-107.882,-116.735,-11.3681,-20.2208,-8.85272,0,0,8,50,0
31,41,378,8,2,-107.343,-116.922,-11.2859,-20.8645,-9.57866,0,0,8,50,0
31,42,386,8,2,-106.769,-117.105,-11.212,-21.5479,-10.336,0,0,8,50,0
31,43,394,8,2,-106.154,-117.284,-11.1458,-22.276,-11.1302,0,0,8,50,0
31,44,402,8,2,-105.492,-117.46,-11.0869,-23.054,-11.9671,0,0,8,50,0
31,45,410,8,2,-104.777,-117.632,-11.0347,-23.8896,-12.8549,0,0,8,50,0
31,46,418,8,2,-103.998,-117.8,-10.9889,-24.7917,-13.8028,0,0,8,50,0
31,47,426,8,2,-103.142,-117.966,-10.949,-25.7727,-14.8238,0,0,8,50,0
31,48,434,8,2,-102.195,-118.128,-10.9145,-26.8481,-15.9336,0,0,8,50,0
31,49,442,8,2,-101.133,-118.288,-10.8851,-28.04,-17.1549,0,0,8,50,0
31,50,450,8,2,-99.9268,-118.444,-10.8605,-29.3781,-18.5176,0,0,8,50,0
31,51,458,8,2,-98.5313,-118.598,-10.8402,-30.9072,-20.067,0,0,8,50,0
31,52,466,8,2,-96.8803,-118.749,-10.824,-32.6931,-21.8692,0,0,8,50,0
31,53,474,8,2,-94.8662,-118.898,-10.8115,-34.8433,-24.0318,0,0,8,50,0
31,54,482,8,2,-92.3153,-119.044,-10.8024,-37.5313,-26.7288,0,0,8,50,0
31,55,490,8,2,-88.9674,-119.188,-10.7966,-41.0169,-30.2203,0,0,8,50,0
31,56,498,8,2,-85.0538,-119.329,-10.7937,-45.069,-34.2753,0,0,8,50,0
31,57,506,8,2,-84.7288,-119.468,-10.7935,-45.5328,-34.7393,0,0,8,50,0
31,58,514,8,2,-88.5657,-119.605,-10.7958,-41.8351,-31.0393,0,0,8,50,0
32,1,68,8,1,-101.833,-118.185,-10.9035,-27.2562,-16.3527,0,0,8,60,0
32,2,76,8,1,-102.818,-118.024,-10.9361,-26.1423,-15.2062,0,0,8,60,0
32,3,84,8,1,-103.704,-117.86,-10.9741,-25.13,-14.1559,0,0,8,60,0
32,4,92,8,1,-104.508,-117.692,-11.0178,-24.2014,-13.1836,0,0,8,60,0
32,5,100,8,1,-105.245,-117.521,-11.0676,-23.3434,-12.2758,0,0,8,60,0
32,6,108,8,1,-105.925,-117.347,-11.1241,-22.5458,-11.4217,0,0,8,60,0
32,7,116,8,1,-106.556,-117.169,-11.1876,-21.8008,-10.6132,0,0,8,60,0
32,8,124,8,1,-107.144,-116.987,-11.2588,-21.1022,-9.84342,0,0,8,60,0
32,9,132,8,1,-107.695,-116.802,-11.3379,-20.4449,-9.10691,0,0,8,60,0
32,10,140,8,1,-108.213,-116.612,-11.4257,-19.8248,-8.3991,0,0,8,60,0
32,11,148,8,1,-108.702,-116.418,-11.5227,-19.2388,-7.71616,0,0,8,60,0
32,12,156,8,1,-109.165,-116.22,-11.6293,-18.6841,-7.05479,0,0,8,60,0
32,13,164,8,1,-109.605,-116.017,-11.7462,-18.1584,-6.41219,0,0,8,60,0
32,14,172,8,1,-110.024,-115.81,-11.874,-17.6599,-5.78588,0,0,8,60,0
32,15,180,8,1,-110.423,-115.597,-12.0132,-17.1869,-5.1737,0,0,8,60,0
32,16,188,8,1,-110.805,-115.379,-12.1644,-16.7381,-4.5737,0,0,8,60,0
32,17,196,8,1,-111.171,-115.155,-12.3282,-16.3124,-3.98415,0,0,8,60,0
32,18,204,8,1,-111.522,-114.926,-12.5052,-15.9087,-3.40345,0,0,8,60,0
32,19,212,8,1,-111.86,-114.69,-12.696,-15.5262,-2.83014,0,0,8,60,0
32,20,220,8,1,-112.184,-114.447,-12.9012,-15.164,-2.26286,0,0,8,60,0
32,21,228,8,1,-112.498,-114.198,-13.1212,-14.8216,-1.70032,0,0,8,60,0
32,22,236,8,1,-112.8,-113.941,-13.3568,-14.4981,-1.14131,0,0,8,60,0
32,23,244,8,1,-113.092,-113.677,-13.6084,-14.193,-0.584632,0,0,8,60,0
32,24,252,8,1,-113.375,-113.404,-13.8766,-13.9058,-0.0291512,0,0,8,60,0
32,25,260,8,1,-113.648,-113.122,-14.1621,-13.6358,0.52627,0,0,8,60,0
32,26,268,8,1,-113.914,-112.831,-14.4652,-13.3824,1.08277,0,0,8,60,1
32,27,276,8,2,-112.53,-114.171,-13.1452,-14.7867,-1.64148,1,2,8,60,0
32,28,284,8,2,-112.218,-114.421,-12.9235,-15.1272,-2.20369,0,0,8,60,0
32,29,292,8,2,-111.894,-114.665,-12.7168,-15.4873,-2.77047,0,0,8,60,0
32,30,300,8,2,-111.558,-114.901,-12.5246,-15.8676,-3.34304,0,0,8,60,0
32,31,308,8,2,-111.208,-115.131,-12.3461,-16.2691,-3.92295,0,0,8,60,0
32,32,316,8,2,-110.844,-115.356,-12.181,-16.6924,-4.51145,0,0,8,60,0
32,33,324,8,2,-110.464,-115.574,-12.0285,-17.1388,-5.11034,0,0,8,60,0
32,34,332,8,2,-110.066,-115.788,-11.8881,-17.6091,-5.7211,0,0,8,60,0
32,35,340,8,2,-109.65,-115.996,-11.7591,-18.105,-6.34589,0,0,8,60,0
32,36,348,8,2,-109.212,-116.199,-11.6411,-18.6277,-6.98662,0,0,8,60,0
32,37,356,8,2,-108.752,-116.398,-11.5334,-19.1794,-7.64597,0,0,8,60,0
32,38,364,8,2,-108.266,-116.592,-11.4355,-19.7619,-8.32644,0,0,8,60,0
32,39,372,8,2,-107.75,-116.782,-11.3467,-20.3783,-9.03156,0,0,8,60,0
32,40,380,8,2,-107.203,-116.968,-11.2667,-21.0314,-9.76478,0,0,8,60,0
32,41,388,8,2,-106.619,-117.15,-11.1947,-21.7256,-10.5309,0,0,8,60,0
32,42,396,8,2,-105.993,-117.328,-11.1304,-22.4654,-11.335,0,0,8,60,0
32,43,404,8,2,-105.319,-117.503,-11.0732,-23.2573,-12.184,0,0,8,60,0
32,44,412,8,2,-104.588,-117.674,-11.0227,-24.1084,-13.0857,0,0,8,60,0
32,45,420,8,2,-103.791,-117.842,-10.9784,-25.0291,-14.0508,0,0,8,60,0
32,46,428,8,2,-102.915,-118.007,-10.9399,-26.0319,-15.092,0,0,8,60,0
32,47,436,8,2,-101.941,-118.169,-10.9067,-27.1343,-16.2276,0,0,8,60,0
32,48,444,8,2,-100.847,-118.327,-10.8785,-28.3592,-17.4807,0,0,8,60,0
32,49,452,8,2,-99.5976,-118.483,-10.855,-29.7406,-18.8856,0,0,8,60,0
32,50,460,8,2,-98.146,-118.636,-10.8358,-31.3261,-20.4903,0,0,8,60,0
32,51,468,8,2,-96.4159,-118.787,-10.8205,-33.1915,-22.371,0,0,8,60,0
32,52,476,8,2,-94.2881,-118.935,-10.8089,-35.4556,-24.6467,0,0,8,60,0
32,53,484,8,2,-91.563,-119.08,-10.8007,-38.3179,-27.5172,0,0,8,60,0
32,54,492,8,2,-87.9899,-119.223,-10.7956,-42.029,-31.2334,0,0,8,60,0
32,55,500,8,2,-84.3599,-119.364,-10.7934,-45.7976,-35.0041,0,0,8,60,0
32,56,508,8,2,-85.5696,-119.503,-10.7939,-44.7268,-33.933,0,0,8,60,0
32,57,516,8,2,-89.514,-119.639,-10.7968,-40.9216,-30.1249,0,0,8,60,0
32,58,524,8,2,-92.7296,-119.773,-10.8019,-37.8454,-27.0434,0,0,8,60,0
33,1,78,8,1,-103.048,-117.983,-10.9451,-25.8805,-14.9354,0,0,8,70,0
33,2,86,8,1,-103.912,-117.818,-10.9845,-24.8905,-13.9061,0,0,8,70,0
33,3,94,8,1,-104.698,-117.65,-11.0296,-23.9807,-12.9511,0,0,8,70,0
33,4,102,8,1,-105.42,-117.478,-11.0811,-23.1387,-12.0576,0,0,8,70,0
33,5,110,8,1,-106.087,-117.303,-11.1393,-22.3549,-11.2156,0,0,8,70,0
33,6,118,8,1,-106.706,-117.124,-11.2047,-21.622,-10.4173,0,0,8,70,0
33,7,126,8,1,-107.285,-116.941,-11.2778,-20.9341,-9.65637,0,0,8,70,0
33,8,134,8,1,-107.827,-116.755,-11.3591,-20.2865,-8.92743,0,0,8,70,0
33,9,142,8,1,-108.338,-116.564,-11.4491,-19.6753,-8.22617,0,0,8,70,0
33,10,150,8,1,-108.82,-116.369,-11.5484,-19.0973,-7.54891,0,0,8,70,0
33,11,158,8,1,-109.277,-116.17,-11.6576,-18.5501,-6.89248,0,0,8,70,0
33,12,166,8,1,-109.712,-115.966,-11.7771,-18.0313,-6.25417,0,0,8,70,0
33,13,174,8,1,-110.125,-115.757,-11.9077,-17.5393,-5.63159,0,0,8,70,0
33,14,182,8,1,-110.52,-115.543,-12.0499,-17.0725,-5.02263,0,0,8,70,0
33,15,190,8,1,-110.898,-115.323,-12.2042,-16.6296,-4.4254,0,0,8,70,0
33,16,198,8,1,-111.26,-115.098,-12.3712,-16.2094,-3.83821,0,0,8,70,0
33,17,206,8,1,-111.608,-114.867,-12.5516,-15.8111,-3.25949,0,0,8,70,0
33,18,214,8,1,-111.942,-114.63,-12.7459,-15.4338,-2.68781,0,0,8,70,0
33,19,222,8,1,-112.264,-114.386,-12.9548,-15.0766,-2.12183,0,0,8,70,0
33,20,230,8,1,-112.574,-114.134,-13.1786,-14.7389,-1.56029,0,0,8,70,0
33,21,238,8,1,-112.874,-113.876,-13.4182,-14.4201,-1.00196,0,0,8,70,0
33,22,246,8,1,-113.164,-113.609,-13.6739,-14.1196,-0.445694,0,0,8,70,0
33,23,254,8,1,-113.444,-113.334,-13.9464,-13.8367,0.109665,0,0,8,70,0
33,24,262,8,1,-113.716,-113.05,-14.2362,-13.5709,0.665249,0,0,8,70,0
33,25,270,8,1,-113.979,-112.757,-14.5438,-13.3217,1.22219,0,0,8,70,1
33,26,278,8,2,-112.452,-114.235,-13.0881,-14.8704,-1.78224,1,2,8,70,0
33,27,286,8,2,-112.138,-114.483,-12.8705,-15.2154,-2.34494,0,0,8,70,0
33,28,294,8,2,-111.811,-114.724,-12.6675,-15.5804,-2.91297,0,0,8,70,0
33,29,302,8,2,-111.472,-114.959,-12.4787,-15.966,-3.48732,0,0,8,70,0
33,30,310,8,2,-111.119,-115.188,-12.3036,-16.3728,-4.06916,0,0,8,70,0
33,31,318,8,2,-110.751,-115.411,-12.1417,-16.8019,-4.66019,0,0,8,70,0
33,32,326,8,2,-110.366,-115.628,-11.9923,-17.254,-5.26178,0,0,8,70,0
33,33,334,8,2,-109.964,-115.84,-11.8547,-17.7307,-5.87596,0,0,8,70,0
33,34,342,8,2,-109.543,-116.047,-11.7286,-18.233,-6.50443,0,0,8,70,0
33,35,350,8,2,-109.1,-116.249,-11.6132,-18.7629,-7.14967,0,0,8,70,0
33,36,358,8,2,-108.633,-116.447,-11.508,-19.3219,-7.81392,0,0,8,70,0
33,37,366,8,2,-108.14,-116.64,-11.4124,-19.9128,-8.50034,0,0,8,70,0
33,38,374,8,2,-107.617,-116.829,-11.3259,-20.5379,-9.21199,0,0,8,70,0
33,39,382,8,2,-107.061,-117.014,-11.2479,-21.201,-9.95312,0,0,8,70,0
33,40,390,8,2,-106.467,-117.195,-11.178,-21.906,-10.7281,0,0,8,70,0
33,41,398,8,2,-105.829,-117.372,-11.1155,-22.6583,-11.5429,0,0,8,70,0
33,42,406,8,2,-105.142,-117.546,-11.06,-23.464,-12.404,0,0,8,70,0
33,43,414,8,2,-104.396,-117.716,-11.011,-24.3317,-13.3207,0,0,8,70,0
33,44,422,8,2,-103.58,-117.884,-10.9682,-25.2714,-14.3032,0,0,8,70,0
33,45,430,8,2,-102.681,-118.048,-10.9311,-26.2975,-15.3664,0,0,8,70,0
33,46,438,8,2,-101.68,-118.209,-10.8992,-27.4278,-16.5286,0,0,8,70,0
33,47,446,8,2,-100.55,-118.367,-10.8722,-28.6885,-17.8163,0,0,8,70,0
33,48,454,8,2,-99.2563,-118.522,-10.8498,-30.1152,-19.2654,0,0,8,70,0
33,49,462,8,2,-97.7431,-118.674,-10.8316,-31.7627,-20.9312,0,0,8,70,0
33,50,470,8,2,-95.9277,-118.824,-10.8173,-33.7136,-22.8964,0,0,8,70,0
33,51,478,8,2,-93.6723,-118.971,-10.8065,-36.1056,-25.2991,0,0,8,70,0
33,52,486,8,2,-90.7574,-119.116,-10.7991,-39.158,-28.3589,0,0,8,70,0
33,53,494,8,2,-86.975,-119.259,-10.7948,-43.0785,-32.2837,0,0,8,70,0
33,54,502,8,2,-84.0367,-119.399,-10.7933,-46.1555,-35.3622,0,0,8,70,0
33,55,510,8,2,-86.5514,-119.537,-10.7944,-43.7798,-32.9854,0,0,8,70,0
33,56,518,8,2,-90.4035,-119.673,-10.7979,-40.0669,-29.2691,0,0,8,70,0
33,57,526,8,2,-93.4043,-119.806,-10.8035,-37.2055,-26.402,0,0,8,70,0
33,58,534,8,2,-95.7158,-119.938,-10.8113,-35.0334,-24.2221,0,0,8,70,0
34,1,88,8,1,-104.115,-117.776,-10.9952,-24.6561,-13.6609,0,0,8,80,0
34,2,96,8,1,-104.885,-117.607,-11.0419,-23.7643,-12.7224,0,0,8,80,0
34,3,104,8,1,-105.592,-117.434,-11.095,-22.9376,-11.8426,0,0,8,80,0
34,4,112,8,1,-106.246,-117.258,-11.155,-22.1672,-11.0122,0,0,8,80,0
34,5,120,8,1,-106.855,-117.078,-11.2222,-21.446,-10.2238,0,0,8,80,0
34,6,128,8,1,-107.424,-116.895,-11.2973,-20.7686,-9.47131,0,0,8,80,0
34,7,136,8,1,-107.958,-116.707,-11.3807,-20.1304,-8.74968,0,0,8,80,0
34,8,144,8,1,-108.461,-116.516,-11.473,-19.5278,-8.05474,0,0,8,80,0
34,9,152,8,1,-108.937,-116.32,-11.5748,-18.9577,-7.38296,0,0,8,80,0
34,10,160,8,1,-109.388,-116.119,-11.6865,-18.4178,-6.73131,0,0,8,80,0
34,11,168,8,1,-109.817,-115.914,-11.8087,-17.9059,-6.09714,0,0,8,80,0
34,12,176,8,1,-110.226,-115.704,-11.9421,-17.4203,-5.47815,0,0,8,80,0
34,13,184,8,1,-110.616,-115.489,-12.0873,-16.9596,-4.87229,0,0,8,80,0
34,14,192,8,1,-110.99,-115.268,-12.2447,-16.5224,-4.27773,0,0,8,80,0
34,15,200,8,1,-111.348,-115.041,-12.4151,-16.1078,-3.69279,0,0,8,80,0
34,16,208,8,1,-111.692,-114.808,-12.5989,-15.7148,-3.11596,0,0,8,80,0
34,17,216,8,1,-112.024,-114.569,-12.7968,-15.3426,-2.54583,0,0,8,80,0
34,18,224,8,1,-112.342,-114.324,-13.0093,-14.9904,-1.98108,0,0,8,80,0
34,19,232,8,1,-112.65,-114.071,-13.237,-14.6575,-1.42045,0,0,8,80,0
34,20,240,8,1,-112.947,-113.81,-13.4806,-14.3433,-0.862748,0,0,8,80,0
34,21,248,8,1,-113.235,-113.541,-13.7404,-14.0472,-0.306813,0,0,8,80,0
34,22,256,8,1,-113.513,-113.264,-14.0172,-13.7687,0.248496,0,0,8,80,0
34,23,264,8,1,-113.782,-112.978,-14.3114,-13.5071,0.804312,0,0,8,80,0
34,24,272,8,1,-114.044,-112.682,-14.6236,-13.2619,1.36177,0,0,8,80,1
34,25,280,8,2,-112.375,-114.297,-13.0324,-14.9546,-1.92218,1,2,8,80,0
34,26,288,8,2,-112.057,-114.544,-12.8183,-15.3047,-2.4864,0,0,8,80,0
34,27,296,8,2,-111.728,-114.784,-12.6189,-15.6749,-3.05596,0,0,8,80,0
34,28,304,8,2,-111.385,-115.017,-12.4337,-16.0656,-3.63197,0,0,8,80,0
34,29,312,8,2,-111.028,-115.244,-12.2619,-16.478,-4.21605,0,0,8,80,0
34,30,320,8,2,-110.656,-115.466,-12.1032,-16.9127,-4.80948,0,0,8,80,0
34,31,328,8,2,-110.267,-115.682,-11.9568,-17.3709,-5.41413,0,0,8,80,0
34,32,336,8,2,-109.861,-115.892,-11.8222,-17.8538,-6.0316,0,0,8,80,0
34,33,344,8,2,-109.434,-116.098,-11.6988,-18.3629,-6.66414,0,0,8,80,0
34,34,352,8,2,-108.985,-116.299,-11.586,-18.8998,-7.31378,0,0,8,80,0
34,35,360,8,2,-108.512,-116.495,-11.4832,-19.4666,-7.98339,0,0,8,80,0
34,36,368,8,2,-108.012,-116.687,-11.39,-20.0657,-8.67567,0,0,8,80,0
34,37,376,8,2,-107.481,-116.875,-11.3056,-20.7001,-9.39442,0,0,8,80,0
34,38,384,8,2,-106.916,-117.059,-11.2297,-21.3731,-10.1434,0,0,8,80,0
34,39,392,8,2,-106.312,-117.239,-11.1616,-22.0895,-10.9279,0,0,8,80,0
34,40,400,8,2,-105.663,-117.416,-11.101,-22.8544,-11.7534,0,0,8,80,0
34,41,408,8,2,-104.961,-117.589,-11.0472,-23.6749,-12.6277,0,0,8,80,0
34,42,416,8,2,-104.199,-117.759,-10.9998,-24.5593,-13.5595,0,0,8,80,0
34,43,424,8,2,-103.364,-117.925,-10.9584,-25.5194,-14.5609,0,0,8,80,0
34,44,432,8,2,-102.441,-118.088,-10.9226,-26.5693,-15.6467,0,0,8,80,0
34,45,440,8,2,-101.411,-118.248,-10.892,-27.7297,-16.8377,0,0,8,80,0
34,46,448,8,2,-100.244,-118.406,-10.8662,-29.0277,-18.1615,0,0,8,80,0
34,47,456,8,2,-98.901,-118.56,-10.8449,-30.504,-19.6591,0,0,8,80,0
34,48,464,8,2,-97.322,-118.712,-10.8277,-32.2175,-21.3899,0,0,8,80,0
34,49,472,8,2,-95.4117,-118.861,-10.8142,-34.2637,-23.4495,0,0,8,80,0
34,50,480,8,2,-93.0167,-119.008,-10.8044,-36.7955,-25.9911,0,0,8,80,0
34,51,488,8,2,-89.8917,-119.152,-10.7978,-40.0581,-29.2603,0,0,8,80,0
34,52,496,8,2,-85.9694,-119.294,-10.7942,-44.1187,-33.3245,0,0,8,80,0
34,53,504,8,2,-84.173,-119.434,-10.7933,-46.0539,-35.2606,0,0,8,80,0
34,54,512,8,2,-87.5691,-119.571,-10.795,-42.7969,-32.0019,0,0,8,80,0
34,55,520,8,2,-91.2342,-119.706,-10.7991,-39.2711,-28.4721,0,0,8,80,0
34,56,528,8,2,-94.0359,-119.839,-10.8053,-36.6088,-25.8035,0,0,8,80,0
34,57,536,8,2,-96.2156,-119.971,-10.8135,-34.5685,-23.755,0,0,8,80,0
34,58,544,8,2,-97.9801,-120.1,-10.8235,-32.9433,-22.1198,0,0,8,80,0
35,1,98,8,1,-105.067,-117.564,-11.0546,-23.5519,-12.4973,0,0,8,90,0
35,2,106,8,1,-105.76,-117.391,-11.1093,-22.74,-11.6307,0,0,8,90,0
35,3,114,8,1,-106.402,-117.214,-11.1711,-21.9825,-10.8115,0,0,8,90,0
35,4,122,8,1,-107.0,-117.033,-11.2402,-21.2728,-10.0325,0,0,8,90,0
35,5,130,8,1,-107.56,-116.848,-11.3174,-20.6055,-9.28818,0,0,8,90,0
35,6,138,8,1,-108.086,-116.66,-11.403,-19.9765,-8.57359,0,0,8,90,0
35,7,146,8,1,-108.582,-116.467,-11.4976,-19.3823,-7.88475,0,0,8,90,0
35,8,154,8,1,-109.052,-116.27,-11.6017,-18.82,-7.21827,0,0,8,90,0
35,9,162,8,1,-109.497,-116.068,-11.716,-18.2872,-6.57122,0,0,8,90,0
35,10,170,8,1,-109.921,-115.862,-11.841,-17.7821,-5.94105,0,0,8,90,0
35,11,178,8,1,-110.325,-115.651,-11.9773,-17.3028,-5.32553,0,0,8,90,0
35,12,186,8,1,-110.711,-115.434,-12.1255,-16.8481,-4.72266,0,0,8,90,0
35,13,194,8,1,-111.081,-115.212,-12.2861,-16.4167,-4.13065,0,0,8,90,0
35,14,202,8,1,-111.436,-114.984,-12.4597,-16.0076,-3.54788,0,0,8,90,0
35,15,210,8,1,-111.776,-114.749,-12.647,-15.6199,-2.97286,0,0,8,90,0
35,16,218,8,1,-112.104,-114.509,-12.8485,-15.2527,-2.40419,0,0,8,90,0
35,17,226,8,1,-112.42,-114.261,-13.0648,-14.9054,-1.84058,0,0,8,90,0
35,18,234,8,1,-112.725,-114.006,-13.2964,-14.5772,-1.2808,0,0,8,90,0
35,19,242,8,1,-113.02,-113.744,-13.544,-14.2676,-0.723644,0,0,8,90,0
35,20,250,8,1,-113.305,-113.473,-13.808,-13.976,-0.167972,0,0,8,90,0
35,21,258,8,1,-113.581,-113.193,-14.0891,-13.7017,0.387358,0,0,8,90,0
35,22,266,8,1,-113.848,-112.905,-14.3877,-13.4443,0.943478,0,0,8,90,0
35,23,274,8,1,-114.108,-112.606,-14.7046,-13.2031,1.50153,0,0,8,90,1
35,24,282,8,2,-112.297,-114.36,-12.9775,-15.0403,-2.06278,1,2,8,90,0
35,25,290,8,2,-111.976,-114.604,-12.7671,-15.3954,-2.62829,0,0,8,90,0
35,26,298,8,2,-111.643,-114.843,-12.5713,-15.7706,-3.19926,0,0,8,90,0
35,27,306,8,2,-111.297,-115.074,-12.3895,-16.1667,-3.77723,0,0,8,90,0
35,28,314,8,2,-110.937,-115.3,-12.2211,-16.5845,-4.36341,0,0,8,90,0
35,29,322,8,2,-110.561,-115.52,-12.0654,-17.025,-4.95957,0,0,8,90,0
35,30,330,8,2,-110.168,-115.735,-11.9221,-17.4892,-5.56717,0,0,8,90,0
35,31,338,8,2,-109.756,-115.944,-11.7903,-17.9786,-6.18829,0,0,8,90,0
35,32,346,8,2,-109.324,-116.149,-11.6696,-18.4944,-6.82479,0,0,8,90,0
35,33,354,8,2,-108.869,-116.349,-11.5594,-19.0386,-7.47927,0,0,8,90,0
35,34,362,8,2,-108.39,-116.544,-11.4591,-19.6132,-8.15414,0,0,8,90,0
35,35,370,8,2,-107.882,-116.735,-11.3681,-20.2209,-8.85281,0,0,8,90,0
35,36,378,8,2,-107.343,-116.922,-11.2859,-20.8645,-9.57857,0,0,8,90,0
35,37,386,8,2,-106.769,-117.105,-11.212,-21.548,-10.3361,0,0,8,90,0
35,38,394,8,2,-106.154,-117.284,-11.1458,-22.2759,-11.1301,0,0,8,90,0
35,39,402,8,2,-105.492,-117.46,-11.0869,-23.0541,-11.9672,0,0,8,90,0
35,40,410,8,2,-104.777,-117.632,-11.0347,-23.8895,-12.8548,0,0,8,90,0
35,41,418,8,2,-103.997,-117.8,-10.9889,-24.7918,-13.8029,0,0,8,90,0
35,42,426,8,2,-103.142,-117.966,-10.949,-25.7726,-14.8236,0,0,8,90,0
35,43,434,8,2,-102.195,-118.128,-10.9145,-26.8483,-15.9338,0,0,8,90,0
35,44,442,8,2,-101.133,-118.288,-10.8851,-28.0398,-17.1547,0,0,8,90,0
35,45,450,8,2,-99.9266,-118.444,-10.8605,-29.3783,-18.5179,0,0,8,90,0
35,46,458,8,2,-98.5315,-118.598,-10.8402,-30.907,-20.0668,0,0,8,90,0
35,47,466,8,2,-96.8799,-118.749,-10.824,-32.6935,-21.8695,0,0,8,90,0
35,48,474,8,2,-94.8666,-118.898,-10.8115,-34.8428,-24.0314,0,0,8,90,0
35,49,482,8,2,-92.3146,-119.044,-10.8024,-37.5319,-26.7294,0,0,8,90,0
35,50,490,8,2,-88.9683,-119.188,-10.7966,-41.0161,-30.2195,0,0,8,90,0
35,51,498,8,2,-85.0534,-119.329,-10.7937,-45.0694,-34.2757,0,0,8,90,0
35,52,506,8,2,-84.7282,-119.468,-10.7935,-45.5334,-34.7399,0,0,8,90,0
35,53,514,8,2,-88.5659,-119.605,-10.7958,-41.8349,-31.039,0,0,8,90,0
35,54,522,8,2,-92.0078,-119.74,-10.8004,-38.5323,-27.7319,0,0,8,90,0
35,55,530,8,2,-94.6295,-119.872,-10.8072,-36.0501,-25.2429,0,0,8,90,0
35,56,538,8,2,-96.6894,-120.003,-10.8158,-34.1296,-23.3137,0,0,8,90,0
35,57,546,8,2,-98.3727,-120.132,-10.8263,-32.5854,-21.7591,0,0,8,90,0
35,58,554,8,2,-99.791,-120.259,-10.8384,-31.3062,-20.4678,0,0,8,90,0
36,1,108,8,1,-105.925,-117.347,-11.1241,-22.5458,-11.4217,0,0,8,100,0
36,2,116,8,1,-106.556,-117.169,-11.1876,-21.8008,-10.6132,0,0,8,100,0
36,3,124,8,1,-107.144,-116.987,-11.2588,-21.1022,-9.84342,0,0,8,100,0
36,4,132,8,1,-107.695,-116.802,-11.3379,-20.4449,-9.10691,0,0,8,100,0
36,5,140,8,1,-108.213,-116.612,-11.4257,-19.8248,-8.3991,0,0,8,100,0
36,6,148,8,1,-108.702,-116.418,-11.5227,-19.2388,-7.71616,0,0,8,100,0
36,7,156,8,1,-109.165,-116.22,-11.6293,-18.6841,-7.05479,0,0,8,100,0
36,8,164,8,1,-109.605,-116.017,-11.7462,-18.1584,-6.41219,0,0,8,100,0
36,9,172,8,1,-110.024,-115.81,-11.874,-17.6599,-5.78588,0,0,8,100,0
36,10,180,8,1,-110.423,-115.597,-12.0132,-17.1869,-5.1737,0,0,8,100,0
36,11,188,8,1,-110.805,-115.379,-12.1644,-16.7381,-4.5737,0,0,8,100,0
36,12,196,8,1,-111.171,-115.155,-12.3282,-16.3124,-3.98415,0,0,8,100,0
36,13,204,8,1,-111.522,-114.926,-12.5052,-15.9087,-3.40345,0,0,8,100,0
36,14,212,8,1,-111.86,-114.69,-12.696,-15.5262,-2.83014,0,0,8,100,0
36,15,220,8,1,-112.184,-114.447,-12.9012,-15.164,-2.26286,0,0,8,100,0
36,16,228,8,1,-112.498,-114.198,-13.1212,-14.8216,-1.70032,0,0,8,100,0
36,17,236,8,1,-112.8,-113.941,-13.3568,-14.4981,-1.14131,0,0,8,100,0
36,18,244,8,1,-113.092,-113.677,-13.6084,-14.193,-0.584632,0,0,8,100,0
36,19,252,8,1,-113.375,-113.404,-13.8766,-13.9058,-0.0291512,0,0,8,100,0
36,20,260,8,1,-113.648,-113.122,-14.1621,-13.6358,0.52627,0,0,8,100,0
36,21,268,8,1,-113.914,-112.831,-14.4652,-13.3824,1.08277,0,0,8,100,1
36,22,276,8,2,-112.53,-114.171,-13.1452,-14.7867,-1.64148,1,2,8,100,0
36,23,284,8,2,-112.218,-114.421,-12.9235,-15.1272,-2.20374,0,0,8,100,0
36,24,292,8,2,-111.894,-114.665,-12.7168,-15.4873,-2.77042,0,0,8,100,0
36,25,300,8,2,-111.558,-114.901,-12.5246,-15.8677,-3.34309,0,0,8,100,0
36,26,308,8,2,-111.208,-115.131,-12.3462,-16.2691,-3.9229,0,0,8,100,0
36,27,316,8,2,-110.844,-115.356,-12.181,-16.6925,-4.51151,0,0,8,100,0
36,28,324,8,2,-110.464,-115.574,-12.0285,-17.1388,-5.11028,0,0,8,100,0
36,29,332,8,2,-110.066,-115.788,-11.888,-17.6092,-5.72116,0,0,8,100,0
36,30,340,8,2,-109.65,-115.996,-11.7591,-18.1049,-6.34583,0,0,8,100,0
36,31,348,8,2,-109.212,-116.199,-11.6411,-18.6278,-6.98669,0,0,8,100,0
36,32,356,8,2,-108.752,-116.398,-11.5334,-19.1793,-7.64589,0,0,8,100,0
36,33,364,8,2,-108.265,-116.592,-11.4355,-19.762,-8.32652,0,0,8,100,0
36,34,372,8,2,-107.75,-116.782,-11.3467,-20.3782,-9.03148,0,0,8,100,0
36,35,380,8,2,-107.203,-116.968,-11.2667,-21.0315,-9.76487,0,0,8,100,0
36,36,388,8,2,-106.619,-117.15,-11.1947,-21.7256,-10.5308,0,0,8,100,0
36,37,396,8,2,-105.993,-117.328,-11.1304,-22.4655,-11.3351,0,0,8,100,0
36,38,404,8,2,-105.319,-117.503,-11.0732,-23.2571,-12.1839,0,0,8,100,0
36,39,412,8,2,-104.588,-117.674,-11.0227,-24.1085,-13.0858,0,0,8,100,0
36,40,420,8,2,-103.791,-117.842,-10.9784,-25.029,-14.0506,0,0,8,100,0
36,41,428,8,2,-102.915,-118.007,-10.9398,-26.032,-15.0922,0,0,8,100,0
36,42,436,8,2,-101.941,-118.169,-10.9067,-27.1341,-16.2274,0,0,8,100,0
36,43,444,8,2,-100.846,-118.327,-10.8785,-28.3594,-17.4809,0,0,8,100,0
36,44,452,8,2,-99.5979,-118.483,-10.855,-29.7403,-18.8853,0,0,8,100,0
36,45,460,8,2,-98.1457,-118.636,-10.8358,-31.3264,-20.4906,0,0,8,100,0
36,46,468,8,2,-96.4162,-118.787,-10.8205,-33.1911,-22.3706,0,0,8,100,0
36,47,476,8,2,-94.2876,-118.935,-10.8089,-35.456,-24.6471,0,0,8,100,0
36,48,484,8,2,-91.5637,-119.08,-10.8007,-38.3172,-27.5165,0,0,8,100,0
36,49,492,8,2,-87.989,-119.223,-10.7956,-42.0299,-31.2343,0,0,8,100,0
36,50,500,8,2,-84.3598,-119.364,-10.7934,-45.7976,-35.0042,0,0,8,100,0
36,51,508,8,2,-85.57,-119.503,-10.7939,-44.7264,-33.9325,0,0,8,100,0
36,52,516,8,2,-89.5137,-119.639,-10.7968,-40.9219,-30.1251,0,0,8,100,0
36,53,524,8,2,-92.7298,-119.773,-10.8019,-37.8452,-27.0432,0,0,8,100,0
36,54,532,8,2,-95.1882,-119.905,-10.8092,-35.5263,-24.7171,0,0,8,100,0
36,55,540,8,2,-97.1403,-120.035,-10.8183,-33.7134,-22.8951,0,0,8,100,0
36,56,548,8,2,-98.7487,-120.164,-10.8292,-32.2442,-21.415,0,0,8,100,0
36,57,556,8,2,-100.113,-120.29,-10.8417,-31.0187,-20.177,0,0,8,100,0
36,58,564,8,2,-101.296,-120.415,-10.8557,-29.9745,-19.1188,0,0,8,100,0
37,1,29,9,1,-94.2453,-118.937,-10.8087,-35.5007,-24.692,0,0,9,20,0
37,2,38,9,1,-96.6181,-118.771,-10.8219,-32.9747,-22.1527,0,0,9,20,0
37,3,47,9,1,-98.5047,-118.601,-10.8399,-30.9362,-20.0963,0,0,9,20,0
37,4,56,9,1,-100.064,-118.428,-10.8629,-29.2263,-18.3634,0,0,9,20,0
37,5,65,9,1,-101.391,-118.251,-10.8915,-27.7512,-16.8597,0,0,9,20,0
37,6,74,9,1,-102.545,-118.071,-10.9262,-26.4517,-15.5255,0,0,9,20,0
37,7,83,9,1,-103.565,-117.887,-10.9675,-25.2888,-14.3212,0,0,9,20,0
37,8,92,9,1,-104.479,-117.698,-11.016,-24.2352,-13.2192,0,0,9,20,0
37,9,101,9,1,-105.307,-117.506,-11.0723,-23.2716,-12.1994,0,0,9,20,0
37,10,110,9,1,-106.063,-117.309,-11.137,-22.3836,-11.2467,0,0,9,20,0
37,11,119,9,1,-106.758,-117.108,-11.2107,-21.5604,-10.3496,0,0,9,20,0
37,12,128,9,1,-107.403,-116.902,-11.2943,-20.7935,-9.49922,0,0,9,20,0
37,13,137,9,1,-108.003,-116.691,-11.3884,-20.0765,-8.68811,0,0,9,20,0
37,14,146,9,1,-108.564,-116.475,-11.4938,-19.4042,-7.9104,0,0,9,20,0
37,15,155,9,1,-109.092,-116.253,-11.6113,-18.7724,-7.16115,0,0,9,20,0
37,16,164,9,1,-109.589,-116.025,-11.7416,-18.1778,-6.4362,0,0,9,20,0
37,17,173,9,1,-110.059,-115.791,-11.8857,-17.6177,-5.73199,0,0,9,20,0
37,18,182,9,1,-110.506,-115.551,-12.0443,-17.0897,-5.04545,0,0,9,20,0
37,19,191,9,1,-110.93,-115.304,-12.2182,-16.5921,-4.37384,0,0,9,20,0
37,20,200,9,1,-111.335,-115.05,-12.4084,-16.1231,-3.71476,0,0,9,20,0
37,21,209,9,1,-111.722,-114.788,-12.6156,-15.6816,-3.06602,0,0,9,20,0
37,22,218,9,1,-112.092,-114.518,-12.8406,-15.2662,-2.4256,0,0,9,20,0
37,23,227,9,1,-112.447,-114.239,-13.0844,-14.876,-1.79165,0,0,9,20,0
37,24,236,9,1,-112.789,-113.951,-13.3476,-14.51,-1.1624,0,0,9,20,0
37,25,245,9,1,-113.117,-113.653,-13.6311,-14.1673,-0.536171,0,0,9,20,0
37,26,254,9,1,-113.433,-113.345,-13.9357,-13.8471,0.0886692,0,0,9,20,0
37,27,263,9,1,-113.739,-113.025,-14.2623,-13.5485,0.713738,0,0,9,20,0
37,28,272,9,1,-114.034,-112.693,-14.6115,-13.2708,1.34065,0,0,9,20,1
37,29,281,9,2,-112.348,-114.319,-13.0132,-14.9844,-1.97123,1,2,9,20,0
37,30,290,9,2,-111.989,-114.595,-12.7748,-15.3816,-2.60678,0,0,9,20,0
37,31,299,9,2,-111.614,-114.863,-12.5549,-15.8043,-3.24943,0,0,9,20,0
37,32,308,9,2,-111.222,-115.123,-12.3526,-16.2535,-3.90085,0,0,9,20,0
37,33,317,9,2,-110.812,-115.375,-12.1672,-16.7305,-4.56332,0,0,9,20,0
37,34,326,9,2,-110.381,-115.62,-11.9977,-17.2365,-5.23885,0,0,9,20,0
37,35,335,9,2,-109.928,-115.858,-11.8433,-17.7735,-5.9302,0,0,9,20,0
37,36,344,9,2,-109.45,-116.09,-11.7032,-18.3431,-6.6399,0,0,9,20,0
37,37,353,9,2,-108.945,-116.316,-11.5766,-18.9481,-7.37145,0,0,9,20,0
37,38,362,9,2,-108.408,-116.537,-11.4627,-19.5909,-8.12826,0,0,9,20,0
37,39,371,9,2,-107.836,-116.751,-11.3606,-20.2756,-8.91502,0,0,9,20,0
37,40,380,9,2,-107.224,-116.961,-11.2695,-21.0061,-9.73655,0,0,9,20,0
37,41,389,9,2,-106.566,-117.166,-11.1888,-21.7883,-10.5995,0,0,9,20,0
37,42,398,9,2,-105.854,-117.366,-11.1177,-22.6289,-11.5112,0,0,9,20,0
37,43,407,9,2,-105.079,-117.561,-11.0555,-23.5373,-12.4819,0,0,9,20,0
37,44,416,9,2,-104.229,-117.752,-11.0015,-24.5247,-13.5232,0,0,9,20,0
37,45,425,9,2,-103.287,-117.939,-10.9551,-25.6072,-14.6522,0,0,9,20,0
37,46,434,9,2,-102.232,-118.122,-10.9157,-26.8056,-15.8899,0,0,9,20,0
37,47,443,9,2,-101.034,-118.302,-10.8828,-28.1506,-17.2678,0,0,9,20,0
37,48,452,9,2,-99.6481,-118.477,-10.8558,-29.6851,-18.8293,0,0,9,20,0
37,49,461,9,2,-98.0068,-118.65,-10.8343,-31.477,-20.6427,0,0,9,20,0
37,50,470,9,2,-96.0026,-118.818,-10.8177,-33.6336,-22.8159,0,0,9,20,0
37,51,479,9,2,-93.4472,-118.984,-10.8058,-36.3427,-25.5369,0,0,9,20,0
37,52,488,9,2,-90.0254,-119.147,-10.798,-39.9192,-29.1213,0,0,9,20,0
37,53,497,9,2,-85.6326,-119.306,-10.794,-44.4676,-33.6736,0,0,9,20,0
37,54,506,9,2,-84.6235,-119.463,-10.7935,-45.6329,-34.8394,0,0,9,20,0
37,55,515,9,2,-88.9011,-119.617,-10.7961,-41.5118,-30.7157,0,0,9,20,0
37,56,524,9,2,-92.6226,-119.768,-10.8017,-37.9471,-27.1454,0,0,9,20,0
37,57,533,9,2,-95.3752,-119.917,-10.8099,-35.3514,-24.5415,0,0,9,20,0
37,58,542,9,2,-97.5058,-120.063,-10.8205,-33.3775,-22.5571,0,0,9,20,0
38,1,39,9,1,-96.848,-118.752,-10.8237,-32.7278,-21.9041,0,0,9,30,0
38,2,48,9,1,-98.692,-118.582,-10.8422,-30.7321,-19.8899,0,0,9,30,0
38,3,57,9,1,-100.222,-118.408,-10.8658,-29.0522,-18.1864,0,0,9,30,0
38,4,66,9,1,-101.527,-118.231,-10.8951,-27.599,-16.7039,0,0,9,30,0
38,5,75,9,1,-102.665,-118.05,-10.9305,-26.3163,-15.3859,0,0,9,30,0
38,6,84,9,1,-103.672,-117.866,-10.9725,-25.1667,-14.1942,0,0,9,30,0
38,7,93,9,1,-104.575,-117.677,-11.0219,-24.124,-13.1021,0,0,9,30,0
38,8,102,9,1,-105.394,-117.484,-11.079,-23.1695,-12.0904,0,0,9,30,0
38,9,111,9,1,-106.143,-117.287,-11.1447,-22.2891,-11.1444,0,0,9,30,0
38,10,120,9,1,-106.832,-117.085,-11.2195,-21.4725,-10.253,0,0,9,30,0
38,11,129,9,1,-107.471,-116.879,-11.3042,-20.7115,-9.40727,0,0,9,30,0
38,12,138,9,1,-108.067,-116.667,-11.3996,-19.9997,-8.60015,0,0,9,30,0
38,13,147,9,1,-108.624,-116.45,-11.5063,-19.3321,-7.82583,0,0,9,30,0
38,14,156,9,1,-109.148,-116.228,-11.6251,-18.7046,-7.07947,0,0,9,30,0
38,15,165,9,1,-109.642,-115.999,-11.7569,-18.1139,-6.35699,0,0,9,30,0
38,16,174,9,1,-110.11,-115.765,-11.9026,-17.5575,-5.65489,0,0,9,30,0
38,17,183,9,1,-110.554,-115.524,-12.0628,-17.0329,-4.97013,0,0,9,30,0
38,18,192,9,1,-110.976,-115.276,-12.2385,-16.5386,-4.30003,0,0,9,30,0
38,19,201,9,1,-111.379,-115.021,-12.4305,-16.0727,-3.64221,0,0,9,30,0
38,20,210,9,1,-111.764,-114.758,-12.6397,-15.6341,-2.99448,0,0,9,30,0
38,21,219,9,1,-112.132,-114.487,-12.8668,-15.2216,-2.35487,0,0,9,30,0
38,22,228,9,1,-112.486,-114.208,-13.1126,-14.8342,-1.72153,0,0,9,30,0
38,23,237,9,1,-112.826,-113.918,-13.3781,-14.4708,-1.0927,0,0,9,30,0
38,24,246,9,1,-113.153,-113.619,-13.6639,-14.1306,-0.466706,0,0,9,30,0
38,25,255,9,1,-113.468,-113.31,-13.9709,-13.8129,0.158081,0,0,9,30,0
38,26,264,9,1,-113.772,-112.989,-14.2999,-13.5167,0.783275,0,0,9,30,0
38,27,273,9,1,-114.066,-112.655,-14.6517,-13.2412,1.4105,0,0,9,30,1
38,28,282,9,2,-112.309,-114.35,-12.9858,-15.0273,-2.04151,1,2,9,30,0
38,29,291,9,2,-111.948,-114.625,-12.7495,-15.4273,-2.67786,0,0,9,30,0
38,30,300,9,2,-111.571,-114.892,-12.5316,-15.8529,-3.32128,0,0,9,30,0
38,31,309,9,2,-111.177,-115.151,-12.3312,-16.3051,-3.97393,0,0,9,30,0
38,32,318,9,2,-110.765,-115.402,-12.1476,-16.7852,-4.63763,0,0,9,30,0
38,33,327,9,2,-110.332,-115.647,-11.9798,-17.2947,-5.31491,0,0,9,30,0
38,34,336,9,2,-109.876,-115.884,-11.8271,-17.8351,-6.00802,0,0,9,30,0
38,35,345,9,2,-109.396,-116.116,-11.6885,-18.4086,-6.72011,0,0,9,30,0
38,36,354,9,2,-108.887,-116.341,-11.5634,-19.0175,-7.45414,0,0,9,30,0
38,37,363,9,2,-108.346,-116.561,-11.4507,-19.6649,-8.2142,0,0,9,30,0
38,38,372,9,2,-107.77,-116.775,-11.3499,-20.3543,-9.00438,0,0,9,30,0
38,39,381,9,2,-107.154,-116.984,-11.2601,-21.0904,-9.83036,0,0,9,30,0
38,40,390,9,2,-106.49,-117.188,-11.1805,-21.8786,-10.6982,0,0,9,30,0
38,41,399,9,2,-105.771,-117.387,-11.1103,-22.7264,-11.6161,0,0,9,30,0
38,42,408,9,2,-104.989,-117.582,-11.0491,-23.6427,-12.5937,0,0,9,30,0
38,43,417,9,2,-104.129,-117.773,-10.9959,-24.6401,-13.6441,0,0,9,30,0
38,44,426,9,2,-103.176,-117.96,-10.9504,-25.734,-14.7837,0,0,9,30,0
38,45,435,9,2,-102.107,-118.142,-10.9117,-26.9474,-16.0356,0,0,9,30,0
38,46,444,9,2,-100.89,-118.321,-10.8795,-28.3105,-17.431,0,0,9,30,0
38,47,453,9,2,-99.4796,-118.497,-10.8532,-29.8702,-19.017,0,0,9,30,0
38,48,462,9,2,-97.805,-118.668,-10.8322,-31.6957,-20.8635,0,0,9,30,0
38,49,471,9,2,-95.7499,-118.837,-10.8162,-33.9033,-23.0871,0,0,9,30,0
38,50,480,9,2,-93.1176,-119.002,-10.8047,-36.6894,-25.8847,0,0,9,30,0
38,51,489,9,2,-89.574,-119.165,-10.7973,-40.3878,-29.5905,0,0,9,30,0
38,52,498,9,2,-85.1818,-119.324,-10.7938,-44.9357,-34.142,0,0,9,30,0
38,53,507,9,2,-84.9985,-119.48,-10.7936,-45.2753,-34.4816,0,0,9,30,0
38,54,516,9,2,-89.3724,-119.634,-10.7966,-41.058,-30.2614,0,0,9,30,0
38,55,525,9,2,-92.9693,-119.785,-10.8025,-37.6179,-26.8154,0,0,9,30,0
38,56,534,9,2,-95.6374,-119.933,-10.8109,-35.1066,-24.2957,0,0,9,30,0
38,57,543,9,2,-97.7148,-120.079,-10.8218,-33.1859,-22.3641,0,0,9,30,0
38,58,552,9,2,-99.405,-120.222,-10.8348,-31.6522,-20.8174,0,0,9,30,0
39,1,49,9,1,-98.8755,-118.563,-10.8445,-30.5319,-19.6873,0,0,9,40,0
39,2,58,9,1,-100.377,-118.389,-10.8688,-28.8807,-18.012,0,0,9,40,0
39,3,67,9,1,-101.661,-118.211,-10.8987,-27.4489,-16.5502,0,0,9,40,0
39,4,76,9,1,-102.782,-118.03,-10.9348,-26.1826,-15.2478,0,0,9,40,0
39,5,85,9,1,-103.777,-117.845,-10.9777,-25.046,-14.0683,0,0,9,40,0
39,6,94,9,1,-104.67,-117.656,-11.0278,-24.0139,-12.9861,0,0,9,40,0
39,7,103,9,1,-105.48,-117.463,-11.0859,-23.0682,-11.9823,0,0,9,40,0
39,8,112,9,1,-106.222,-117.265,-11.1525,-22.1954,-11.0429,0,0,9,40,0
39,9,121,9,1,-106.906,-117.063,-11.2284,-21.3854,-10.1569,0,0,9,40,0
39,10,130,9,1,-107.54,-116.855,-11.3143,-20.6301,-9.3158,0,0,9,40,0
39,11,139,9,1,-108.131,-116.643,-11.4108,-19.9234,-8.51259,0,0,9,40,0
39,12,148,9,1,-108.684,-116.426,-11.5188,-19.2604,-7.7416,0,0,9,40,0
39,13,157,9,1,-109.205,-116.203,-11.6391,-18.6372,-6.99808,0,0,9,40,0
39,14,166,9,1,-109.696,-115.974,-11.7724,-18.0505,-6.27803,0,0,9,40,0
39,15,175,9,1,-110.161,-115.739,-11.9196,-17.4976,-5.578,0,0,9,40,0
39,16,184,9,1,-110.602,-115.497,-12.0816,-16.9766,-4.895,0,0,9,40,0
39,17,193,9,1,-111.022,-115.248,-12.259,-16.4854,-4.22638,0,0,9,40,0
39,18,202,9,1,-111.422,-114.992,-12.4529,-16.0227,-3.56978,0,0,9,40,0
39,19,211,9,1,-111.806,-114.729,-12.664,-15.587,-2.92305,0,0,9,40,0
39,20,220,9,1,-112.172,-114.457,-12.8931,-15.1774,-2.28423,0,0,9,40,0
39,21,229,9,1,-112.524,-114.176,-13.1411,-14.7926,-1.65147,0,0,9,40,0
39,22,238,9,1,-112.863,-113.886,-13.4088,-14.4319,-1.02303,0,0,9,40,0
39,23,247,9,1,-113.188,-113.586,-13.697,-14.0942,-0.397255,0,0,9,40,0
39,24,256,9,1,-113.502,-113.275,-14.0064,-13.7789,0.227497,0,0,9,40,0
39,25,265,9,1,-113.805,-112.952,-14.3379,-13.485,0.852836,0,0,9,40,0
39,26,274,9,1,-114.098,-112.618,-14.6923,-13.2119,1.48038,0,0,9,40,1
39,27,283,9,2,-112.269,-114.381,-12.9585,-15.0705,-2.11196,1,2,9,40,0
39,28,292,9,2,-111.907,-114.656,-12.7244,-15.4733,-2.74891,0,0,9,40,0
39,29,301,9,2,-111.528,-114.921,-12.5085,-15.9018,-3.39337,0,0,9,40,0
39,30,310,9,2,-111.132,-115.179,-12.31,-16.357,-4.04703,0,0,9,40,0
39,31,319,9,2,-110.718,-115.43,-12.1281,-16.8404,-4.71223,0,0,9,40,0
39,32,328,9,2,-110.283,-115.674,-11.9621,-17.3531,-5.39102,0,0,9,40,0
39,33,337,9,2,-109.824,-115.91,-11.811,-17.8972,-6.08622,0,0,9,40,0
39,34,346,9,2,-109.341,-116.141,-11.674,-18.4744,-6.80045,0,0,9,40,0
39,35,355,9,2,-108.828,-116.366,-11.5502,-19.0875,-7.53731,0,0,9,40,0
39,36,364,9,2,-108.284,-116.585,-11.439,-19.7393,-8.30033,0,0,9,40,0
39,37,373,9,2,-107.704,-116.798,-11.3394,-20.4338,-9.09438,0,0,9,40,0
39,38,382,9,2,-107.082,-117.007,-11.2507,-21.1752,-9.92449,0,0,9,40,0
39,39,391,9,2,-106.413,-117.21,-11.1722,-21.9698,-10.7976,0,0,9,40,0
39,40,400,9,2,-105.688,-117.409,-11.1031,-22.8246,-11.7215,0,0,9,40,0
39,41,409,9,2,-104.897,-117.604,-11.0428,-23.7494,-12.7067,0,0,9,40,0
39,42,418,9,2,-104.028,-117.794,-10.9905,-24.7564,-13.7658,0,0,9,40,0
39,43,427,9,2,-103.063,-117.98,-10.9457,-25.8627,-14.9169,0,0,9,40,0
39,44,436,9,2,-101.98,-118.162,-10.9079,-27.0906,-16.1827,0,0,9,40,0
39,45,445,9,2,-100.744,-118.341,-10.8763,-28.4733,-17.597,0,0,9,40,0
39,46,454,9,2,-99.3085,-118.516,-10.8506,-30.058,-19.2074,0,0,9,40,0
39,47,463,9,2,-97.5978,-118.687,-10.8302,-31.9198,-21.0896,0,0,9,40,0
39,48,472,9,2,-95.4912,-118.856,-10.8147,-34.179,-23.3643,0,0,9,40,0
39,49,481,9,2,-92.7756,-119.02,-10.8037,-37.0485,-26.2449,0,0,9,40,0
39,50,490,9,2,-89.1098,-119.182,-10.7968,-40.8693,-30.0725,0,0,9,40,0
39,51,499,9,2,-84.7794,-119.341,-10.7936,-45.3555,-34.5619,0,0,9,40,0
39,52,508,9,2,-85.43,-119.497,-10.7938,-44.8611,-34.0673,0,0,9,40,0
39,53,517,9,2,-89.8295,-119.651,-10.7971,-40.6183,-29.8211,0,0,9,40,0
39,54,526,9,2,-93.3041,-119.801,-10.8033,-37.3005,-26.4972,0,0,9,40,0
39,55,535,9,2,-95.8928,-119.949,-10.812,-34.8686,-24.0566,0,0,9,40,0
39,56,544,9,2,-97.9189,-120.095,-10.8231,-32.9992,-22.1761,0,0,9,40,0
39,57,553,9,2,-99.5747,-120.238,-10.8363,-31.4998,-20.6634,0,0,9,40,0
39,58,562,9,2,-100.971,-120.379,-10.8515,-30.2594,-19.4079,0,0,9,40,0
40,1,59,9,1,-100.529,-118.369,-10.8718,-28.712,-17.8402,0,0,9,50,0
40,2,68,9,1,-101.793,-118.191,-10.9024,-27.3008,-16.3984,0,0,9,50,0
40,3,77,9,1,-102.899,-118.01,-10.9392,-26.0504,-15.1112,0,0,9,50,0
40,4,86,9,1,-103.881,-117.824,-10.9829,-24.9265,-13.9437,0,0,9,50,0
40,5,95,9,1,-104.764,-117.635,-11.0339,-23.9048,-12.871,0,0,9,50,0
40,6,104,9,1,-105.566,-117.441,-11.0929,-22.9678,-11.875,0,0,9,50,0
40,7,113,9,1,-106.301,-117.243,-11.1605,-22.1025,-10.942,0,0,9,50,0
40,8,122,9,1,-106.978,-117.04,-11.2375,-21.2989,-10.0614,0,0,9,50,0
40,9,131,9,1,-107.607,-116.832,-11.3245,-20.5493,-9.2248,0,0,9,50,0
40,10,140,9,1,-108.194,-116.619,-11.4223,-19.8477,-8.42543,0,0,9,50,0
40,11,149,9,1,-108.744,-116.401,-11.5316,-19.1893,-7.65771,0,0,9,50,0
40,12,158,9,1,-109.261,-116.178,-11.6533,-18.5702,-6.91698,0,0,9,50,0
40,13,167,9,1,-109.749,-115.948,-11.7881,-17.9874,-6.19932,0,0,9,50,0
40,14,176,9,1,-110.211,-115.712,-11.9369,-17.4382,-5.50132,0,0,9,50,0
40,15,185,9,1,-110.65,-115.47,-12.1005,-16.9205,-4.82004,0,0,9,50,0
40,16,194,9,1,-111.067,-115.22,-12.2798,-16.4326,-4.15287,0,0,9,50,0
40,17,203,9,1,-111.466,-114.963,-12.4755,-15.973,-3.49747,0,0,9,50,0
40,18,212,9,1,-111.847,-114.699,-12.6886,-15.5403,-2.85171,0,0,9,50,0
40,19,221,9,1,-112.212,-114.426,-12.9197,-15.1334,-2.21365,0,0,9,50,0
40,20,230,9,1,-112.563,-114.144,-13.1699,-14.7514,-1.58146,0,0,9,50,0
40,21,239,9,1,-112.9,-113.853,-13.4398,-14.3932,-0.953401,0,0,9,50,0
40,22,248,9,1,-113.224,-113.552,-13.7303,-14.0581,-0.327817,0,0,9,50,0
40,23,257,9,1,-113.536,-113.24,-14.0421,-13.7452,0.296921,0,0,9,50,0
40,24,266,9,1,-113.838,-112.916,-14.3761,-13.4537,0.922425,0,0,9,50,0
40,25,275,9,1,-114.13,-112.58,-14.7331,-13.1828,1.55032,0,0,9,50,1
40,26,284,9,2,-112.23,-114.412,-12.9316,-15.114,-2.18238,1,2,9,50,0
40,27,293,9,2,-111.865,-114.685,-12.6995,-15.5197,-2.82017,0,0,9,50,0
40,28,302,9,2,-111.485,-114.95,-12.4856,-15.951,-3.46545,0,0,9,50,0
40,29,311,9,2,-111.087,-115.208,-12.289,-16.4094,-4.12039,0,0,9,50,0
40,30,320,9,2,-110.671,-115.457,-12.1089,-16.8958,-4.78687,0,0,9,50,0
40,31,329,9,2,-110.233,-115.7,-11.9446,-17.412,-5.46747,0,0,9,50,0
40,32,338,9,2,-109.772,-115.936,-11.7951,-17.9596,-6.16451,0,0,9,50,0
40,33,347,9,2,-109.285,-116.166,-11.6596,-18.5408,-6.88122,0,0,9,50,0
40,34,356,9,2,-108.77,-116.39,-11.5373,-19.1579,-7.62064,0,0,9,50,0
40,35,365,9,2,-108.222,-116.609,-11.4273,-19.8144,-8.38703,0,0,9,50,0
40,36,374,9,2,-107.637,-116.822,-11.329,-20.5137,-9.18463,0,0,9,50,0
40,37,383,9,2,-107.01,-117.03,-11.2415,-21.2609,-10.0193,0,0,9,50,0
40,38,392,9,2,-106.335,-117.233,-11.1641,-22.0616,-10.8975,0,0,9,50,0
40,39,401,9,2,-105.603,-117.431,-11.096,-22.9238,-11.8278,0,0,9,50,0
40,40,410,9,2,-104.805,-117.625,-11.0366,-23.8569,-12.8203,0,0,9,50,0
40,41,419,9,2,-103.926,-117.815,-10.9852,-24.8742,-13.889,0,0,9,50,0
40,42,428,9,2,-102.949,-118.001,-10.9412,-25.9924,-15.0512,0,0,9,50,0
40,43,437,9,2,-101.851,-118.183,-10.904,-27.236,-16.332,0,0,9,50,0
40,44,446,9,2,-100.596,-118.361,-10.8732,-28.6381,-17.765,0,0,9,50,0
40,45,455,9,2,-99.1334,-118.535,-10.848,-30.2497,-19.4017,0,0,9,50,0
40,46,464,9,2,-97.3865,-118.706,-10.8282,-32.1479,-21.3197,0,0,9,50,0
40,47,473,9,2,-95.2241,-118.874,-10.8132,-34.4631,-23.6499,0,0,9,50,0
40,48,482,9,2,-92.4232,-119.039,-10.8027,-37.4181,-26.6154,0,0,9,50,0
40,49,491,9,2,-88.6296,-119.2,-10.7962,-41.3668,-30.5706,0,0,9,50,0
40,50,500,9,2,-84.4462,-119.359,-10.7934,-45.706,-34.9125,0,0,9,50,0
40,51,509,9,2,-85.902,-119.514,-10.794,-44.4065,-33.6125,0,0,9,50,0
40,52,518,9,2,-90.2713,-119.668,-10.7977,-40.1939,-29.3962,0,0,9,50,0
40,53,527,9,2,-93.6284,-119.818,-10.8041,-36.9936,-26.1894,0,0,9,50,0
40,54,536,9,2,-96.141,-119.966,-10.8132,-34.6378,-23.8246,0,0,9,50,0
40,55,545,9,2,-98.1188,-120.111,-10.8245,-32.8167,-21.9922,0,0,9,50,0
40,56,554,9,2,-99.741,-120.254,-10.8379,-31.3509,-20.5129,0,0,9,50,0
40,57,563,9,2,-101.114,-120.395,-10.8533,-30.1341,-19.2808,0,0,9,50,0
40,58,572,9,2,-102.302,-120.533,-10.8704,-29.1014,-18.231,0,0,9,50,0
41,1,69,9,1,-101.923,-118.171,-10.9062,-27.1546,-16.2485,0,0,9,60,0
41,2,78,9,1,-103.013,-117.989,-10.9437,-25.9198,-14.9761,0,0,9,60,0
41,3,87,9,1,-103.983,-117.803,-10.9882,-24.8083,-13.8202,0,0,9,60,0
41,4,96,9,1,-104.857,-117.613,-11.04,-23.7968,-12.7568,0,0,9,60,0
41,5,105,9,1,-105.651,-117.419,-11.0999,-22.8683,-11.7684,0,0,9,60,0
41,6,114,9,1,-106.379,-117.22,-11.1686,-22.0103,-10.8417,0,0,9,60,0
41,7,123,9,1,-107.051,-117.017,-11.2466,-21.213,-9.96639,0,0,9,60,0
41,8,132,9,1,-107.675,-116.809,-11.3348,-20.469,-9.13425,0,0,9,60,0
41,9,141,9,1,-108.257,-116.595,-11.4338,-19.7725,-8.33865,0,0,9,60,0
41,10,150,9,1,-108.803,-116.377,-11.5445,-19.1186,-7.57415,0,0,9,60,0
41,11,159,9,1,-109.316,-116.152,-11.6676,-18.5037,-6.83617,0,0,9,60,0
41,12,168,9,1,-109.801,-115.922,-11.8039,-17.9248,-6.12085,0,0,9,60,0
41,13,177,9,1,-110.261,-115.685,-11.9543,-17.3792,-5.42485,0,0,9,60,0
41,14,186,9,1,-110.697,-115.442,-12.1196,-16.8649,-4.74526,0,0,9,60,0
41,15,195,9,1,-111.112,-115.192,-12.3007,-16.3802,-4.07951,0,0,9,60,0
41,16,204,9,1,-111.509,-114.934,-12.4983,-15.9236,-3.42528,0,0,9,60,0
41,17,213,9,1,-111.888,-114.669,-12.7133,-15.4938,-2.78047,0,0,9,60,0
41,18,222,9,1,-112.252,-114.395,-12.9466,-15.0897,-2.14315,0,0,9,60,0
41,19,231,9,1,-112.601,-114.112,-13.1989,-14.7104,-1.5115,0,0,9,60,0
41,20,240,9,1,-112.936,-113.82,-13.4711,-14.3549,-0.8838,0,0,9,60,0
41,21,249,9,1,-113.259,-113.518,-13.7639,-14.0223,-0.258389,0,0,9,60,0
41,22,258,9,1,-113.571,-113.204,-14.0781,-13.7118,0.366354,0,0,9,60,0
41,23,267,9,1,-113.871,-112.879,-14.4146,-13.4226,0.992043,0,0,9,60,0
41,24,276,9,1,-114.162,-112.541,-14.7742,-13.1539,1.62031,0,0,9,60,1
41,25,285,9,2,-112.19,-114.443,-12.9049,-15.1579,-2.25297,1,2,9,60,0
41,26,294,9,2,-111.824,-114.715,-12.6749,-15.5663,-2.89141,0,0,9,60,0
41,27,303,9,2,-111.442,-114.979,-12.4629,-16.0006,-3.53776,0,0,9,60,0
41,28,312,9,2,-111.042,-115.236,-12.2682,-16.462,-4.19377,0,0,9,60,0
41,29,321,9,2,-110.623,-115.485,-12.0899,-16.9517,-4.86182,0,0,9,60,0
41,30,330,9,2,-110.183,-115.727,-11.9273,-17.4712,-5.54399,0,0,9,60,0
41,31,339,9,2,-109.719,-115.962,-11.7793,-18.0225,-6.24319,0,0,9,60,0
41,32,348,9,2,-109.229,-116.191,-11.6454,-18.6075,-6.96211,0,0,9,60,0
41,33,357,9,2,-108.71,-116.415,-11.5245,-19.2289,-7.70447,0,0,9,60,0
41,34,366,9,2,-108.159,-116.633,-11.4159,-19.8898,-8.47393,0,0,9,60,0
41,35,375,9,2,-107.57,-116.845,-11.3188,-20.5943,-9.27553,0,0,9,60,0
41,36,384,9,2,-106.938,-117.052,-11.2324,-21.347,-10.1145,0,0,9,60,0
41,37,393,9,2,-106.257,-117.255,-11.1561,-22.1543,-10.9982,0,0,9,60,0
41,38,402,9,2,-105.518,-117.453,-11.089,-23.0236,-11.9347,0,0,9,60,0
41,39,411,9,2,-104.711,-117.646,-11.0305,-23.9656,-12.9351,0,0,9,60,0
41,40,420,9,2,-103.823,-117.836,-10.9799,-24.9929,-14.013,0,0,9,60,0
41,41,429,9,2,-102.834,-118.021,-10.9367,-26.1241,-15.1873,0,0,9,60,0
41,42,438,9,2,-101.72,-118.202,-10.9003,-27.3831,-16.4827,0,0,9,60,0
41,43,447,9,2,-100.444,-118.38,-10.8701,-28.806,-17.9359,0,0,9,60,0
41,44,456,9,2,-98.9555,-118.554,-10.8456,-30.4444,-19.5988,0,0,9,60,0
41,45,465,9,2,-97.1695,-118.725,-10.8263,-32.3819,-21.5555,0,0,9,60,0
41,46,474,9,2,-94.9504,-118.892,-10.8119,-34.7539,-23.9421,0,0,9,60,0
41,47,483,9,2,-92.057,-119.057,-10.8018,-37.8015,-26.9997,0,0,9,60,0
41,48,492,9,2,-88.1388,-119.218,-10.7957,-41.8748,-31.0791,0,0,9,60,0
41,49,501,9,2,-84.2012,-119.376,-10.7933,-45.9683,-35.175,0,0,9,60,0
41,50,510,9,2,-86.3971,-119.532,-10.7943,-43.9288,-33.1345,0,0,9,60,0
41,51,519,9,2,-90.6986,-119.684,-10.7983,-39.784,-28.9857,0,0,9,60,0
41,52,528,9,2,-93.9421,-119.834,-10.805,-36.6973,-25.8923,0,0,9,60,0
41,53,537,9,2,-96.3832,-119.982,-10.8143,-34.4131,-23.5988,0,0,9,60,0
41,54,546,9,2,-98.314,-120.127,-10.8259,-32.6389,-21.813,0,0,9,60,0
41,55,555,9,2,-99.9046,-120.27,-10.8395,-31.2047,-20.3651,0,0,9,60,0
41,56,564,9,2,-101.254,-120.41,-10.8551,-30.0113,-19.1562,0,0,9,60,0
41,57,573,9,2,-102.425,-120.548,-10.8724,-28.9959,-18.1235,0,0,9,60,0
41,58,582,9,2,-103.458,-120.684,-10.8912,-28.1175,-17.2262,0,0,9,60,0
42,1,79,9,1,-103.126,-117.969,-10.9483,-25.7907,-14.8424,0,0,9,70,0
42,2,88,9,1,-104.085,-117.782,-10.9935,-24.6913,-13.6978,0,0,9,70,0
42,3,97,9,1,-104.948,-117.592,-11.0463,-23.6898,-12.6435,0,0,9,70,0
42,4,106,9,1,-105.735,-117.397,-11.1071,-22.7697,-11.6626,0,0,9,70,0
42,5,115,9,1,-106.456,-117.198,-11.1768,-21.9189,-10.7421,0,0,9,70,0
42,6,124,9,1,-107.122,-116.994,-11.2559,-21.1279,-9.87194,0,0,9,70,0
42,7,133,9,1,-107.741,-116.785,-11.3452,-20.3894,-9.04416,0,0,9,70,0
42,8,142,9,1,-108.319,-116.571,-11.4455,-19.6978,-8.25226,0,0,9,70,0
42,9,151,9,1,-108.861,-116.352,-11.5575,-19.0484,-7.49092,0,0,9,70,0
42,10,160,9,1,-109.371,-116.127,-11.6821,-18.4377,-6.75564,0,0,9,70,0
42,11,169,9,1,-109.853,-115.896,-11.8199,-17.8625,-6.04262,0,0,9,70,0
42,12,178,9,1,-110.31,-115.659,-11.9719,-17.3205,-5.34858,0,0,9,70,0
42,13,187,9,1,-110.744,-115.415,-12.1389,-16.8096,-4.67065,0,0,9,70,0
42,14,196,9,1,-111.157,-115.164,-12.3218,-16.3281,-4.00629,0,0,9,70,0
42,15,205,9,1,-111.552,-114.905,-12.5213,-15.8745,-3.3532,0,0,9,70,0
42,16,214,9,1,-111.93,-114.639,-12.7383,-15.4477,-2.70932,0,0,9,70,0
42,17,223,9,1,-112.291,-114.364,-12.9737,-15.0464,-2.07272,0,0,9,70,0
42,18,232,9,1,-112.639,-114.08,-13.2281,-14.6697,-1.44159,0,0,9,70,0
42,19,241,9,1,-112.973,-113.787,-13.5026,-14.3168,-0.814226,0,0,9,70,0
42,20,250,9,1,-113.294,-113.483,-13.7977,-13.9867,-0.18897,0,0,9,70,0
42,21,259,9,1,-113.604,-113.169,-14.1144,-13.6786,0.435798,0,0,9,70,0
42,22,268,9,1,-113.904,-112.842,-14.4534,-13.3917,1.06169,0,0,9,70,1
42,23,277,9,2,-112.503,-114.193,-13.1253,-14.8156,-1.69034,1,2,9,70,0
42,24,286,9,2,-112.15,-114.474,-12.8784,-15.202,-2.32354,0,0,9,70,0
42,25,295,9,2,-111.782,-114.745,-12.6504,-15.6133,-2.96285,0,0,9,70,0
42,26,304,9,2,-111.398,-115.008,-12.4404,-16.0505,-3.61008,0,0,9,70,0
42,27,313,9,2,-110.996,-115.264,-12.2476,-16.515,-4.26743,0,0,9,70,0
42,28,322,9,2,-110.575,-115.512,-12.0711,-17.0079,-4.93681,0,0,9,70,0
42,29,331,9,2,-110.132,-115.753,-11.9101,-17.5309,-5.62086,0,0,9,70,0
42,30,340,9,2,-109.666,-115.988,-11.7638,-18.0857,-6.32196,0,0,9,70,0
42,31,349,9,2,-109.173,-116.217,-11.6313,-18.6747,-7.04345,0,0,9,70,0
42,32,358,9,2,-108.651,-116.439,-11.5118,-19.3003,-7.78846,0,0,9,70,0
42,33,367,9,2,-108.095,-116.656,-11.4045,-19.9659,-8.5614,0,0,9,70,0
42,34,376,9,2,-107.502,-116.868,-11.3087,-20.6754,-9.36669,0,0,9,70,0
42,35,385,9,2,-106.865,-117.075,-11.2235,-21.4339,-10.2105,0,0,9,70,0
42,36,394,9,2,-106.178,-117.277,-11.1482,-22.2475,-11.0994,0,0,9,70,0
42,37,403,9,2,-105.432,-117.475,-11.0821,-23.1246,-12.0426,0,0,9,70,0
42,38,412,9,2,-104.617,-117.668,-11.0245,-24.0751,-13.0506,0,0,9,70,0
42,39,421,9,2,-103.718,-117.857,-10.9748,-25.1132,-14.1385,0,0,9,70,0
42,40,430,9,2,-102.717,-118.041,-10.9324,-26.2569,-15.3246,0,0,9,70,0
42,41,439,9,2,-101.587,-118.222,-10.8967,-27.5325,-16.6358,0,0,9,70,0
42,42,448,9,2,-100.291,-118.4,-10.8671,-28.9759,-18.1088,0,0,9,70,0
42,43,457,9,2,-98.7733,-118.573,-10.8432,-30.6433,-19.8001,0,0,9,70,0
42,44,466,9,2,-96.9479,-118.744,-10.8245,-32.6203,-21.7958,0,0,9,70,0
42,45,475,9,2,-94.6674,-118.911,-10.8105,-35.054,-24.2434,0,0,9,70,0
42,46,484,9,2,-91.6793,-119.075,-10.8009,-38.1964,-27.3954,0,0,9,70,0
42,47,493,9,2,-87.6357,-119.236,-10.7953,-42.3952,-31.5999,0,0,9,70,0
42,48,502,9,2,-84.0601,-119.394,-10.7933,-46.1268,-35.3335,0,0,9,70,0
42,49,511,9,2,-86.9046,-119.549,-10.7946,-43.4387,-32.6441,0,0,9,70,0
42,50,520,9,2,-91.1107,-119.701,-10.7989,-39.3893,-28.5904,0,0,9,70,0
42,51,529,9,2,-94.2465,-119.851,-10.8059,-36.4104,-25.6044,0,0,9,70,0
42,52,538,9,2,-96.6188,-119.998,-10.8155,-34.1949,-23.3794,0,0,9,70,0
42,53,547,9,2,-98.5054,-120.143,-10.8273,-32.4648,-21.6375,0,0,9,70,0
42,54,556,9,2,-100.065,-120.285,-10.8412,-31.0617,-20.2205,0,0,9,70,0
42,55,565,9,2,-101.392,-120.426,-10.8569,-29.8905,-19.0335,0,0,9,70,0
42,56,574,9,2,-102.546,-120.563,-10.8744,-28.8922,-18.0178,0,0,9,70,0
42,57,583,9,2,-103.566,-120.699,-10.8934,-28.0268,-17.1334,0,0,9,70,0
42,58,592,9,2,-104.479,-120.833,-10.9138,-27.2672,-16.3534,0,0,9,70,0
43,1,89,9,1,-104.185,-117.762,-10.999,-24.5756,-13.5766,0,0,9,80,0
43,2,98,9,1,-105.039,-117.571,-11.0526,-23.5838,-12.5312,0,0,9,80,0
43,3,107,9,1,-105.818,-117.375,-11.1144,-22.672,-11.5575,0,0,9,80,0
43,4,116,9,1,-106.533,-117.176,-11.1851,-21.8282,-10.6431,0,0,9,80,0
43,5,125,9,1,-107.193,-116.971,-11.2653,-21.0433,-9.778,0,0,9,80,0
43,6,134,9,1,-107.807,-116.762,-11.3558,-20.3103,-8.9545,0,0,9,80,0
43,7,143,9,1,-108.381,-116.547,-11.4574,-19.6236,-8.16625,0,0,9,80,0
43,8,152,9,1,-108.919,-116.327,-11.5707,-18.9787,-7.40801,0,0,9,80,0
43,9,161,9,1,-109.426,-116.102,-11.6967,-18.3721,-6.67538,0,0,9,80,0
43,10,170,9,1,-109.905,-115.87,-11.8361,-17.8007,-5.96462,0,0,9,80,0
43,11,179,9,1,-110.359,-115.632,-11.9897,-17.2622,-5.27251,0,0,9,80,0
43,12,188,9,1,-110.791,-115.387,-12.1585,-16.7547,-4.5962,0,0,9,80,0
43,13,197,9,1,-111.202,-115.135,-12.3431,-16.2763,-3.9332,0,0,9,80,0
43,14,206,9,1,-111.595,-114.876,-12.5445,-15.8258,-3.28124,0,0,9,80,0
43,15,215,9,1,-111.97,-114.609,-12.7636,-15.4018,-2.63826,0,0,9,80,0
43,16,224,9,1,-112.331,-114.333,-13.001,-15.0033,-2.00236,0,0,9,80,0
43,17,233,9,1,-112.676,-114.048,-13.2576,-14.6294,-1.37173,0,0,9,80,0
43,18,242,9,1,-113.009,-113.754,-13.5343,-14.279,-0.744679,0,0,9,80,0
43,19,251,9,1,-113.329,-113.449,-13.8318,-13.9514,-0.119557,0,0,9,80,0
43,20,260,9,1,-113.638,-113.133,-14.1509,-13.6457,0.505257,0,0,9,80,0
43,21,269,9,1,-113.937,-112.805,-14.4925,-13.3611,1.13138,0,0,9,80,1
43,22,278,9,2,-112.464,-114.225,-13.0966,-14.8577,-1.7611,1,2,9,80,0
43,23,287,9,2,-112.11,-114.504,-12.8522,-15.2464,-2.39428,0,0,9,80,0
43,24,296,9,2,-111.74,-114.775,-12.6262,-15.6605,-3.03429,0,0,9,80,0
43,25,305,9,2,-111.354,-115.037,-12.4181,-16.1008,-3.68264,0,0,9,80,0
43,26,314,9,2,-110.951,-115.292,-12.2272,-16.5683,-4.3411,0,0,9,80,0
43,27,323,9,2,-110.527,-115.539,-12.0524,-17.0645,-5.01211,0,0,9,80,0
43,28,332,9,2,-110.082,-115.78,-11.8931,-17.5909,-5.69779,0,0,9,80,0
43,29,341,9,2,-109.613,-116.014,-11.7484,-18.1495,-6.40114,0,0,9,80,0
43,30,350,9,2,-109.117,-116.242,-11.6174,-18.7423,-7.12492,0,0,9,80,0
43,31,359,9,2,-108.591,-116.464,-11.4993,-19.3723,-7.87297,0,0,9,80,0
43,32,368,9,2,-108.031,-116.68,-11.3933,-20.0424,-8.64909,0,0,9,80,0
43,33,377,9,2,-107.433,-116.892,-11.2987,-20.7572,-9.45853,0,0,9,80,0
43,34,386,9,2,-106.791,-117.098,-11.2146,-21.5214,-10.3068,0,0,9,80,0
43,35,395,9,2,-106.098,-117.299,-11.1404,-22.3418,-11.2014,0,0,9,80,0
43,36,404,9,2,-105.345,-117.496,-11.0753,-23.2263,-12.151,0,0,9,80,0
43,37,413,9,2,-104.522,-117.689,-11.0186,-24.186,-13.1674,0,0,9,80,0
43,38,422,9,2,-103.612,-117.877,-10.9697,-25.2346,-14.2648,0,0,9,80,0
43,39,431,9,2,-102.598,-118.062,-10.9281,-26.3918,-15.4637,0,0,9,80,0
43,40,440,9,2,-101.452,-118.242,-10.8931,-27.6836,-16.7905,0,0,9,80,0
43,41,449,9,2,-100.134,-118.419,-10.8642,-29.1491,-18.285,0,0,9,80,0
43,42,458,9,2,-98.588,-118.593,-10.8409,-30.8454,-20.0045,0,0,9,80,0
43,43,467,9,2,-96.7201,-118.763,-10.8227,-32.8651,-22.0424,0,0,9,80,0
43,44,476,9,2,-94.377,-118.929,-10.8093,-35.3615,-24.5522,0,0,9,80,0
43,45,485,9,2,-91.2866,-119.093,-10.8001,-38.6063,-27.8062,0,0,9,80,0
43,46,494,9,2,-87.1284,-119.253,-10.7949,-42.9199,-32.125,0,0,9,80,0
43,47,503,9,2,-84.035,-119.411,-10.7933,-46.1692,-35.3759,0,0,9,80,0
43,48,512,9,2,-87.4139,-119.566,-10.7949,-42.9468,-32.1519,0,0,9,80,0
43,49,521,9,2,-91.509,-119.718,-10.7995,-39.0084,-28.2089,0,0,9,80,0
43,50,530,9,2,-94.5412,-119.867,-10.8069,-36.1331,-25.3262,0,0,9,80,0
43,51,539,9,2,-96.8489,-120.014,-10.8167,-33.9822,-23.1655,0,0,9,80,0
43,52,548,9,2,-98.6926,-120.159,-10.8287,-32.2951,-21.4664,0,0,9,80,0
43,53,557,9,2,-100.223,-120.301,-10.8428,-30.9213,-20.0784,0,0,9,80,0
43,54,566,9,2,-101.528,-120.441,-10.8588,-29.772,-18.9132,0,0,9,80,0
43,55,575,9,2,-102.665,-120.579,-10.8764,-28.79,-17.9135,0,0,9,80,0
43,56,584,9,2,-103.672,-120.714,-10.8956,-27.9377,-17.0422,0,0,9,80,0
43,57,593,9,2,-104.575,-120.848,-10.9161,-27.1883,-16.2721,0,0,9,80,0
43,58,602,9,2,-105.394,-120.979,-10.9379,-26.5227,-15.5848,0,0,9,80,0
44,1,99,9,1,-105.129,-117.549,-11.0591,-23.4788,-12.4197,0,0,9,90,0
44,2,108,9,1,-105.9,-117.353,-11.1218,-22.575,-11.4532,0,0,9,90,0
44,3,117,9,1,-106.608,-117.153,-11.1935,-21.7382,-10.5447,0,0,9,90,0
44,4,126,9,1,-107.264,-116.948,-11.2749,-20.9594,-9.68457,0,0,9,90,0
44,5,135,9,1,-107.873,-116.738,-11.3666,-20.2318,-8.86528,0,0,9,90,0
44,6,144,9,1,-108.442,-116.523,-11.4694,-19.55,-8.0806,0,0,9,90,0
44,7,153,9,1,-108.977,-116.303,-11.5841,-18.9095,-7.32541,0,0,9,90,0
44,8,162,9,1,-109.481,-116.076,-11.7115,-18.3069,-6.59539,0,0,9,90,0
44,9,171,9,1,-109.957,-115.844,-11.8524,-17.7393,-5.88685,0,0,9,90,0
44,10,180,9,1,-110.408,-115.605,-12.0077,-17.2044,-5.19663,0,0,9,90,0
44,11,189,9,1,-110.838,-115.36,-12.1782,-16.7001,-4.52192,0,0,9,90,0
44,12,198,9,1,-111.247,-115.107,-12.3647,-16.2249,-3.86026,0,0,9,90,0
44,13,207,9,1,-111.637,-114.847,-12.568,-15.7774,-3.20939,0,0,9,90,0
44,14,216,9,1,-112.011,-114.579,-12.789,-15.3563,-2.56729,0,0,9,90,0
44,15,225,9,1,-112.37,-114.302,-13.0285,-14.9606,-1.93206,0,0,9,90,0
44,16,234,9,1,-112.714,-114.016,-13.2874,-14.5893,-1.30191,0,0,9,90,0
44,17,243,9,1,-113.045,-113.72,-13.5663,-14.2415,-0.675156,0,0,9,90,0
44,18,252,9,1,-113.364,-113.414,-13.8662,-13.9163,-0.0501473,0,0,9,90,0
44,19,261,9,1,-113.672,-113.097,-14.1878,-13.613,0.574732,0,0,9,90,0
44,20,270,9,1,-113.969,-112.768,-14.5319,-13.3308,1.2011,0,0,9,90,1
44,21,279,9,2,-112.425,-114.256,-13.0684,-14.9,-1.83159,1,2,9,90,0
44,22,288,9,2,-112.07,-114.535,-12.8262,-15.2912,-2.465,0,0,9,90,0
44,23,297,9,2,-111.698,-114.804,-12.6022,-15.7081,-3.10594,0,0,9,90,0
44,24,306,9,2,-111.31,-115.066,-12.3961,-16.1513,-3.75521,0,0,9,90,0
44,25,315,9,2,-110.904,-115.32,-12.207,-16.622,-4.41506,0,0,9,90,0
44,26,324,9,2,-110.479,-115.566,-12.034,-17.1215,-5.08746,0,0,9,90,0
44,27,333,9,2,-110.031,-115.806,-11.8763,-17.6514,-5.77509,0,0,9,90,0
44,28,342,9,2,-109.559,-116.039,-11.7332,-18.2136,-6.48041,0,0,9,90,0
44,29,351,9,2,-109.06,-116.267,-11.6036,-18.8105,-7.20684,0,0,9,90,0
44,30,360,9,2,-108.53,-116.488,-11.4869,-19.4446,-7.95765,0,0,9,90,0
44,31,369,9,2,-107.967,-116.704,-11.3823,-20.1196,-8.73738,0,0,9,90,0
44,32,378,9,2,-107.364,-116.915,-11.2888,-20.8395,-9.55064,0,0,9,90,0
44,33,387,9,2,-106.717,-117.121,-11.2059,-21.6097,-10.4038,0,0,9,90,0
44,34,396,9,2,-106.018,-117.322,-11.1327,-22.4366,-11.3039,0,0,9,90,0
44,35,405,9,2,-105.257,-117.518,-11.0685,-23.3291,-12.2605,0,0,9,90,0
44,36,414,9,2,-104.425,-117.71,-11.0128,-24.2977,-13.2849,0,0,9,90,0
44,37,423,9,2,-103.505,-117.898,-10.9648,-25.3575,-14.3928,0,0,9,90,0
44,38,432,9,2,-102.478,-118.082,-10.9239,-26.5279,-15.604,0,0,9,90,0
44,39,441,9,2,-101.315,-118.262,-10.8896,-27.8372,-16.9476,0,0,9,90,0
44,40,450,9,2,-99.9753,-118.439,-10.8613,-29.3247,-18.4633,0,0,9,90,0
44,41,459,9,2,-98.3982,-118.612,-10.8386,-31.052,-20.2134,0,0,9,90,0
44,42,468,9,2,-96.4874,-118.781,-10.821,-33.1148,-22.2938,0,0,9,90,0
44,43,477,9,2,-94.0764,-118.948,-10.808,-35.6792,-24.8712,0,0,9,90,0
44,44,486,9,2,-90.8814,-119.111,-10.7993,-39.0287,-28.2294,0,0,9,90,0
44,45,495,9,2,-86.6182,-119.271,-10.7945,-43.4474,-32.6528,0,0,9,90,0
44,46,504,9,2,-84.1254,-119.428,-10.7933,-46.0962,-35.3029,0,0,9,90,0
44,47,513,9,2,-87.9195,-119.583,-10.7953,-42.4586,-31.6633,0,0,9,90,0
44,48,522,9,2,-91.8931,-119.735,-10.8002,-38.6418,-27.8416,0,0,9,90,0
44,49,531,9,2,-94.8275,-119.884,-10.8078,-35.8642,-25.0564,0,0,9,90,0
44,50,540,9,2,-97.073,-120.031,-10.8179,-33.7755,-22.9576,0,0,9,90,0
44,51,549,9,2,-98.8762,-120.175,-10.8302,-32.1288,-21.2986,0,0,9,90,0
44,52,558,9,2,-100.377,-120.317,-10.8445,-30.7839,-19.9394,0,0,9,90,0
44,53,567,9,2,-101.662,-120.456,-10.8607,-29.6553,-18.7947,0,0,9,90,0
44,54,576,9,2,-102.783,-120.594,-10.8785,-28.6896,-17.8111,0,0,9,90,0
44,55,585,9,2,-103.777,-120.729,-10.8978,-27.8497,-16.9519,0,0,9,90,0
44,56,594,9,2,-104.67,-120.862,-10.9185,-27.1106,-16.1921,0,0,9,90,0
44,57,603,9,2,-105.481,-120.993,-10.9404,-26.4532,-15.5127,0,0,9,90,0
44,58,612,9,2,-106.222,-121.123,-10.9635,-25.8638,-14.9004,0,0,9,90,0
45,1,109,9,1,-105.982,-117.331,-11.1293,-22.4789,-11.3496,0,0,9,100,0
45,2,118,9,1,-106.684,-117.131,-11.2021,-21.6489,-10.4469,0,0,9,100,0
45,3,127,9,1,-107.333,-116.925,-11.2845,-20.8762,-9.59165,0,0,9,100,0
45,4,136,9,1,-107.938,-116.715,-11.3774,-20.1539,-8.77649,0,0,9,100,0
45,5,145,9,1,-108.504,-116.499,-11.4815,-19.4768,-7.99532,0,0,9,100,0
45,6,154,9,1,-109.035,-116.278,-11.5976,-18.8407,-7.24313,0,0,9,100,0
45,7,163,9,1,-109.535,-116.051,-11.7265,-18.2421,-6.51566,0,0,9,100,0
45,8,172,9,1,-110.008,-115.818,-11.869,-17.6783,-5.80931,0,0,9,100,0
45,9,181,9,1,-110.457,-115.578,-12.0259,-17.1468,-5.12094,0,0,9,100,0
45,10,190,9,1,-110.884,-115.332,-12.1981,-16.6459,-4.4478,0,0,9,100,0
45,11,199,9,1,-111.291,-115.078,-12.3864,-16.1739,-3.78744,0,0,9,100,0
45,12,208,9,1,-111.68,-114.817,-12.5917,-15.7293,-3.13765,0,0,9,100,0
45,13,217,9,1,-112.052,-114.548,-12.8147,-15.3111,-2.4964,0,0,9,100,0
45,14,226,9,1,-112.409,-114.27,-13.0563,-14.9182,-1.86182,0,0,9,100,0
45,15,235,9,1,-112.751,-113.984,-13.3174,-14.5495,-1.23213,0,0,9,100,0
45,16,244,9,1,-113.081,-113.687,-13.5986,-14.2043,-0.605654,0,0,9,100,0
45,17,253,9,1,-113.399,-113.38,-13.9008,-13.8816,0.0192607,0,0,9,100,0
45,18,262,9,1,-113.705,-113.061,-14.2249,-13.5807,0.644225,0,0,9,100,0
45,19,271,9,1,-114.002,-112.731,-14.5715,-13.3007,1.27086,0,0,9,100,1
45,20,280,9,2,-112.387,-114.288,-13.0408,-14.9417,-1.9009,1,2,9,100,0
45,21,289,9,2,-112.029,-114.565,-12.8004,-15.3363,-2.5359,0,0,9,100,0
45,22,298,9,2,-111.656,-114.834,-12.5785,-15.756,-3.17757,0,0,9,100,0
45,23,307,9,2,-111.266,-115.094,-12.3743,-16.2023,-3.82802,0,0,9,100,0
45,24,316,9,2,-110.858,-115.347,-12.187,-16.676,-4.48905,0,0,9,100,0
45,25,325,9,2,-110.43,-115.593,-12.0157,-17.1789,-5.16313,0,0,9,100,0
45,26,334,9,2,-109.98,-115.832,-11.8597,-17.7122,-5.85246,0,0,9,100,0
45,27,343,9,2,-109.505,-116.065,-11.7181,-18.2782,-6.5601,0,0,9,100,0
45,28,352,9,2,-109.003,-116.291,-11.5901,-18.879,-7.28891,0,0,9,100,0
45,29,361,9,2,-108.469,-116.512,-11.4747,-19.5176,-8.04286,0,0,9,100,0
45,30,370,9,2,-107.902,-116.728,-11.3714,-20.1972,-8.82589,0,0,9,100,0
45,31,379,9,2,-107.294,-116.938,-11.2791,-20.9226,-9.64345,0,0,9,100,0
45,32,388,9,2,-106.642,-117.143,-11.1973,-21.6986,-10.5013,0,0,9,100,0
45,33,397,9,2,-105.936,-117.344,-11.1251,-22.5325,-11.4074,0,0,9,100,0
45,34,406,9,2,-105.169,-117.54,-11.062,-23.4326,-12.3706,0,0,9,100,0
45,35,415,9,2,-104.327,-117.731,-11.0071,-24.4107,-13.4037,0,0,9,100,0
45,36,424,9,2,-103.397,-117.919,-10.9599,-25.4815,-14.5216,0,0,9,100,0
45,37,433,9,2,-102.356,-118.102,-10.9197,-26.6661,-15.7463,0,0,9,100,0
45,38,442,9,2,-101.176,-118.282,-10.8861,-27.9925,-17.1064,0,0,9,100,0
45,39,451,9,2,-99.8129,-118.458,-10.8585,-29.5036,-18.6451,0,0,9,100,0
45,40,460,9,2,-98.205,-118.631,-10.8364,-31.262,-20.4256,0,0,9,100,0
45,41,469,9,2,-96.2477,-118.8,-10.8193,-33.3715,-22.5521,0,0,9,100,0
45,42,478,9,2,-93.7674,-118.966,-10.8069,-36.0053,-25.1984,0,0,9,100,0
45,43,487,9,2,-90.4599,-119.129,-10.7986,-39.4674,-28.6688,0,0,9,100,0
45,44,496,9,2,-86.1172,-119.289,-10.7942,-43.9657,-33.1714,0,0,9,100,0
45,45,505,9,2,-84.3273,-119.446,-10.7934,-45.9117,-35.1183,0,0,9,100,0
45,46,514,9,2,-88.4159,-119.6,-10.7957,-41.9796,-31.1839,0,0,9,100,0
45,47,523,9,2,-92.2644,-119.751,-10.8009,-38.2879,-27.487,0,0,9,100,0
45,48,532,9,2,-95.1051,-119.9,-10.8088,-35.604,-24.7952,0,0,9,100,0
45,49,541,9,2,-97.2921,-120.047,-10.8192,-33.5738,-22.7546,0,0,9,100,0
45,50,550,9,2,-99.0558,-120.191,-10.8317,-31.9666,-21.1349,0,0,9,100,0
45,51,559,9,2,-100.53,-120.332,-10.8462,-30.6489,-19.8026,0,0,9,100,0
45,52,568,9,2,-101.793,-120.472,-10.8626,-29.5409,-18.6783,0,0,9,100,0
45,53,577,9,2,-102.899,-120.609,-10.8806,-28.5905,-17.7099,0,0,9,100,0
45,54,586,9,2,-103.881,-120.744,-10.9,-27.7631,-16.863,0,0,9,100,0
45,55,595,9,2,-104.764,-120.877,-10.9209,-27.0337,-16.1128,0,0,9,100,0
45,56,604,9,2,-105.566,-121.008,-10.9429,-26.3846,-15.4417,0,0,9,100,0
45,57,613,9,2,-106.301,-121.137,-10.9661,-25.802,-14.8359,0,0,9,100,0
45,58,622,9,2,-106.979,-121.264,-10.9902,-25.2756,-14.2854,0,0,9,100,0
46,1,30,10,1,-94.4511,-118.925,-10.8096,-35.2831,-24.4735,0,0,10,20,0
46,2,40,10,1,-97.0045,-118.739,-10.825,-32.5595,-21.7345,0,0,10,20,0
46,3,50,10,1,-99.0009,-118.549,-10.8462,-30.3947,-19.5485,0,0,10,20,0
46,4,60,10,1,-100.634,-118.356,-10.874,-28.5961,-17.7221,0,0,10,20,0
46,5,70,10,1,-102.012,-118.157,-10.9088,-27.054,-16.1452,0,0,10,20,0
46,6,80,10,1,-103.204,-117.955,-10.9516,-25.7017,-14.7501,0,0,10,20,0
46,7,90,10,1,-104.254,-117.747,-11.0029,-24.4956,-13.4927,0,0,10,20,0
46,8,100,10,1,-105.191,-117.534,-11.0636,-23.4062,-12.3426,0,0,10,20,0
46,9,110,10,1,-106.038,-117.316,-11.1346,-22.4124,-11.2778,0,0,10,20,0
46,10,120,10,1,-106.81,-117.092,-11.2169,-21.4991,-10.2822,0,0,10,20,0
46,11,130,10,1,-107.519,-116.862,-11.3112,-20.6547,-9.34347,0,0,10,20,0
46,12,140,10,1,-108.175,-116.627,-11.4188,-19.8706,-8.45179,0,0,10,20,0
46,13,150,10,1,-108.785,-116.384,-11.5406,-19.14,-7.59942,0,0,10,20,0
46,14,160,10,1,-109.355,-116.135,-11.6777,-18.4576,-6.77999,0,0,10,20,0
46,15,170,10,1,-109.89,-115.878,-11.8312,-17.8194,-5.98821,0,0,10,20,0
46,16,180,10,1,-110.394,-115.613,-12.0023,-17.2218,-5.21958,0,0,10,20,0
46,17,190,10,1,-110.87,-115.34,-12.192,-16.6623,-4.47022,0,0,10,20,0
46,18,200,10,1,-111.322,-115.058,-12.4017,-16.1384,-3.73675,0,0,10,20,0
46,19,210,10,1,-111.751,-114.767,-12.6323,-15.6485,-3.01612,0,0,10,20,0
46,20,220,10,1,-112.16,-114.466,-12.8851,-15.1907,-2.3056,0,0,10,20,0
46,21,230,10,1,-112.551,-114.154,-13.1612,-14.7638,-1.60263,0,0,10,20,0
46,22,240,10,1,-112.925,-113.83,-13.4616,-14.3664,-0.904854,0,0,10,20,0
46,23,250,10,1,-113.284,-113.494,-13.7874,-13.9974,-0.209969,0,0,10,20,0
46,24,260,10,1,-113.628,-113.144,-14.1399,-13.6556,0.484246,0,0,10,20,0
46,25,270,10,1,-113.959,-112.779,-14.5199,-13.3399,1.18001,0,0,10,20,1
46,26,280,10,2,-112.398,-114.278,-13.049,-14.9293,-1.8803,1,2,10,20,0
46,27,290,10,2,-112.001,-114.586,-12.7825,-15.3679,-2.5854,0,0,10,20,0
46,28,300,10,2,-111.584,-114.883,-12.5386,-15.8382,-3.29954,0,0,10,20,0
46,29,310,10,2,-111.146,-115.171,-12.3164,-16.3414,-4.02498,0,0,10,20,0
46,30,320,10,2,-110.685,-115.449,-12.1147,-16.879,-4.76429,0,0,10,20,0
46,31,330,10,2,-110.198,-115.719,-11.9325,-17.4534,-5.52091,0,0,10,20,0
46,32,340,10,2,-109.682,-115.98,-11.7685,-18.0666,-6.29813,0,0,10,20,0
46,33,350,10,2,-109.134,-116.234,-11.6216,-18.7219,-7.10035,0,0,10,20,0
46,34,360,10,2,-108.549,-116.481,-11.4907,-19.4227,-7.93203,0,0,10,20,0
46,35,370,10,2,-107.921,-116.721,-11.3746,-20.1738,-8.79921,0,0,10,20,0
46,36,380,10,2,-107.246,-116.954,-11.2724,-20.9808,-9.70837,0,0,10,20,0
46,37,390,10,2,-106.513,-117.181,-11.183,-21.8514,-10.6684,0,0,10,20,0
46,38,400,10,2,-105.713,-117.403,-11.1053,-22.7948,-11.6896,0,0,10,20,0
46,39,410,10,2,-104.833,-117.619,-11.0384,-23.8245,-12.786,0,0,10,20,0
46,40,420,10,2,-103.854,-117.829,-10.9815,-24.957,-13.9754,0,0,10,20,0
46,41,430,10,2,-102.752,-118.035,-10.9337,-26.2169,-15.2832,0,0,10,20,0
46,42,440,10,2,-101.493,-118.236,-10.8942,-27.6378,-16.7437,0,0,10,20,0
46,43,450,10,2,-100.023,-118.433,-10.8622,-29.2718,-18.4096,0,0,10,20,0
46,44,460,10,2,-98.2635,-118.625,-10.8371,-31.1984,-20.3613,0,0,10,20,0
46,45,470,10,2,-96.0763,-118.813,-10.8182,-33.5547,-22.7365,0,0,10,20,0
46,46,480,10,2,-93.2174,-118.997,-10.805,-36.5844,-25.7794,0,0,10,20,0
46,47,490,10,2,-89.2487,-119.177,-10.7969,-40.7251,-29.9282,0,0,10,20,0
46,48,500,10,2,-84.5404,-119.353,-10.7935,-45.6066,-34.8131,0,0,10,20,0
46,49,510,10,2,-86.2447,-119.526,-10.7942,-44.076,-33.2818,0,0,10,20,0
46,50,520,10,2,-90.986,-119.696,-10.7987,-39.5087,-28.71,0,0,10,20,0
46,51,530,10,2,-94.4523,-119.862,-10.8066,-36.2167,-25.4101,0,0,10,20,0
46,52,540,10,2,-97.0053,-120.026,-10.8175,-33.8379,-23.0204,0,0,10,20,0
46,53,550,10,2,-99.0017,-120.186,-10.8313,-32.0154,-21.1842,0,0,10,20,0
46,54,560,10,2,-100.634,-120.343,-10.8474,-30.5566,-19.7092,0,0,10,20,0
46,55,570,10,2,-102.013,-120.498,-10.8658,-29.3508,-18.485,0,0,10,20,0
46,56,580,10,2,-103.205,-120.65,-10.8862,-28.331,-17.4448,0,0,10,20,0
46,57,590,10,2,-104.255,-120.799,-10.9084,-27.4527,-16.5442,0,0,10,20,0
46,58,600,10,2,-105.192,-120.946,-10.9322,-26.686,-15.7537,0,0,10,20,0
47,1,40,10,1,-97.0045,-118.739,-10.825,-32.5595,-21.7345,0,0,10,30,0
47,2,50,10,1,-99.0009,-118.549,-10.8462,-30.3947,-19.5485,0,0,10,30,0
47,3,60,10,1,-100.634,-118.356,-10.874,-28.5961,-17.7221,0,0,10,30,0
47,4,70,10,1,-102.012,-118.157,-10.9088,-27.054,-16.1452,0,0,10,30,0
47,5,80,10,1,-103.204,-117.955,-10.9516,-25.7017,-14.7501,0,0,10,30,0
47,6,90,10,1,-104.254,-117.747,-11.0029,-24.4956,-13.4927,0,0,10,30,0
47,7,100,10,1,-105.191,-117.534,-11.0636,-23.4062,-12.3426,0,0,10,30,0
47,8,110,10,1,-106.038,-117.316,-11.1346,-22.4124,-11.2778,0,0,10,30,0
47,9,120,10,1,-106.81,-117.092,-11.2169,-21.4991,-10.2822,0,0,10,30,0
47,10,130,10,1,-107.519,-116.862,-11.3112,-20.6547,-9.34347,0,0,10,30,0
47,11,140,10,1,-108.175,-116.627,-11.4188,-19.8706,-8.45179,0,0,10,30,0
47,12,150,10,1,-108.785,-116.384,-11.5406,-19.14,-7.59942,0,0,10,30,0
47,13,160,10,1,-109.355,-116.135,-11.6777,-18.4576,-6.77999,0,0,10,30,0
47,14,170,10,1,-109.89,-115.878,-11.8312,-17.8194,-5.98821,0,0,10,30,0
47,15,180,10,1,-110.394,-115.613,-12.0023,-17.2218,-5.21958,0,0,10,30,0
47,16,190,10,1,-110.87,-115.34,-12.192,-16.6623,-4.47022,0,0,10,30,0
47,17,200,10,1,-111.322,-115.058,-12.4017,-16.1384,-3.73675,0,0,10,30,0
47,18,210,10,1,-111.751,-114.767,-12.6323,-15.6485,-3.01612,0,0,10,30,0
47,19,220,10,1,-112.16,-114.466,-12.8851,-15.1907,-2.3056,0,0,10,30,0
47,20,230,10,1,-112.551,-114.154,-13.1612,-14.7638,-1.60263,0,0,10,30,0
47,21,240,10,1,-112.925,-113.83,-13.4616,-14.3664,-0.904854,0,0,10,30,0
47,22,250,10,1,-113.284,-113.494,-13.7874,-13.9974,-0.209969,0,0,10,30,0
47,23,260,10,1,-113.628,-113.144,-14.1399,-13.6556,0.484246,0,0,10,30,0
47,24,270,10,1,-113.959,-112.779,-14.5199,-13.3399,1.18001,0,0,10,30,1
47,25,280,10,2,-112.398,-114.278,-13.0488,-14.9295,-1.88068,1,2,10,30,0
47,26,290,10,2,-112.001,-114.586,-12.7825,-15.3679,-2.58534,0,0,10,30,0
47,27,300,10,2,-111.584,-114.883,-12.5386,-15.8382,-3.29961,0,0,10,30,0
47,28,310,10,2,-111.146,-115.171,-12.3164,-16.3413,-4.02491,0,0,10,30,0
47,29,320,10,2,-110.685,-115.449,-12.1147,-16.8791,-4.76436,0,0,10,30,0
47,30,330,10,2,-110.198,-115.719,-11.9325,-17.4533,-5.52083,0,0,10,30,0
47,31,340,10,2,-109.682,-115.98,-11.7684,-18.0667,-6.29821,0,0,10,30,0
47,32,350,10,2,-109.134,-116.234,-11.6216,-18.7218,-7.10026,0,0,10,30,0
47,33,360,10,2,-108.549,-116.481,-11.4906,-19.4228,-7.93212,0,0,10,30,0
47,34,370,10,2,-107.921,-116.721,-11.3746,-20.1737,-8.7991,0,0,10,30,0
47,35,380,10,2,-107.245,-116.954,-11.2724,-20.9809,-9.70849,0,0,10,30,0
47,36,390,10,2,-106.513,-117.181,-11.183,-21.8513,-10.6683,0,0,10,30,0
47,37,400,10,2,-105.713,-117.403,-11.1053,-22.795,-11.6897,0,0,10,30,0
47,38,410,10,2,-104.833,-117.619,-11.0384,-23.8243,-12.7859,0,0,10,30,0
47,39,420,10,2,-103.854,-117.829,-10.9815,-24.9571,-13.9756,0,0,10,30,0
47,40,430,10,2,-102.752,-118.035,-10.9337,-26.2167,-15.283,0,0,10,30,0
47,41,440,10,2,-101.492,-118.236,-10.8941,-27.638,-16.7439,0,0,10,30,0
47,42,450,10,2,-100.023,-118.433,-10.8622,-29.2715,-18.4093,0,0,10,30,0
47,43,460,10,2,-98.2631,-118.625,-10.8371,-31.1988,-20.3617,0,0,10,30,0
47,44,470,10,2,-96.0768,-118.813,-10.8182,-33.5542,-22.736,0,0,10,30,0
47,45,480,10,2,-93.2167,-118.997,-10.805,-36.5851,-25.7801,0,0,10,30,0
47,46,490,10,2,-89.2499,-119.177,-10.7969,-40.724,-29.927,0,0,10,30,0
47,47,500,10,2,-84.5404,-119.353,-10.7935,-45.6066,-34.8131,0,0,10,30,0
47,48,510,10,2,-86.2443,-119.526,-10.7942,-44.0763,-33.2821,0,0,10,30,0
47,49,520,10,2,-90.9862,-119.696,-10.7987,-39.5085,-28.7098,0,0,10,30,0
47,50,530,10,2,-94.4521,-119.862,-10.8066,-36.2169,-25.4103,0,0,10,30,0
47,51,540,10,2,-97.0055,-120.026,-10.8175,-33.8377,-23.0202,0,0,10,30,0
47,52,550,10,2,-99.0015,-120.186,-10.8313,-32.0156,-21.1844,0,0,10,30,0
47,53,560,10,2,-100.634,-120.343,-10.8474,-30.5565,-19.709,0,0,10,30,0
47,54,570,10,2,-102.013,-120.498,-10.8658,-29.351,-18.4851,0,0,10,30,0
47,55,580,10,2,-103.205,-120.65,-10.8863,-28.3309,-17.4447,0,0,10,30,0
47,56,590,10,2,-104.254,-120.799,-10.9084,-27.4528,-16.5444,0,0,10,30,0
47,57,600,10,2,-105.192,-120.946,-10.9322,-26.6859,-15.7536,0,0,10,30,0
47,58,610,10,2,-106.038,-121.09,-10.9575,-26.0089,-15.0514,0,0,10,30,0
48,1,50,10,1,-99.0009,-118.549,-10.8462,-30.3947,-19.5485,0,0,10,40,0
48,2,60,10,1,-100.634,-118.356,-10.874,-28.5961,-17.7221,0,0,10,40,0
48,3,70,10,1,-102.012,-118.157,-10.9088,-27.054,-16.1452,0,0,10,40,0
48,4,80,10,1,-103.204,-117.955,-10.9516,-25.7017,-14.7501,0,0,10,40,0
48,5,90,10,1,-104.254,-117.747,-11.0029,-24.4956,-13.4927,0,0,10,40,0
48,6,100,10,1,-105.191,-117.534,-11.0636,-23.4062,-12.3426,0,0,10,40,0
48,7,110,10,1,-106.038,-117.316,-11.1346,-22.4124,-11.2778,0,0,10,40,0
48,8,120,10,1,-106.81,-117.092,-11.2169,-21.4991,-10.2822,0,0,10,40,0
48,9,130,10,1,-107.519,-116.862,-11.3112,-20.6547,-9.34347,0,0,10,40,0
48,10,140,10,1,-108.175,-116.627,-11.4188,-19.8706,-8.45179,0,0,10,40,0
48,11,150,10,1,-108.785,-116.384,-11.5406,-19.14,-7.59942,0,0,10,40,0
48,12,160,10,1,-109.355,-116.135,-11.6777,-18.4576,-6.77999,0,0,10,40,0
48,13,170,10,1,-109.89,-115.878,-11.8312,-17.8194,-5.98821,0,0,10,40,0
48,14,180,10,1,-110.394,-115.613,-12.0023,-17.2218,-5.21958,0,0,10,40,0
48,15,190,10,1,-110.87,-115.34,-12.192,-16.6623,-4.47022,0,0,10,40,0
48,16,200,10,1,-111.322,-115.058,-12.4017,-16.1384,-3.73675,0,0,10,40,0
48,17,210,10,1,-111.751,-114.767,-12.6323,-15.6485,-3.01612,0,0,10,40,0
48,18,220,10,1,-112.16,-114.466,-12.8851,-15.1907,-2.3056,0,0,10,40,0
48,19,230,10,1,-112.551,-114.154,-13.1612,-14.7638,-1.60263,0,0,10,40,0
48,20,240,10,1,-112.925,-113.83,-13.4616,-14.3664,-0.904854,0,0,10,40,0
48,21,250,10,1,-113.284,-113.494,-13.7874,-13.9974,-0.209969,0,0,10,40,0
48,22,260,10,1,-113.628,-113.144,-14.1399,-13.6556,0.484246,0,0,10,40,0
48,23,270,10,1,-113.959,-112.779,-14.5199,-13.3399,1.18001,0,0,10,40,1
48,24,280,10,2,-112.398,-114.278,-13.049,-14.9293,-1.8803,1,2,10,40,0
48,25,290,10,2,-112.001,-114.586,-12.7825,-15.3679,-2.5854,0,0,10,40,0
48,26,300,10,2,-111.584,-114.883,-12.5386,-15.8382,-3.29954,0,0,10,40,0
48,27,310,10,2,-111.146,-115.171,-12.3164,-16.3414,-4.02498,0,0,10,40,0
48,28,320,10,2,-110.685,-115.449,-12.1147,-16.879,-4.76429,0,0,10,40,0
48,29,330,10,2,-110.198,-115.719,-11.9325,-17.4534,-5.52091,0,0,10,40,0
48,30,340,10,2,-109.682,-115.98,-11.7685,-18.0666,-6.29813,0,0,10,40,0
48,31,350,10,2,-109.134,-116.234,-11.6216,-18.7219,-7.10035,0,0,10,40,0
48,32,360,10,2,-108.549,-116.481,-11.4907,-19.4227,-7.93203,0,0,10,40,0
48,33,370,10,2,-107.921,-116.721,-11.3746,-20.1738,-8.79921,0,0,10,40,0
48,34,380,10,2,-107.246,-116.954,-11.2724,-20.9808,-9.70837,0,0,10,40,0
48,35,390,10,2,-106.513,-117.181,-11.183,-21.8514,-10.6684,0,0,10,40,0
48,36,400,10,2,-105.713,-117.403,-11.1053,-22.7948,-11.6896,0,0,10,40,0
48,37,410,10,2,-104.833,-117.619,-11.0384,-23.8245,-12.786,0,0,10,40,0
48,38,420,10,2,-103.854,-117.829,-10.9815,-24.957,-13.9754,0,0,10,40,0
48,39,430,10,2,-102.752,-118.035,-10.9337,-26.2169,-15.2832,0,0,10,40,0
48,40,440,10,2,-101.493,-118.236,-10.8942,-27.6378,-16.7437,0,0,10,40,0
48,41,450,10,2,-100.023,-118.433,-10.8622,-29.2718,-18.4096,0,0,10,40,0
48,42,460,10,2,-98.2635,-118.625,-10.8371,-31.1984,-20.3613,0,0,10,40,0
48,43,470,10,2,-96.0763,-118.813,-10.8182,-33.5547,-22.7365,0,0,10,40,0
48,44,480,10,2,-93.2174,-118.997,-10.805,-36.5844,-25.7794,0,0,10,40,0
48,45,490,10,2,-89.2487,-119.177,-10.7969,-40.7251,-29.9282,0,0,10,40,0
48,46,500,10,2,-84.5404,-119.353,-10.7935,-45.6066,-34.8131,0,0,10,40,0
48,47,510,10,2,-86.2447,-119.526,-10.7942,-44.076,-33.2818,0,0,10,40,0
48,48,520,10,2,-90.986,-119.696,-10.7987,-39.5087,-28.71,0,0,10,40,0
48,49,530,10,2,-94.4523,-119.862,-10.8066,-36.2167,-25.4101,0,0,10,40,0
48,50,540,10,2,-97.0053,-120.026,-10.8175,-33.8379,-23.0204,0,0,10,40,0
48,51,550,10,2,-99.0017,-120.186,-10.8313,-32.0154,-21.1842,0,0,10,40,0
48,52,560,10,2,-100.634,-120.343,-10.8474,-30.5566,-19.7092,0,0,10,40,0
48,53,570,10,2,-102.013,-120.498,-10.8658,-29.3508,-18.485,0,0,10,40,0
48,54,580,10,2,-103.205,-120.65,-10.8862,-28.331,-17.4448,0,0,10,40,0
48,55,590,10,2,-104.255,-120.799,-10.9084,-27.4527,-16.5442,0,0,10,40,0
48,56,600,10,2,-105.192,-120.946,-10.9322,-26.686,-15.7537,0,0,10,40,0
48,57,610,10,2,-106.038,-121.09,-10.9575,-26.0088,-15.0513,0,0,10,40,0
48,58,620,10,2,-106.81,-121.232,-10.984,-25.4055,-14.4215,0,0,10,40,0
49,1,60,10,1,-100.634,-118.356,-10.874,-28.5961,-17.7221,0,0,10,50,0
49,2,70,10,1,-102.012,-118.157,-10.9088,-27.054,-16.1452,0,0,10,50,0
49,3,80,10,1,-103.204,-117.955,-10.9516,-25.7017,-14.7501,0,0,10,50,0
49,4,90,10,1,-104.254,-117.747,-11.0029,-24.4956,-13.4927,0,0,10,50,0
49,5,100,10,1,-105.191,-117.534,-11.0636,-23.4062,-12.3426,0,0,10,50,0
49,6,110,10,1,-106.038,-117.316,-11.1346,-22.4124,-11.2778,0,0,10,50,0
49,7,120,10,1,-106.81,-117.092,-11.2169,-21.4991,-10.2822,0,0,10,50,0
49,8,130,10,1,-107.519,-116.862,-11.3112,-20.6547,-9.34347,0,0,10,50,0
49,9,140,10,1,-108.175,-116.627,-11.4188,-19.8706,-8.45179,0,0,10,50,0
49,10,150,10,1,-108.785,-116.384,-11.5406,-19.14,-7.59942,0,0,10,50,0
49,11,160,10,1,-109.355,-116.135,-11.6777,-18.4576,-6.77999,0,0,10,50,0
49,12,170,10,1,-109.89,-115.878,-11.8312,-17.8194,-5.98821,0,0,10,50,0
49,13,180,10,1,-110.394,-115.613,-12.0023,-17.2218,-5.21958,0,0,10,50,0
49,14,190,10,1,-110.87,-115.34,-12.192,-16.6623,-4.47022,0,0,10,50,0
49,15,200,10,1,-111.322,-115.058,-12.4017,-16.1384,-3.73675,0,0,10,50,0
49,16,210,10,1,-111.751,-114.767,-12.6323,-15.6485,-3.01612,0,0,10,50,0
49,17,220,10,1,-112.16,-114.466,-12.8851,-15.1907,-2.3056,0,0,10,50,0
49,18,230,10,1,-112.551,-114.154,-13.1612,-14.7638,-1.60263,0,0,10,50,0
49,19,240,10,1,-112.925,-113.83,-13.4616,-14.3664,-0.904854,0,0,10,50,0
49,20,250,10,1,-113.284,-113.494,-13.7874,-13.9974,-0.209969,0,0,10,50,0
49,21,260,10,1,-113.628,-113.144,-14.1399,-13.6556,0.484246,0,0,10,50,0
49,22,270,10,1,-113.959,-112.779,-14.5199,-13.3399,1.18001,0,0,10,50,1
49,23,280,10,2,-112.398,-114.278,-13.0488,-14.9295,-1.88068,1,2,10,50,0
49,24,290,10,2,-112.001,-114.586,-12.7825,-15.3679,-2.58534,0,0,10,50,0
49,25,300,10,2,-111.584,-114.883,-12.5386,-15.8382,-3.29961,0,0,10,50,0
49,26,310,10,2,-111.146,-115.171,-12.3164,-16.3413,-4.02491,0,0,10,50,0
49,27,320,10,2,-110.685,-115.449,-12.1147,-16.8791,-4.76436,0,0,10,50,0
49,28,330,10,2,-110.198,-115.719,-11.9325,-17.4533,-5.52083,0,0,10,50,0
49,29,340,10,2,-109.682,-115.98,-11.7684,-18.0667,-6.29821,0,0,10,50,0
49,30,350,10,2,-109.134,-116.234,-11.6216,-18.7218,-7.10026,0,0,10,50,0
49,31,360,10,2,-108.549,-116.481,-11.4906,-19.4228,-7.93212,0,0,10,50,0
49,32,370,10,2,-107.921,-116.721,-11.3746,-20.1737,-8.7991,0,0,10,50,0
49,33,380,10,2,-107.245,-116.954,-11.2724,-20.9809,-9.70849,0,0,10,50,0
49,34,390,10,2,-106.513,-117.181,-11.183,-21.8513,-10.6683,0,0,10,50,0
49,35,400,10,2,-105.713,-117.403,-11.1053,-22.795,-11.6897,0,0,10,50,0
49,36,410,10,2,-104.833,-117.619,-11.0384,-23.8243,-12.7859,0,0,10,50,0
49,37,420,10,2,-103.854,-117.829,-10.9815,-24.9571,-13.9756,0,0,10,50,0
49,38,430,10,2,-102.752,-118.035,-10.9337,-26.2167,-15.283,0,0,10,50,0
49,39,440,10,2,-101.492,-118.236,-10.8941,-27.638,-16.7439,0,0,10,50,0
49,40,450,10,2,-100.023,-118.433,-10.8622,-29.2715,-18.4093,0,0,10,50,0
49,41,460,10,2,-98.2631,-118.625,-10.8371,-31.1988,-20.3617,0,0,10,50,0
49,42,470,10,2,-96.0768,-118.813,-10.8182,-33.5542,-22.736,0,0,10,50,0
49,43,480,10,2,-93.2167,-118.997,-10.805,-36.5851,-25.7801,0,0,10,50,0
49,44,490,10,2,-89.2499,-119.177,-10.7969,-40.724,-29.927,0,0,10,50,0
49,45,500,10,2,-84.5404,-119.353,-10.7935,-45.6066,-34.8131,0,0,10,50,0
49,46,510,10,2,-86.2443,-119.526,-10.7942,-44.0763,-33.2821,0,0,10,50,0
49,47,520,10,2,-90.9862,-119.696,-10.7987,-39.5085,-28.7098,0,0,10,50,0
49,48,530,10,2,-94.4521,-119.862,-10.8066,-36.2169,-25.4103,0,0,10,50,0
49,49,540,10,2,-97.0055,-120.026,-10.8175,-33.8377,-23.0202,0,0,10,50,0
49,50,550,10,2,-99.0015,-120.186,-10.8313,-32.0156,-21.1844,0,0,10,50,0
49,51,560,10,2,-100.634,-120.343,-10.8474,-30.5565,-19.709,0,0,10,50,0
49,52,570,10,2,-102.013,-120.498,-10.8658,-29.351,-18.4851,0,0,10,50,0
49,53,580,10,2,-103.205,-120.65,-10.8863,-28.3309,-17.4447,0,0,10,50,0
49,54,590,10,2,-104.254,-120.799,-10.9084,-27.4528,-16.5444,0,0,10,50,0
49,55,600,10,2,-105.192,-120.946,-10.9322,-26.6859,-15.7536,0,0,10,50,0
49,56,610,10,2,-106.038,-121.09,-10.9575,-26.0089,-15.0514,0,0,10,50,0
49,57,620,10,2,-106.81,-121.232,-10.984,-25.4054,-14.4214,0,0,10,50,0
49,58,630,10,2,-107.519,-121.371,-11.0116,-24.8637,-13.8521,0,0,10,50,0
50,1,70,10,1,-102.012,-118.157,-10.9088,-27.054,-16.1452,0,0,10,60,0
50,2,80,10,1,-103.204,-117.955,-10.9516,-25.7017,-14.7501,0,0,10,60,0
50,3,90,10,1,-104.254,-117.747,-11.0029,-24.4956,-13.4927,0,0,10,60,0
50,4,100,10,1,-105.191,-117.534,-11.0636,-23.4062,-12.3426,0,0,10,60,0
50,5,110,10,1,-106.038,-117.316,-11.1346,-22.4124,-11.2778,0,0,10,60,0
50,6,120,10,1,-106.81,-117.092,-11.2169,-21.4991,-10.2822,0,0,10,60,0
50,7,130,10,1,-107.519,-116.862,-11.3112,-20.6547,-9.34347,0,0,10,60,0
50,8,140,10,1,-108.175,-116.627,-11.4188,-19.8706,-8.45179,0,0,10,60,0
50,9,150,10,1,-108.785,-116.384,-11.5406,-19.14,-7.59942,0,0,10,60,0
50,10,160,10,1,-109.355,-116.135,-11.6777,-18.4576,-6.77999,0,0,10,60,0
50,11,170,10,1,-109.89,-115.878,-11.8312,-17.8194,-5.98821,0,0,10,60,0
50,12,180,10,1,-110.394,-115.613,-12.0023,-17.2218,-5.21958,0,0,10,60,0
50,13,190,10,1,-110.87,-115.34,-12.192,-16.6623,-4.47022,0,0,10,60,0
50,14,200,10,1,-111.322,-115.058,-12.4017,-16.1384,-3.73675,0,0,10,60,0
50,15,210,10,1,-111.751,-114.767,-12.6323,-15.6485,-3.01612,0,0,10,60,0
50,16,220,10,1,-112.16,-114.466,-12.8851,-15.1907,-2.3056,0,0,10,60,0
50,17,230,10,1,-112.551,-114.154,-13.1612,-14.7638,-1.60263,0,0,10,60,0
50,18,240,10,1,-112.925,-113.83,-13.4616,-14.3664,-0.904854,0,0,10,60,0
50,19,250,10,1,-113.284,-113.494,-13.7874,-13.9974,-0.209969,0,0,10,60,0
50,20,260,10,1,-113.628,-113.144,-14.1399,-13.6556,0.484246,0,0,10,60,0
50,21,270,10,1,-113.959,-112.779,-14.5199,-13.3399,1.18001,0,0,10,60,1
50,22,280,10,2,-112.398,-114.278,-13.049,-14.9293,-1.8803,1,2,10,60,0
50,23,290,10,2,-112.001,-114.586,-12.7825,-15.3679,-2.5854,0,0,10,60,0
50,24,300,10,2,-111.584,-114.883,-12.5386,-15.8382,-3.29954,0,0,10,60,0
50,25,310,10,2,-111.146,-115.171,-12.3164,-16.3414,-4.02498,0,0,10,60,0
50,26,320,10,2,-110.685,-115.449,-12.1147,-16.879,-4.76429,0,0,10,60,0
50,27,330,10,2,-110.198,-115.719,-11.9325,-17.4534,-5.52091,0,0,10,60,0
50,28,340,10,2,-109.682,-115.98,-11.7685,-18.0666,-6.29813,0,0,10,60,0
50,29,350,10,2,-109.134,-116.234,-11.6216,-18.7219,-7.10035,0,0,10,60,0
50,30,360,10,2,-108.549,-116.481,-11.4907,-19.4227,-7.93203,0,0,10,60,0
50,31,370,10,2,-107.921,-116.721,-11.3746,-20.1738,-8.79921,0,0,10,60,0
50,32,380,10,2,-107.246,-116.954,-11.2724,-20.9808,-9.70837,0,0,10,60,0
50,33,390,10,2,-106.513,-117.181,-11.183,-21.8514,-10.6684,0,0,10,60,0
50,34,400,10,2,-105.713,-117.403,-11.1053,-22.7948,-11.6896,0,0,10,60,0
50,35,410,10,2,-104.833,-117.619,-11.0384,-23.8245,-12.786,0,0,10,60,0
50,36,420,10,2,-103.854,-117.829,-10.9815,-24.957,-13.9754,0,0,10,60,0
50,37,430,10,2,-102.752,-118.035,-10.9337,-26.2169,-15.2832,0,0,10,60,0
50,38,440,10,2,-101.493,-118.236,-10.8942,-27.6378,-16.7437,0,0,10,60,0
50,39,450,10,2,-100.023,-118.433,-10.8622,-29.2718,-18.4096,0,0,10,60,0
50,40,460,10,2,-98.2635,-118.625,-10.8371,-31.1984,-20.3613,0,0,10,60,0
50,41,470,10,2,-96.0763,-118.813,-10.8182,-33.5547,-22.7365,0,0,10,60,0
50,42,480,10,2,-93.2174,-118.997,-10.805,-36.5844,-25.7794,0,0,10,60,0
50,43,490,10,2,-89.2487,-119.177,-10.7969,-40.7251,-29.9282,0,0,10,60,0
50,44,500,10,2,-84.5404,-119.353,-10.7935,-45.6066,-34.8131,0,0,10,60,0
50,45,510,10,2,-86.2447,-119.526,-10.7942,-44.076,-33.2818,0,0,10,60,0
50,46,520,10,2,-90.986,-119.696,-10.7987,-39.5087,-28.71,0,0,10,60,0
50,47,530,10,2,-94.4523,-119.862,-10.8066,-36.2167,-25.4101,0,0,10,60,0
50,48,540,10,2,-97.0053,-120.026,-10.8175,-33.8379,-23.0204,0,0,10,60,0
50,49,550,10,2,-99.0017,-120.186,-10.8313,-32.0154,-21.1842,0,0,10,60,0
50,50,560,10,2,-100.634,-120.343,-10.8474,-30.5566,-19.7092,0,0,10,60,0
50,51,570,10,2,-102.013,-120.498,-10.8658,-29.3508,-18.485,0,0,10,60,0
50,52,580,10,2,-103.205,-120.65,-10.8862,-28.331,-17.4448,0,0,10,60,0
50,53,590,10,2,-104.255,-120.799,-10.9084,-27.4527,-16.5442,0,0,10,60,0
50,54,600,10,2,-105.192,-120.946,-10.9322,-26.686,-15.7537,0,0,10,60,0
50,55,610,10,2,-106.038,-121.09,-10.9575,-26.0088,-15.0513,0,0,10,60,0
50,56,620,10,2,-106.81,-121.232,-10.984,-25.4055,-14.4215,0,0,10,60,0
50,57,630,10,2,-107.519,-121.371,-11.0116,-24.8636,-13.852,0,0,10,60,0
50,58,640,10,2,-108.175,-121.509,-11.0403,-24.374,-13.3337,0,0,10,60,0
51,1,80,10,1,-103.204,-117.955,-10.9516,-25.7017,-14.7501,0,0,10,70,0
51,2,90,10,1,-104.254,-117.747,-11.0029,-24.4956,-13.4927,0,0,10,70,0
51,3,100,10,1,-105.191,-117.534,-11.0636,-23.4062,-12.3426,0,0,10,70,0
51,4,110,10,1,-106.038,-117.316,-11.1346,-22.4124,-11.2778,0,0,10,70,0
51,5,120,10,1,-106.81,-117.092,-11.2169,-21.4991,-10.2822,0,0,10,70,0
51,6,130,10,1,-107.519,-116.862,-11.3112,-20.6547,-9.34347,0,0,10,70,0
51,7,140,10,1,-108.175,-116.627,-11.4188,-19.8706,-8.45179,0,0,10,70,0
51,8,150,10,1,-108.785,-116.384,-11.5406,-19.14,-7.59942,0,0,10,70,0
51,9,160,10,1,-109.355,-116.135,-11.6777,-18.4576,-6.77999,0,0,10,70,0
51,10,170,10,1,-109.89,-115.878,-11.8312,-17.8194,-5.98821,0,0,10,70,0
51,11,180,10,1,-110.394,-115.613,-12.0023,-17.2218,-5.21958,0,0,10,70,0
51,12,190,10,1,-110.87,-115.34,-12.192,-16.6623,-4.47022,0,0,10,70,0
51,13,200,10,1,-111.322,-115.058,-12.4017,-16.1384,-3.73675,0,0,10,70,0
51,14,210,10,1,-111.751,-114.767,-12.6323,-15.6485,-3.01612,0,0,10,70,0
51,15,220,10,1,-112.16,-114.466,-12.8851,-15.1907,-2.3056,0,0,10,70,0
51,16,230,10,1,-112.551,-114.154,-13.1612,-14.7638,-1.60263,0,0,10,70,0
51,17,240,10,1,-112.925,-113.83,-13.4616,-14.3664,-0.904854,0,0,10,70,0
51,18,250,10,1,-113.284,-113.494,-13.7874,-13.9974,-0.209969,0,0,10,70,0
51,19,260,10,1,-113.628,-113.144,-14.1399,-13.6556,0.484246,0,0,10,70,0
51,20,270,10,1,-113.959,-112.779,-14.5199,-13.3399,1.18001,0,0,10,70,1
51,21,280,10,2,-112.398,-114.278,-13.0488,-14.9295,-1.88068,1,2,10,70,0
51,22,290,10,2,-112.001,-114.586,-12.7825,-15.3679,-2.58534,0,0,10,70,0
51,23,300,10,2,-111.584,-114.883,-12.5386,-15.8382,-3.29961,0,0,10,70,0
51,24,310,10,2,-111.146,-115.171,-12.3164,-16.3413,-4.02491,0,0,10,70,0
51,25,320,10,2,-110.685,-115.449,-12.1147,-16.8791,-4.76436,0,0,10,70,0
51,26,330,10,2,-110.198,-115.719,-11.9325,-17.4533,-5.52083,0,0,10,70,0
51,27,340,10,2,-109.682,-115.98,-11.7684,-18.0667,-6.29821,0,0,10,70,0
51,28,350,10,2,-109.134,-116.234,-11.6216,-18.7218,-7.10026,0,0,10,70,0
51,29,360,10,2,-108.549,-116.481,-11.4906,-19.4228,-7.93212,0,0,10,70,0
51,30,370,10,2,-107.921,-116.721,-11.3746,-20.1737,-8.7991,0,0,10,70,0
51,31,380,10,2,-107.245,-116.954,-11.2724,-20.9809,-9.70849,0,0,10,70,0
51,32,390,10,2,-106.513,-117.181,-11.183,-21.8513,-10.6683,0,0,10,70,0
51,33,400,10,2,-105.713,-117.403,-11.1053,-22.795,-11.6897,0,0,10,70,0
51,34,410,10,2,-104.833,-117.619,-11.0384,-23.8243,-12.7859,0,0,10,70,0
51,35,420,10,2,-103.854,-117.829,-10.9815,-24.9571,-13.9756,0,0,10,70,0
51,36,430,10,2,-102.752,-118.035,-10.9337,-26.2167,-15.283,0,0,10,70,0
51,37,440,10,2,-101.492,-118.236,-10.8941,-27.638,-16.7439,0,0,10,70,0
51,38,450,10,2,-100.023,-118.433,-10.8622,-29.2715,-18.4093,0,0,10,70,0
51,39,460,10,2,-98.2631,-118.625,-10.8371,-31.1988,-20.3617,0,0,10,70,0
51,40,470,10,2,-96.0768,-118.813,-10.8182,-33.5542,-22.736,0,0,10,70,0
51,41,480,10,2,-93.2167,-118.997,-10.805,-36.5851,-25.7801,0,0,10,70,0
51,42,490,10,2,-89.2499,-119.177,-10.7969,-40.724,-29.927,0,0,10,70,0
51,43,500,10,2,-84.5404,-119.353,-10.7935,-45.6066,-34.8131,0,0,10,70,0
51,44,510,10,2,-86.2443,-119.526,-10.7942,-44.0763,-33.2821,0,0,10,70,0
51,45,520,10,2,-90.9862,-119.696,-10.7987,-39.5085,-28.7098,0,0,10,70,0
51,46,530,10,2,-94.4521,-119.862,-10.8066,-36.2169,-25.4103,0,0,10,70,0
51,47,540,10,2,-97.0055,-120.026,-10.8175,-33.8377,-23.0202,0,0,10,70,0
51,48,550,10,2,-99.0015,-120.186,-10.8313,-32.0156,-21.1844,0,0,10,70,0
51,49,560,10,2,-100.634,-120.343,-10.8474,-30.5565,-19.709,0,0,10,70,0
51,50,570,10,2,-102.013,-120.498,-10.8658,-29.351,-18.4851,0,0,10,70,0
51,51,580,10,2,-103.205,-120.65,-10.8863,-28.3309,-17.4447,0,0,10,70,0
51,52,590,10,2,-104.254,-120.799,-10.9084,-27.4528,-16.5444,0,0,10,70,0
51,53,600,10,2,-105.192,-120.946,-10.9322,-26.6859,-15.7536,0,0,10,70,0
51,54,610,10,2,-106.038,-121.09,-10.9575,-26.0089,-15.0514,0,0,10,70,0
51,55,620,10,2,-106.81,-121.232,-10.984,-25.4054,-14.4214,0,0,10,70,0
51,56,630,10,2,-107.519,-121.371,-11.0116,-24.8637,-13.8521,0,0,10,70,0
51,57,640,10,2,-108.175,-121.509,-11.0403,-24.374,-13.3336,0,0,10,70,0
51,58,650,10,2,-108.785,-121.644,-11.0699,-23.929,-12.8591,0,0,10,70,0
52,1,90,10,1,-104.254,-117.747,-11.0029,-24.4956,-13.4927,0,0,10,80,0
52,2,100,10,1,-105.191,-117.534,-11.0636,-23.4062,-12.3426,0,0,10,80,0
52,3,110,10,1,-106.038,-117.316,-11.1346,-22.4124,-11.2778,0,0,10,80,0
52,4,120,10,1,-106.81,-117.092,-11.2169,-21.4991,-10.2822,0,0,10,80,0
52,5,130,10,1,-107.519,-116.862,-11.3112,-20.6547,-9.34347,0,0,10,80,0
52,6,140,10,1,-108.175,-116.627,-11.4188,-19.8706,-8.45179,0,0,10,80,0
52,7,150,10,1,-108.785,-116.384,-11.5406,-19.14,-7.59942,0,0,10,80,0
52,8,160,10,1,-109.355,-116.135,-11.6777,-18.4576,-6.77999,0,0,10,80,0
52,9,170,10,1,-109.89,-115.878,-11.8312,-17.8194,-5.98821,0,0,10,80,0
52,10,180,10,1,-110.394,-115.613,-12.0023,-17.2218,-5.21958,0,0,10,80,0
52,11,190,10,1,-110.87,-115.34,-12.192,-16.6623,-4.47022,0,0,10,80,0
52,12,200,10,1,-111.322,-115.058,-12.4017,-16.1384,-3.73675,0,0,10,80,0
52,13,210,10,1,-111.751,-114.767,-12.6323,-15.6485,-3.01612,0,0,10,80,0
52,14,220,10,1,-112.16,-114.466,-12.8851,-15.1907,-2.3056,0,0,10,80,0
52,15,230,10,1,-112.551,-114.154,-13.1612,-14.7638,-1.60263,0,0,10,80,0
52,16,240,10,1,-112.925,-113.83,-13.4616,-14.3664,-0.904854,0,0,10,80,0
52,17,250,10,1,-113.284,-113.494,-13.7874,-13.9974,-0.209969,0,0,10,80,0
52,18,260,10,1,-113.628,-113.144,-14.1399,-13.6556,0.484246,0,0,10,80,0
52,19,270,10,1,-113.959,-112.779,-14.5199,-13.3399,1.18001,0,0,10,80,1
52,20,280,10,2,-112.398,-114.278,-13.049,-14.9293,-1.8803,1,2,10,80,0
52,21,290,10,2,-112.001,-114.586,-12.7825,-15.3679,-2.5854,0,0,10,80,0
52,22,300,10,2,-111.584,-114.883,-12.5386,-15.8382,-3.29954,0,0,10,80,0
52,23,310,10,2,-111.146,-115.171,-12.3164,-16.3414,-4.02498,0,0,10,80,0
52,24,320,10,2,-110.685,-115.449,-12.1147,-16.879,-4.76429,0,0,10,80,0
52,25,330,10,2,-110.198,-115.719,-11.9325,-17.4534,-5.52091,0,0,10,80,0
52,26,340,10,2,-109.682,-115.98,-11.7685,-18.0666,-6.29813,0,0,10,80,0
52,27,350,10,2,-109.134,-116.234,-11.6216,-18.7219,-7.10035,0,0,10,80,0
52,28,360,10,2,-108.549,-116.481,-11.4907,-19.4227,-7.93203,0,0,10,80,0
52,29,370,10,2,-107.921,-116.721,-11.3746,-20.1738,-8.79921,0,0,10,80,0
52,30,380,10,2,-107.246,-116.954,-11.2724,-20.9808,-9.70837,0,0,10,80,0
52,31,390,10,2,-106.513,-117.181,-11.183,-21.8514,-10.6684,0,0,10,80,0
52,32,400,10,2,-105.713,-117.403,-11.1053,-22.7948,-11.6896,0,0,10,80,0
52,33,410,10,2,-104.833,-117.619,-11.0384,-23.8245,-12.786,0,0,10,80,0
52,34,420,10,2,-103.854,-117.829,-10.9815,-24.957,-13.9754,0,0,10,80,0
52,35,430,10,2,-102.752,-118.035,-10.9337,-26.2169,-15.2832,0,0,10,80,0
52,36,440,10,2,-101.493,-118.236,-10.8942,-27.6378,-16.7437,0,0,10,80,0
52,37,450,10,2,-100.023,-118.433,-10.8622,-29.2718,-18.4096,0,0,10,80,0
52,38,460,10,2,-98.2635,-118.625,-10.8371,-31.1984,-20.3613,0,0,10,80,0
52,39,470,10,2,-96.0763,-118.813,-10.8182,-33.5547,-22.7365,0,0,10,80,0
52,40,480,10,2,-93.2174,-118.997,-10.805,-36.5844,-25.7794,0,0,10,80,0
52,41,490,10,2,-89.2487,-119.177,-10.7969,-40.7251,-29.9282,0,0,10,80,0
52,42,500,10,2,-84.5404,-119.353,-10.7935,-45.6066,-34.8131,0,0,10,80,0
52,43,510,10,2,-86.2447,-119.526,-10.7942,-44.076,-33.2818,0,0,10,80,0
52,44,520,10,2,-90.986,-119.696,-10.7987,-39.5087,-28.71,0,0,10,80,0
52,45,530,10,2,-94.4523,-119.862,-10.8066,-36.2167,-25.4101,0,0,10,80,0
52,46,540,10,2,-97.0053,-120.026,-10.8175,-33.8379,-23.0204,0,0,10,80,0
52,47,550,10,2,-99.0017,-120.186,-10.8313,-32.0154,-21.1842,0,0,10,80,0
52,48,560,10,2,-100.634,-120.343,-10.8474,-30.5566,-19.7092,0,0,10,80,0
52,49,570,10,2,-102.013,-120.498,-10.8658,-29.3508,-18.485,0,0,10,80,0
52,50,580,10,2,-103.205,-120.65,-10.8862,-28.331,-17.4448,0,0,10,80,0
52,51,590,10,2,-104.255,-120.799,-10.9084,-27.4527,-16.5442,0,0,10,80,0
52,52,600,10,2,-105.192,-120.946,-10.9322,-26.686,-15.7537,0,0,10,80,0
52,53,610,10,2,-106.038,-121.09,-10.9575,-26.0088,-15.0513,0,0,10,80,0
52,54,620,10,2,-106.81,-121.232,-10.984,-25.4055,-14.4215,0,0,10,80,0
52,55,630,10,2,-107.519,-121.371,-11.0116,-24.8636,-13.852,0,0,10,80,0
52,56,640,10,2,-108.175,-121.509,-11.0403,-24.374,-13.3337,0,0,10,80,0
52,57,650,10,2,-108.785,-121.644,-11.0699,-23.929,-12.8591,0,0,10,80,0
52,58,660,10,2,-109.355,-121.777,-11.1003,-23.5227,-12.4224,0,0,10,80,0
53,1,100,10,1,-105.191,-117.534,-11.0636,-23.4062,-12.3426,0,0,10,90,0
53,2,110,10,1,-106.038,-117.316,-11.1346,-22.4124,-11.2778,0,0,10,90,0
53,3,120,10,1,-106.81,-117.092,-11.2169,-21.4991,-10.2822,0,0,10,90,0
53,4,130,10,1,-107.519,-116.862,-11.3112,-20.6547,-9.34347,0,0,10,90,0
53,5,140,10,1,-108.175,-116.627,-11.4188,-19.8706,-8.45179,0,0,10,90,0
53,6,150,10,1,-108.785,-116.384,-11.5406,-19.14,-7.59942,0,0,10,90,0
53,7,160,10,1,-109.355,-116.135,-11.6777,-18.4576,-6.77999,0,0,10,90,0
53,8,170,10,1,-109.89,-115.878,-11.8312,-17.8194,-5.98821,0,0,10,90,0
53,9,180,10,1,-110.394,-115.613,-12.0023,-17.2218,-5.21958,0,0,10,90,0
53,10,190,10,1,-110.87,-115.34,-12.192,-16.6623,-4.47022,0,0,10,90,0
53,11,200,10,1,-111.322,-115.058,-12.4017,-16.1384,-3.73675,0,0,10,90,0
53,12,210,10,1,-111.751,-114.767,-12.6323,-15.6485,-3.01612,0,0,10,90,0
53,13,220,10,1,-112.16,-114.466,-12.8851,-15.1907,-2.3056,0,0,10,90,0
53,14,230,10,1,-112.551,-114.154,-13.1612,-14.7638,-1.60263,0,0,10,90,0
53,15,240,10,1,-112.925,-113.83,-13.4616,-14.3664,-0.904854,0,0,10,90,0
53,16,250,10,1,-113.284,-113.494,-13.7874,-13.9974,-0.209969,0,0,10,90,0
53,17,260,10,1,-113.628,-113.144,-14.1399,-13.6556,0.484246,0,0,10,90,0
53,18,270,10,1,-113.959,-112.779,-14.5199,-13.3399,1.18001,0,0,10,90,1
53,19,280,10,2,-112.398,-114.278,-13.0488,-14.9295,-1.88068,1,2,10,90,0
53,20,290,10,2,-112.001,-114.586,-12.7825,-15.3679,-2.58534,0,0,10,90,0
53,21,300,10,2,-111.584,-114.883,-12.5386,-15.8382,-3.29961,0,0,10,90,0
53,22,310,10,2,-111.146,-115.171,-12.3164,-16.3413,-4.02491,0,0,10,90,0
53,23,320,10,2,-110.685,-115.449,-12.1147,-16.8791,-4.76436,0,0,10,90,0
53,24,330,10,2,-110.198,-115.719,-11.9325,-17.4533,-5.52083,0,0,10,90,0
53,25,340,10,2,-109.682,-115.98,-11.7684,-18.0667,-6.29821,0,0,10,90,0
53,26,350,10,2,-109.134,-116.234,-11.6216,-18.7218,-7.10026,0,0,10,90,0
53,27,360,10,2,-108.549,-116.481,-11.4906,-19.4228,-7.93212,0,0,10,90,0
53,28,370,10,2,-107.921,-116.721,-11.3746,-20.1737,-8.7991,0,0,10,90,0
53,29,380,10,2,-107.245,-116.954,-11.2724,-20.9809,-9.70849,0,0,10,90,0
53,30,390,10,2,-106.513,-117.181,-11.183,-21.8513,-10.6683,0,0,10,90,0
53,31,400,10,2,-105.713,-117.403,-11.1053,-22.795,-11.6897,0,0,10,90,0
53,32,410,10,2,-104.833,-117.619,-11.0384,-23.8243,-12.7859,0,0,10,90,0
53,33,420,10,2,-103.854,-117.829,-10.9815,-24.9571,-13.9756,0,0,10,90,0
53,34,430,10,2,-102.752,-118.035,-10.9337,-26.2167,-15.283,0,0,10,90,0
53,35,440,10,2,-101.492,-118.236,-10.8941,-27.638,-16.7439,0,0,10,90,0
53,36,450,10,2,-100.023,-118.433,-10.8622,-29.2715,-18.4093,0,0,10,90,0
53,37,460,10,2,-98.2631,-118.625,-10.8371,-31.1988,-20.3617,0,0,10,90,0
53,38,470,10,2,-96.0768,-118.813,-10.8182,-33.5542,-22.736,0,0,10,90,0
53,39,480,10,2,-93.2167,-118.997,-10.805,-36.5851,-25.7801,0,0,10,90,0
53,40,490,10,2,-89.2499,-119.177,-10.7969,-40.724,-29.927,0,0,10,90,0
53,41,500,10,2,-84.5404,-119.353,-10.7935,-45.6066,-34.8131,0,0,10,90,0
53,42,510,10,2,-86.2443,-119.526,-10.7942,-44.0763,-33.2821,0,0,10,90,0
53,43,520,10,2,-90.9862,-119.696,-10.7987,-39.5085,-28.7098,0,0,10,90,0
53,44,530,10,2,-94.4521,-119.862,-10.8066,-36.2169,-25.4103,0,0,10,90,0
53,45,540,10,2,-97.0055,-120.026,-10.8175,-33.8377,-23.0202,0,0,10,90,0
53,46,550,10,2,-99.0015,-120.186,-10.8313,-32.0156,-21.1844,0,0,10,90,0
53,47,560,10,2,-100.634,-120.343,-10.8474,-30.5565,-19.709,0,0,10,90,0
53,48,570,10,2,-102.013,-120.498,-10.8658,-29.351,-18.4851,0,0,10,90,0
53,49,580,10,2,-103.205,-120.65,-10.8863,-28.3309,-17.4447,0,0,10,90,0
53,50,590,10,2,-104.254,-120.799,-10.9084,-27.4528,-16.5444,0,0,10,90,0
53,51,600,10,2,-105.192,-120.946,-10.9322,-26.6859,-15.7536,0,0,10,90,0
53,52,610,10,2,-106.038,-121.09,-10.9575,-26.0089,-15.0514,0,0,10,90,0
53,53,620,10,2,-106.81,-121.232,-10.984,-25.4054,-14.4214,0,0,10,90,0
53,54,630,10,2,-107.519,-121.371,-11.0116,-24.8637,-13.8521,0,0,10,90,0
53,55,640,10,2,-108.175,-121.509,-11.0403,-24.374,-13.3336,0,0,10,90,0
53,56,650,10,2,-108.785,-121.644,-11.0699,-23.929,-12.8591,0,0,10,90,0
53,57,660,10,2,-109.355,-121.777,-11.1003,-23.5226,-12.4223,0,0,10,90,0
53,58,670,10,2,-109.89,-121.908,-11.1314,-23.1501,-12.0186,0,0,10,90,0
54,1,110,10,1,-106.038,-117.316,-11.1346,-22.4124,-11.2778,0,0,10,100,0
54,2,120,10,1,-106.81,-117.092,-11.2169,-21.4991,-10.2822,0,0,10,100,0
54,3,130,10,1,-107.519,-116.862,-11.3112,-20.6547,-9.34347,0,0,10,100,0
54,4,140,10,1,-108.175,-116.627,-11.4188,-19.8706,-8.45179,0,0,10,100,0
54,5,150,10,1,-108.785,-116.384,-11.5406,-19.14,-7.59942,0,0,10,100,0
54,6,160,10,1,-109.355,-116.135,-11.6777,-18.4576,-6.77999,0,0,10,100,0
54,7,170,10,1,-109.89,-115.878,-11.8312,-17.8194,-5.98821,0,0,10,100,0
54,8,180,10,1,-110.394,-115.613,-12.0023,-17.2218,-5.21958,0,0,10,100,0
54,9,190,10,1,-110.87,-115.34,-12.192,-16.6623,-4.47022,0,0,10,100,0
54,10,200,10,1,-111.322,-115.058,-12.4017,-16.1384,-3.73675,0,0,10,100,0
54,11,210,10,1,-111.751,-114.767,-12.6323,-15.6485,-3.01612,0,0,10,100,0
54,12,220,10,1,-112.16,-114.466,-12.8851,-15.1907,-2.3056,0,0,10,100,0
54,13,230,10,1,-112.551,-114.154,-13.1612,-14.7638,-1.60263,0,0,10,100,0
54,14,240,10,1,-112.925,-113.83,-13.4616,-14.3664,-0.904854,0,0,10,100,0
54,15,250,10,1,-113.284,-113.494,-13.7874,-13.9974,-0.209969,0,0,10,100,0
54,16,260,10,1,-113.628,-113.144,-14.1399,-13.6556,0.484246,0,0,10,100,0
54,17,270,10,1,-113.959,-112.779,-14.5199,-13.3399,1.18001,0,0,10,100,1
54,18,280,10,2,-112.398,-114.278,-13.049,-14.9293,-1.8803,1,2,10,100,0
54,19,290,10,2,-112.001,-114.586,-12.7825,-15.3679,-2.5854,0,0,10,100,0
54,20,300,10,2,-111.584,-114.883,-12.5386,-15.8382,-3.29954,0,0,10,100,0
54,21,310,10,2,-111.146,-115.171,-12.3164,-16.3414,-4.02498,0,0,10,100,0
54,22,320,10,2,-110.685,-115.449,-12.1147,-16.879,-4.76429,0,0,10,100,0
54,23,330,10,2,-110.198,-115.719,-11.9325,-17.4534,-5.52091,0,0,10,100,0
54,24,340,10,2,-109.682,-115.98,-11.7685,-18.0666,-6.29813,0,0,10,100,0
54,25,350,10,2,-109.134,-116.234,-11.6216,-18.7219,-7.10035,0,0,10,100,0
54,26,360,10,2,-108.549,-116.481,-11.4907,-19.4227,-7.93203,0,0,10,100,0
54,27,370,10,2,-107.921,-116.721,-11.3746,-20.1738,-8.79921,0,0,10,100,0
54,28,380,10,2,-107.246,-116.954,-11.2724,-20.9808,-9.70837,0,0,10,100,0
54,29,390,10,2,-106.513,-117.181,-11.183,-21.8514,-10.6684,0,0,10,100,0
54,30,400,10,2,-105.713,-117.403,-11.1053,-22.7948,-11.6896,0,0,10,100,0
54,31,410,10,2,-104.833,-117.619,-11.0384,-23.8245,-12.786,0,0,10,100,0
54,32,420,10,2,-103.854,-117.829,-10.9815,-24.957,-13.9754,0,0,10,100,0
54,33,430,10,2,-102.752,-118.035,-10.9337,-26.2169,-15.2832,0,0,10,100,0
54,34,440,10,2,-101.493,-118.236,-10.8942,-27.6378,-16.7437,0,0,10,100,0
54,35,450,10,2,-100.023,-118.433,-10.8622,-29.2718,-18.4096,0,0,10,100,0
54,36,460,10,2,-98.2635,-118.625,-10.8371,-31.1984,-20.3613,0,0,10,100,0
54,37,470,10,2,-96.0763,-118.813,-10.8182,-33.5547,-22.7365,0,0,10,100,0
54,38,480,10,2,-93.2174,-118.997,-10.805,-36.5844,-25.7794,0,0,10,100,0
54,39,490,10,2,-89.2487,-119.177,-10.7969,-40.7251,-29.9282,0,0,10,100,0
54,40,500,10,2,-84.5404,-119.353,-10.7935,-45.6066,-34.8131,0,0,10,100,0
54,41,510,10,2,-86.2447,-119.526,-10.7942,-44.076,-33.2818,0,0,10,100,0
54,42,520,10,2,-90.986,-119.696,-10.7987,-39.5087,-28.71,0,0,10,100,0
54,43,530,10,2,-94.4523,-119.862,-10.8066,-36.2167,-25.4101,0,0,10,100,0
54,44,540,10,2,-97.0053,-120.026,-10.8175,-33.8379,-23.0204,0,0,10,100,0
54,45,550,10,2,-99.0017,-120.186,-10.8313,-32.0154,-21.1842,0,0,10,100,0
54,46,560,10,2,-100.634,-120.343,-10.8474,-30.5566,-19.7092,0,0,10,100,0
54,47,570,10,2,-102.013,-120.498,-10.8658,-29.3508,-18.485,0,0,10,100,0
54,48,580,10,2,-103.205,-120.65,-10.8862,-28.331,-17.4448,0,0,10,100,0
54,49,590,10,2,-104.255,-120.799,-10.9084,-27.4527,-16.5442,0,0,10,100,0
54,50,600,10,2,-105.192,-120.946,-10.9322,-26.686,-15.7537,0,0,10,100,0
54,51,610,10,2,-106.038,-121.09,-10.9575,-26.0088,-15.0513,0,0,10,100,0
54,52,620,10,2,-106.81,-121.232,-10.984,-25.4055,-14.4215,0,0,10,100,0
54,53,630,10,2,-107.519,-121.371,-11.0116,-24.8636,-13.852,0,0,10,100,0
54,54,640,10,2,-108.175,-121.509,-11.0403,-24.374,-13.3337,0,0,10,100,0
54,55,650,10,2,-108.785,-121.644,-11.0699,-23.929,-12.8591,0,0,10,100,0
54,56,660,10,2,-109.355,-121.777,-11.1003,-23.5227,-12.4224,0,0,10,100,0
54,57,670,10,2,-109.89,-121.908,-11.1314,-23.15,-12.0185,0,0,10,100,0
54,58,680,10,2,-110.394,-122.038,-11.1632,-22.8071,-11.6439,0,0,10,100,0
55,1,32,12,1,-94.8497,-118.899,-10.8114,-34.8606,-24.0492,0,0,12,20,0
55,2,44,12,1,-97.7316,-118.675,-10.8315,-31.775,-20.9435,0,0,12,20,0
55,3,56,12,1,-99.9179,-118.445,-10.8603,-29.3878,-18.5275,0,0,12,20,0
55,4,68,12,1,-101.673,-118.209,-10.899,-27.4357,-16.5367,0,0,12,20,0
55,5,80,12,1,-103.136,-117.967,-10.9487,-25.7793,-14.8306,0,0,12,20,0
55,6,92,12,1,-104.391,-117.717,-11.0108,-24.3374,-13.3266,0,0,12,20,0
55,7,104,12,1,-105.488,-117.461,-11.0865,-23.0591,-11.9726,0,0,12,20,0
55,8,116,12,1,-106.463,-117.196,-11.1775,-21.9106,-10.7331,0,0,12,20,0
55,9,128,12,1,-107.34,-116.923,-11.2854,-20.8686,-9.58323,0,0,12,20,0
55,10,140,12,1,-108.136,-116.641,-11.4119,-19.9165,-8.50464,0,0,12,20,0
55,11,152,12,1,-108.866,-116.35,-11.5587,-19.0421,-7.48333,0,0,12,20,0
55,12,164,12,1,-109.54,-116.048,-11.7279,-18.2362,-6.50838,0,0,12,20,0
55,13,176,12,1,-110.165,-115.736,-11.9212,-17.4922,-5.57096,0,0,12,20,0
55,14,188,12,1,-110.748,-115.412,-12.1407,-16.8045,-4.66381,0,0,12,20,0
55,15,200,12,1,-111.295,-115.076,-12.3884,-16.1692,-3.78076,0,0,12,20,0
55,16,212,12,1,-111.809,-114.726,-12.6662,-15.5827,-2.91648,0,0,12,20,0
55,17,224,12,1,-112.295,-114.361,-12.9762,-15.0424,-2.06623,0,0,12,20,0
55,18,236,12,1,-112.755,-113.981,-13.3201,-14.5458,-1.22569,0,0,12,20,0
55,19,248,12,1,-113.192,-113.582,-13.7,-14.0909,-0.390835,0,0,12,20,0
55,20,260,12,1,-113.608,-113.165,-14.1178,-13.6755,0.442227,0,0,12,20,0
55,21,272,12,1,-114.004,-112.727,-14.5752,-13.2979,1.27732,0,0,12,20,1
55,22,284,12,2,-112.266,-114.384,-12.956,-15.0745,-2.11848,1,2,12,20,0
55,23,296,12,2,-111.778,-114.748,-12.6481,-15.6177,-2.96955,0,0,12,20,0
55,24,308,12,2,-111.262,-115.097,-12.3722,-16.207,-3.83478,0,0,12,20,0
55,25,320,12,2,-110.713,-115.432,-12.1263,-16.8456,-4.71925,0,0,12,20,0
55,26,332,12,2,-110.128,-115.756,-11.9085,-17.5365,-5.62801,0,0,12,20,0
55,27,344,12,2,-109.5,-116.067,-11.7167,-18.2843,-6.56764,0,0,12,20,0
55,28,356,12,2,-108.823,-116.368,-11.549,-19.0941,-7.54508,0,0,12,20,0
55,29,368,12,2,-108.089,-116.659,-11.4035,-19.9732,-8.56972,0,0,12,20,0
55,30,380,12,2,-107.288,-116.94,-11.2782,-20.9304,-9.65217,0,0,12,20,0
55,31,392,12,2,-106.405,-117.212,-11.1714,-21.9786,-10.8072,0,0,12,20,0
55,32,404,12,2,-105.424,-117.477,-11.0814,-23.1342,-12.0528,0,0,12,20,0
55,33,416,12,2,-104.318,-117.733,-11.0065,-24.4217,-13.4152,0,0,12,20,0
55,34,428,12,2,-103.052,-117.982,-10.9453,-25.875,-14.9297,0,0,12,20,0
55,35,440,12,2,-101.573,-118.224,-10.8963,-27.5472,-16.6509,0,0,12,20,0
55,36,452,12,2,-99.7969,-118.46,-10.8583,-29.5211,-18.6628,0,0,12,20,0
55,37,464,12,2,-97.5765,-118.689,-10.83,-31.9426,-21.1126,0,0,12,20,0
55,38,476,12,2,-94.6383,-118.913,-10.8104,-35.0846,-24.2742,0,0,12,20,0
55,39,488,12,2,-90.4135,-119.13,-10.7986,-39.5154,-28.7168,0,0,12,20,0
55,40,500,12,2,-84.7493,-119.343,-10.7936,-45.3871,-34.5935,0,0,12,20,0
55,41,512,12,2,-86.9462,-119.55,-10.7946,-43.3987,-32.6041,0,0,12,20,0
55,42,524,12,2,-92.2938,-119.753,-10.801,-38.2601,-27.4591,0,0,12,20,0
55,43,536,12,2,-95.9141,-119.951,-10.8121,-34.8489,-24.0368,0,0,12,20,0
55,44,548,12,2,-98.5217,-120.144,-10.8274,-32.4502,-21.6228,0,0,12,20,0
55,45,560,12,2,-100.543,-120.334,-10.8464,-30.6371,-19.7907,0,0,12,20,0
55,46,572,12,2,-102.189,-120.519,-10.8686,-29.199,-18.3304,0,0,12,20,0
55,47,584,12,2,-103.575,-120.701,-10.8936,-28.0188,-17.1252,0,0,12,20,0
55,48,596,12,2,-104.772,-120.878,-10.9211,-27.0269,-16.1059,0,0,12,20,0
55,49,608,12,2,-105.826,-121.052,-10.9508,-26.1776,-15.2268,0,0,12,20,0
55,50,620,12,2,-106.765,-121.223,-10.9823,-25.4402,-14.4579,0,0,12,20,0
55,51,632,12,2,-107.614,-121.391,-11.0156,-24.7924,-13.7768,0,0,12,20,0
55,52,644,12,2,-108.387,-121.555,-11.0503,-24.2183,-13.1681,0,0,12,20,0
55,53,656,12,2,-109.097,-121.716,-11.0862,-23.7053,-12.6191,0,0,12,20,0
55,54,668,12,2,-109.754,-121.874,-11.1233,-23.2441,-12.1209,0,0,12,20,0
55,55,680,12,2,-110.364,-122.03,-11.1613,-22.827,-11.6657,0,0,12,20,0
55,56,692,12,2,-110.935,-122.183,-11.2001,-22.4481,-11.248,0,0,12,20,0
55,57,704,12,2,-111.47,-122.333,-11.2397,-22.1023,-10.8626,0,0,12,20,0
55,58,716,12,2,-111.974,-122.48,-11.2798,-21.7857,-10.5059,0,0,12,20,0
56,1,42,12,1,-97.3096,-118.713,-10.8275,-32.2308,-21.4032,0,0,12,30,0
56,2,54,12,1,-99.5886,-118.484,-10.8549,-29.7504,-18.8955,0,0,12,30,0
56,3,66,12,1,-101.403,-118.249,-10.8918,-27.7377,-16.8458,0,0,12,30,0
56,4,78,12,1,-102.909,-118.008,-10.9396,-26.0387,-15.0991,0,0,12,30,0
56,5,90,12,1,-104.194,-117.76,-10.9995,-24.5652,-13.5657,0,0,12,30,0
56,6,102,12,1,-105.314,-117.504,-11.0729,-23.2624,-12.1895,0,0,12,30,0
56,7,114,12,1,-106.308,-117.241,-11.1612,-22.0941,-10.9329,0,0,12,30,0
56,8,126,12,1,-107.2,-116.969,-11.2662,-21.0357,-9.7695,0,0,12,30,0
56,9,138,12,1,-108.009,-116.689,-11.3894,-20.0695,-8.68009,0,0,12,30,0
56,10,150,12,1,-108.749,-116.399,-11.5328,-19.1828,-7.65007,0,0,12,30,0
56,11,162,12,1,-109.431,-116.099,-11.698,-18.3661,-6.66805,0,0,12,30,0
56,12,174,12,1,-110.064,-115.789,-11.8872,-17.6121,-5.72492,0,0,12,30,0
56,13,186,12,1,-110.654,-115.467,-12.1022,-16.9154,-4.81317,0,0,12,30,0
56,14,198,12,1,-111.206,-115.133,-12.3451,-16.2716,-3.92649,0,0,12,30,0
56,15,210,12,1,-111.726,-114.785,-12.6178,-15.6772,-3.05943,0,0,12,30,0
56,16,222,12,1,-112.216,-114.423,-12.9222,-15.1294,-2.20715,0,0,12,30,0
56,17,234,12,1,-112.68,-114.045,-13.2604,-14.6257,-1.36528,0,0,12,30,0
56,18,246,12,1,-113.12,-113.65,-13.6341,-14.1639,-0.52975,0,0,12,30,0
56,19,258,12,1,-113.54,-113.236,-14.0454,-13.7421,0.303346,0,0,12,30,0
56,20,270,12,1,-113.94,-112.802,-14.4961,-13.3583,1.13784,0,0,12,30,1
56,21,282,12,2,-112.343,-114.322,-13.0101,-14.9891,-1.97894,1,2,12,30,0
56,22,294,12,2,-111.861,-114.688,-12.6972,-15.524,-2.82677,0,0,12,30,0
56,23,306,12,2,-111.35,-115.04,-12.4161,-16.1055,-3.68945,0,0,12,30,0
56,24,318,12,2,-110.807,-115.377,-12.1653,-16.7356,-4.57022,0,0,12,30,0
56,25,330,12,2,-110.228,-115.703,-11.9429,-17.4176,-5.47468,0,0,12,30,0
56,26,342,12,2,-109.608,-116.016,-11.747,-18.1555,-6.40852,0,0,12,30,0
56,27,354,12,2,-108.939,-116.319,-11.5754,-18.9546,-7.37927,0,0,12,30,0
56,28,366,12,2,-108.216,-116.611,-11.4263,-19.8214,-8.39514,0,0,12,30,0
56,29,378,12,2,-107.426,-116.894,-11.2977,-20.765,-9.46729,0,0,12,30,0
56,30,390,12,2,-106.559,-117.168,-11.188,-21.7968,-10.6088,0,0,12,30,0
56,31,402,12,2,-105.595,-117.433,-11.0953,-22.9333,-11.838,0,0,12,30,0
56,32,414,12,2,-104.512,-117.691,-11.018,-24.1965,-13.1785,0,0,12,30,0
56,33,426,12,2,-103.276,-117.941,-10.9546,-25.6195,-14.6649,0,0,12,30,0
56,34,438,12,2,-101.838,-118.184,-10.9037,-27.2501,-16.3464,0,0,12,30,0
56,35,450,12,2,-100.118,-118.421,-10.8639,-29.1664,-18.3025,0,0,12,30,0
56,36,462,12,2,-97.9871,-118.651,-10.8341,-31.4983,-20.6642,0,0,12,30,0
56,37,474,12,2,-95.1961,-118.876,-10.8131,-34.4927,-23.6796,0,0,12,30,0
56,38,486,12,2,-91.2449,-119.094,-10.8,-38.6496,-27.8496,0,0,12,30,0
56,39,498,12,2,-85.5868,-119.308,-10.794,-44.515,-33.721,0,0,12,30,0
56,40,510,12,2,-85.9437,-119.516,-10.794,-44.3664,-33.5723,0,0,12,30,0
56,41,522,12,2,-91.5405,-119.719,-10.7996,-38.9786,-28.179,0,0,12,30,0
56,42,534,12,2,-95.3974,-119.918,-10.81,-35.3308,-24.5208,0,0,12,30,0
56,43,546,12,2,-98.1359,-120.112,-10.8246,-32.8012,-21.9766,0,0,12,30,0
56,44,558,12,2,-100.236,-120.303,-10.843,-30.9093,-20.0663,0,0,12,30,0
56,45,570,12,2,-101.935,-120.488,-10.8647,-29.4182,-18.5536,0,0,12,30,0
56,46,582,12,2,-103.359,-120.671,-10.8892,-28.201,-17.3118,0,0,12,30,0
56,47,594,12,2,-104.584,-120.849,-10.9163,-27.1812,-16.2649,0,0,12,30,0
56,48,606,12,2,-105.659,-121.024,-10.9457,-26.3108,-15.3651,0,0,12,30,0
56,49,618,12,2,-106.616,-121.195,-10.977,-25.5563,-14.5793,0,0,12,30,0
56,50,630,12,2,-107.478,-121.363,-11.0099,-24.895,-13.885,0,0,12,30,0
56,51,642,12,2,-108.263,-121.528,-11.0444,-24.3094,-13.265,0,0,12,30,0
56,52,654,12,2,-108.983,-121.689,-11.0801,-23.7871,-12.7069,0,0,12,30,0
56,53,666,12,2,-109.648,-121.848,-11.117,-23.3177,-12.2007,0,0,12,30,0
56,54,678,12,2,-110.265,-122.004,-11.1549,-22.8938,-11.7389,0,0,12,30,0
56,55,690,12,2,-110.842,-122.157,-11.1936,-22.5088,-11.3152,0,0,12,30,0
56,56,702,12,2,-111.383,-122.308,-11.233,-22.1579,-10.9248,0,0,12,30,0
56,57,714,12,2,-111.892,-122.456,-11.2731,-21.8366,-10.5635,0,0,12,30,0
56,58,726,12,2,-112.373,-122.601,-11.3137,-21.5416,-10.2279,0,0,12,30,0
57,1,52,12,1,-99.2466,-118.523,-10.8497,-30.1257,-19.276,0,0,12,40,0
57,2,64,12,1,-101.126,-118.289,-10.885,-28.0482,-17.1633,0,0,12,40,0
57,3,76,12,1,-102.675,-118.049,-10.9309,-26.3044,-15.3735,0,0,12,40,0
57,4,88,12,1,-103.992,-117.801,-10.9886,-24.7978,-13.8092,0,0,12,40,0
57,5,100,12,1,-105.137,-117.547,-11.0597,-23.4694,-12.4097,0,0,12,40,0
57,6,112,12,1,-106.15,-117.285,-11.1454,-22.2806,-11.1352,0,0,12,40,0
57,7,124,12,1,-107.057,-117.015,-11.2475,-21.2053,-9.9578,0,0,12,40,0
57,8,136,12,1,-107.879,-116.736,-11.3675,-20.2247,-8.85718,0,0,12,40,0
57,9,148,12,1,-108.63,-116.448,-11.5074,-19.3255,-7.81813,0,0,12,40,0
57,10,160,12,1,-109.321,-116.15,-11.6689,-18.4977,-6.8288,0,0,12,40,0
57,11,172,12,1,-109.962,-115.841,-11.8539,-17.7337,-5.87974,0,0,12,40,0
57,12,184,12,1,-110.558,-115.521,-12.0645,-17.0278,-4.96323,0,0,12,40,0
57,13,196,12,1,-111.117,-115.189,-12.3026,-16.3754,-4.07277,0,0,12,40,0
57,14,208,12,1,-111.641,-114.844,-12.5702,-15.773,-3.20279,0,0,12,40,0
57,15,220,12,1,-112.136,-114.484,-12.8692,-15.2175,-2.34836,0,0,12,40,0
57,16,232,12,1,-112.604,-114.109,-13.2016,-14.7066,-1.50505,0,0,12,40,0
57,17,244,12,1,-113.048,-113.717,-13.5693,-14.238,-0.668733,0,0,12,40,0
57,18,256,12,1,-113.471,-113.307,-13.9742,-13.8097,0.164503,0,0,12,40,0
57,19,268,12,1,-113.874,-112.876,-14.4182,-13.4197,0.998494,0,0,12,40,1
57,20,280,12,2,-112.421,-114.259,-13.0658,-14.9038,-1.83799,1,2,12,40,0
57,21,292,12,2,-111.944,-114.628,-12.7471,-15.4316,-2.68452,0,0,12,40,0
57,22,304,12,2,-111.438,-114.982,-12.4608,-16.0053,-3.54447,0,0,12,40,0
57,23,316,12,2,-110.9,-115.322,-12.2051,-16.6271,-4.42202,0,0,12,40,0
57,24,328,12,2,-110.327,-115.649,-11.9781,-17.3001,-5.32198,0,0,12,40,0
57,25,340,12,2,-109.714,-115.965,-11.7779,-18.0285,-6.25063,0,0,12,40,0
57,26,352,12,2,-109.054,-116.269,-11.6024,-18.8169,-7.21449,0,0,12,40,0
57,27,364,12,2,-108.34,-116.563,-11.4496,-19.672,-8.22236,0,0,12,40,0
57,28,376,12,2,-107.563,-116.847,-11.3178,-20.6019,-9.28406,0,0,12,40,0
57,29,388,12,2,-106.709,-117.123,-11.2051,-21.6182,-10.4131,0,0,12,40,0
57,30,400,12,2,-105.763,-117.389,-11.1097,-22.7357,-11.626,0,0,12,40,0
57,31,412,12,2,-104.702,-117.648,-11.0299,-23.9761,-12.9462,0,0,12,40,0
57,32,424,12,2,-103.495,-117.9,-10.9643,-25.3693,-14.405,0,0,12,40,0
57,33,436,12,2,-102.094,-118.144,-10.9114,-26.9613,-16.0499,0,0,12,40,0
57,34,448,12,2,-100.429,-118.382,-10.8698,-28.8223,-17.9525,0,0,12,40,0
57,35,460,12,2,-98.3789,-118.613,-10.8384,-31.0728,-20.2344,0,0,12,40,0
57,36,472,12,2,-95.7242,-118.839,-10.816,-33.9305,-23.1145,0,0,12,40,0
57,37,484,12,2,-92.0172,-119.058,-10.8017,-37.8429,-27.0412,0,0,12,40,0
57,38,496,12,2,-86.5665,-119.273,-10.7945,-43.5006,-32.7061,0,0,12,40,0
57,39,508,12,2,-85.0387,-119.482,-10.7936,-45.2367,-34.4431,0,0,12,40,0
57,40,520,12,2,-90.7319,-119.686,-10.7983,-39.7523,-28.954,0,0,12,40,0
57,41,532,12,2,-94.8511,-119.885,-10.8079,-35.8422,-25.0343,0,0,12,40,0
57,42,544,12,2,-97.7325,-120.08,-10.8219,-33.1698,-22.3479,0,0,12,40,0
57,43,556,12,2,-99.9188,-120.271,-10.8397,-31.192,-20.3523,0,0,12,40,0
57,44,568,12,2,-101.673,-120.458,-10.8608,-29.6453,-18.7844,0,0,12,40,0
57,45,580,12,2,-103.137,-120.64,-10.885,-28.3884,-17.5035,0,0,12,40,0
57,46,592,12,2,-104.391,-120.819,-10.9117,-27.3399,-16.4282,0,0,12,40,0
57,47,604,12,2,-105.488,-120.995,-10.9406,-26.4469,-15.5063,0,0,12,40,0
57,48,616,12,2,-106.463,-121.167,-10.9716,-25.6751,-14.7035,0,0,12,40,0
57,49,628,12,2,-107.34,-121.335,-11.0043,-24.9994,-13.9951,0,0,12,40,0
57,50,640,12,2,-108.137,-121.5,-11.0385,-24.4024,-13.3638,0,0,12,40,0
57,51,652,12,2,-108.867,-121.663,-11.0741,-23.8701,-12.796,0,0,12,40,0
57,52,664,12,2,-109.54,-121.822,-11.1108,-23.3926,-12.2818,0,0,12,40,0
57,53,676,12,2,-110.165,-121.978,-11.1485,-22.9615,-11.813,0,0,12,40,0
57,54,688,12,2,-110.749,-122.132,-11.1871,-22.5705,-11.3835,0,0,12,40,0
57,55,700,12,2,-111.295,-122.283,-11.2264,-22.2141,-10.9877,0,0,12,40,0
57,56,712,12,2,-111.809,-122.431,-11.2664,-21.8883,-10.6219,0,0,12,40,0
57,57,724,12,2,-112.295,-122.577,-11.3069,-21.589,-10.2821,0,0,12,40,0
57,58,736,12,2,-112.755,-122.721,-11.3479,-21.3137,-9.96575,0,0,12,40,0
58,1,62,12,1,-100.839,-118.328,-10.8784,-28.3679,-17.4896,0,0,12,50,0
58,2,74,12,1,-102.435,-118.089,-10.9224,-26.5765,-15.6541,0,0,12,50,0
58,3,86,12,1,-103.786,-117.843,-10.9781,-25.0352,-14.0571,0,0,12,50,0
58,4,98,12,1,-104.957,-117.59,-11.0468,-23.6802,-12.6334,0,0,12,50,0
58,5,110,12,1,-105.989,-117.329,-11.13,-22.4703,-11.3403,0,0,12,50,0
58,6,122,12,1,-106.912,-117.06,-11.2293,-21.3775,-10.1482,0,0,12,50,0
58,7,134,12,1,-107.747,-116.783,-11.3462,-20.3822,-9.03598,0,0,12,50,0
58,8,146,12,1,-108.509,-116.497,-11.4826,-19.4702,-7.98757,0,0,12,50,0
58,9,158,12,1,-109.21,-116.2,-11.6404,-18.631,-6.99066,0,0,12,50,0
58,10,170,12,1,-109.858,-115.894,-11.8214,-17.8569,-6.03547,0,0,12,50,0
58,11,182,12,1,-110.462,-115.576,-12.0276,-17.1416,-5.11401,0,0,12,50,0
58,12,194,12,1,-111.026,-115.246,-12.2609,-16.4805,-4.21962,0,0,12,50,0
58,13,206,12,1,-111.556,-114.903,-12.5234,-15.87,-3.34658,0,0,12,50,0
58,14,218,12,1,-112.055,-114.545,-12.8171,-15.307,-2.48988,0,0,12,50,0
58,15,230,12,1,-112.528,-114.173,-13.1438,-14.7888,-1.645,0,0,12,50,0
58,16,242,12,1,-112.976,-113.784,-13.5055,-14.3133,-0.8078,0,0,12,50,0
58,17,254,12,1,-113.402,-113.376,-13.9041,-13.8784,0.0256812,0,0,12,50,0
58,18,266,12,1,-113.808,-112.949,-14.3414,-13.4821,0.859281,0,0,12,50,1
58,19,278,12,2,-112.499,-114.196,-13.1226,-14.8195,-1.69684,1,2,12,50,0
58,20,290,12,2,-112.025,-114.568,-12.798,-15.3404,-2.54247,0,0,12,50,0
58,21,302,12,2,-111.524,-114.924,-12.5063,-15.9064,-3.40013,0,0,12,50,0
58,22,314,12,2,-110.992,-115.266,-12.2457,-16.5199,-4.27427,0,0,12,50,0
58,23,326,12,2,-110.425,-115.596,-12.014,-17.1843,-5.17026,0,0,12,50,0
58,24,338,12,2,-109.819,-115.913,-11.8095,-17.903,-6.09351,0,0,12,50,0
58,25,350,12,2,-109.168,-116.219,-11.63,-18.6811,-7.05115,0,0,12,50,0
58,26,362,12,2,-108.464,-116.515,-11.4736,-19.5244,-8.05084,0,0,12,50,0
58,27,374,12,2,-107.698,-116.8,-11.3384,-20.4414,-9.10295,0,0,12,50,0
58,28,386,12,2,-106.858,-117.077,-11.2226,-21.4421,-10.2195,0,0,12,50,0
58,29,398,12,2,-105.928,-117.346,-11.1244,-22.5417,-11.4173,0,0,12,50,0
58,30,410,12,2,-104.888,-117.606,-11.0422,-23.7595,-12.7174,0,0,12,50,0
58,31,422,12,2,-103.708,-117.858,-10.9743,-25.1249,-14.1506,0,0,12,50,0
58,32,434,12,2,-102.344,-118.104,-10.9194,-26.6794,-15.76,0,0,12,50,0
58,33,446,12,2,-100.729,-118.343,-10.876,-28.4895,-17.6135,0,0,12,50,0
58,34,458,12,2,-98.7553,-118.575,-10.843,-30.6629,-19.8199,0,0,12,50,0
58,35,470,12,2,-96.2228,-118.802,-10.8192,-33.3979,-22.5788,0,0,12,50,0
58,36,482,12,2,-92.7397,-119.022,-10.8036,-37.086,-26.2824,0,0,12,50,0
58,37,494,12,2,-87.5812,-119.237,-10.7952,-42.4513,-31.656,0,0,12,50,0
58,38,506,12,2,-84.3586,-119.447,-10.7934,-45.882,-35.0886,0,0,12,50,0
58,39,518,12,2,-89.8651,-119.652,-10.7972,-40.5843,-29.7871,0,0,12,50,0
58,40,530,12,2,-94.2712,-119.852,-10.806,-36.3873,-25.5813,0,0,12,50,0
58,41,542,12,2,-97.3107,-120.048,-10.8193,-33.5568,-22.7375,0,0,12,50,0
58,42,554,12,2,-99.5893,-120.24,-10.8365,-31.4868,-20.6504,0,0,12,50,0
58,43,566,12,2,-101.404,-120.427,-10.8571,-29.8799,-19.0228,0,0,12,50,0
58,44,578,12,2,-102.909,-120.61,-10.8807,-28.5818,-17.7011,0,0,12,50,0
58,45,590,12,2,-104.194,-120.79,-10.907,-27.5026,-16.5955,0,0,12,50,0
58,46,602,12,2,-105.315,-120.966,-10.9357,-26.5867,-15.651,0,0,12,50,0
58,47,614,12,2,-106.308,-121.138,-10.9663,-25.7964,-14.8301,0,0,12,50,0
58,48,626,12,2,-107.2,-121.307,-10.9988,-25.1063,-14.1075,0,0,12,50,0
58,49,638,12,2,-108.009,-121.473,-11.0327,-24.497,-13.4642,0,0,12,50,0
58,50,650,12,2,-108.749,-121.636,-11.0681,-23.9548,-12.8868,0,0,12,50,0
58,51,662,12,2,-109.432,-121.796,-11.1046,-23.4687,-12.3641,0,0,12,50,0
58,52,674,12,2,-110.064,-121.952,-11.1422,-23.0305,-11.8883,0,0,12,50,0
58,53,686,12,2,-110.654,-122.107,-11.1806,-22.6331,-11.4525,0,0,12,50,0
58,54,698,12,2,-111.206,-122.258,-11.2198,-22.2714,-11.0516,0,0,12,50,0
58,55,710,12,2,-111.726,-122.407,-11.2597,-21.9406,-10.6809,0,0,12,50,0
58,56,722,12,2,-112.216,-122.553,-11.3001,-21.6372,-10.3371,0,0,12,50,0
58,57,734,12,2,-112.68,-122.697,-11.3411,-21.358,-10.0169,0,0,12,50,0
58,58,746,12,2,-113.12,-122.838,-11.3824,-21.1004,-9.71802,0,0,12,50,0
59,1,72,12,1,-102.188,-118.129,-10.9143,-26.8555,-15.9412,0,0,12,60,0
59,2,84,12,1,-103.575,-117.885,-10.968,-25.2778,-14.3098,0,0,12,60,0
59,3,96,12,1,-104.772,-117.633,-11.0344,-23.8951,-12.8607,0,0,12,60,0
59,4,108,12,1,-105.825,-117.373,-11.1151,-22.6632,-11.5481,0,0,12,60,0
59,5,120,12,1,-106.765,-117.106,-11.2115,-21.5524,-10.3409,0,0,12,60,0
59,6,132,12,1,-107.613,-116.83,-11.3254,-20.542,-9.21655,0,0,12,60,0
59,7,144,12,1,-108.387,-116.545,-11.4585,-19.6169,-8.15843,0,0,12,60,0
59,8,156,12,1,-109.097,-116.25,-11.6125,-18.7662,-7.15367,0,0,12,60,0
59,9,168,12,1,-109.753,-115.945,-11.7895,-17.9816,-6.19213,0,0,12,60,0
59,10,180,12,1,-110.364,-115.629,-11.9914,-17.2569,-5.26554,0,0,12,60,0
59,11,192,12,1,-110.934,-115.301,-12.2201,-16.5871,-4.36706,0,0,12,60,0
59,12,204,12,1,-111.47,-114.961,-12.4776,-15.9684,-3.49082,0,0,12,60,0
59,13,216,12,1,-111.974,-114.606,-12.7659,-15.3976,-2.63172,0,0,12,60,0
59,14,228,12,1,-112.451,-114.236,-13.087,-14.8721,-1.78518,0,0,12,60,0
59,15,240,12,1,-112.903,-113.85,-13.4427,-14.3897,-0.946971,0,0,12,60,0
59,16,252,12,1,-113.332,-113.446,-13.835,-13.9481,-0.113137,0,0,12,60,0
59,17,264,12,1,-113.742,-113.022,-14.2657,-13.5456,0.720177,0,0,12,60,0
59,18,276,12,1,-114.133,-112.576,-14.7369,-13.1801,1.55681,0,0,12,60,1
59,19,288,12,2,-112.106,-114.507,-12.8497,-15.2506,-2.40091,1,2,12,60,0
59,20,300,12,2,-111.61,-114.866,-12.5527,-15.8088,-3.25609,0,0,12,60,0
59,21,312,12,2,-111.083,-115.21,-12.287,-16.4143,-4.12729,0,0,12,60,0
59,22,324,12,2,-110.522,-115.542,-12.0507,-17.0698,-5.01911,0,0,12,60,0
59,23,336,12,2,-109.923,-115.861,-11.8418,-17.7793,-5.93754,0,0,12,60,0
59,24,348,12,2,-109.28,-116.169,-11.6582,-18.547,-6.88875,0,0,12,60,0
59,25,360,12,2,-108.585,-116.466,-11.4981,-19.3791,-7.88099,0,0,12,60,0
59,26,372,12,2,-107.83,-116.753,-11.3596,-20.2829,-8.92337,0,0,12,60,0
59,27,384,12,2,-107.003,-117.032,-11.2406,-21.269,-10.0284,0,0,12,60,0
59,28,396,12,2,-106.09,-117.301,-11.1396,-22.3507,-11.2111,0,0,12,60,0
59,29,408,12,2,-105.07,-117.563,-11.0548,-23.5474,-12.4926,0,0,12,60,0
59,30,420,12,2,-103.916,-117.817,-10.9847,-24.8854,-13.9007,0,0,12,60,0
59,31,432,12,2,-102.586,-118.064,-10.9277,-26.405,-15.4773,0,0,12,60,0
59,32,444,12,2,-101.02,-118.303,-10.8825,-28.1659,-17.2834,0,0,12,60,0
59,33,456,12,2,-99.1157,-118.537,-10.8478,-30.269,-19.4212,0,0,12,60,0
59,34,468,12,2,-96.6971,-118.764,-10.8225,-32.8896,-22.0671,0,0,12,60,0
59,35,480,12,2,-93.4129,-118.986,-10.8056,-36.3785,-25.5729,0,0,12,60,0
59,36,492,12,2,-88.5783,-119.202,-10.7962,-41.4196,-30.6235,0,0,12,60,0
59,37,504,12,2,-84.0512,-119.413,-10.7933,-46.1546,-35.3613,0,0,12,60,0
59,38,516,12,2,-88.9388,-119.618,-10.7962,-41.4757,-30.6796,0,0,12,60,0
59,39,528,12,2,-93.6548,-119.819,-10.8042,-36.9688,-26.1646,0,0,12,60,0
59,40,540,12,2,-96.8681,-120.016,-10.8168,-33.9646,-23.1478,0,0,12,60,0
59,41,552,12,2,-99.2475,-120.208,-10.8334,-31.7938,-20.9605,0,0,12,60,0
59,42,564,12,2,-101.126,-120.396,-10.8534,-30.1233,-19.2699,0,0,12,60,0
59,43,576,12,2,-102.676,-120.58,-10.8766,-28.781,-17.9043,0,0,12,60,0
59,44,588,12,2,-103.993,-120.76,-10.9025,-27.67,-16.7675,0,0,12,60,0
59,45,600,12,2,-105.138,-120.937,-10.9308,-26.7296,-15.7989,0,0,12,60,0
59,46,612,12,2,-106.15,-121.11,-10.9611,-25.9207,-14.9596,0,0,12,60,0
59,47,624,12,2,-107.057,-121.279,-10.9932,-25.2151,-14.2219,0,0,12,60,0
59,48,636,12,2,-107.879,-121.446,-11.027,-24.5936,-13.5666,0,0,12,60,0
59,49,648,12,2,-108.63,-121.609,-11.0621,-24.041,-12.9789,0,0,12,60,0
59,50,660,12,2,-109.321,-121.769,-11.0984,-23.5463,-12.4478,0,0,12,60,0
59,51,672,12,2,-109.962,-121.927,-11.1358,-23.1005,-11.9646,0,0,12,60,0
59,52,684,12,2,-110.558,-122.081,-11.1741,-22.6968,-11.5227,0,0,12,60,0
59,53,696,12,2,-111.117,-122.233,-11.2132,-22.3293,-11.1161,0,0,12,60,0
59,54,708,12,2,-111.641,-122.382,-11.253,-21.9938,-10.7408,0,0,12,60,0
59,55,720,12,2,-112.136,-122.529,-11.2933,-21.686,-10.3926,0,0,12,60,0
59,56,732,12,2,-112.604,-122.673,-11.3342,-21.403,-10.0688,0,0,12,60,0
59,57,744,12,2,-113.049,-122.815,-11.3755,-21.1419,-9.76642,0,0,12,60,0
59,58,756,12,2,-113.471,-122.955,-11.4171,-20.9006,-9.48346,0,0,12,60,0
60,1,82,12,1,-103.358,-117.926,-10.9582,-25.5257,-14.5676,0,0,12,70,0
60,2,94,12,1,-104.584,-117.675,-11.0224,-24.1141,-13.0917,0,0,12,70,0
60,3,106,12,1,-105.658,-117.417,-11.1006,-22.8594,-11.7588,0,0,12,70,0
60,4,118,12,1,-106.615,-117.151,-11.1943,-21.7301,-10.5358,0,0,12,70,0
60,5,130,12,1,-107.478,-116.877,-11.3051,-20.7041,-9.39894,0,0,12,70,0
60,6,142,12,1,-108.262,-116.593,-11.4349,-19.7656,-8.33077,0,0,12,70,0
60,7,154,12,1,-108.982,-116.3,-11.5853,-18.9032,-7.31788,0,0,12,70,0
60,8,166,12,1,-109.647,-115.997,-11.7584,-18.1081,-6.34975,0,0,12,70,0
60,9,178,12,1,-110.265,-115.683,-11.9559,-17.3738,-5.41785,0,0,12,70,0
60,10,190,12,1,-110.842,-115.357,-12.18,-16.6951,-4.51511,0,0,12,70,0
60,11,202,12,1,-111.383,-115.018,-12.4326,-16.0681,-3.63554,0,0,12,70,0
60,12,214,12,1,-111.892,-114.666,-12.7156,-15.4895,-2.77392,0,0,12,70,0
60,13,226,12,1,-112.373,-114.299,-13.0311,-14.9567,-1.92558,0,0,12,70,0
60,14,238,12,1,-112.829,-113.915,-13.3809,-14.4672,-1.08626,0,0,12,70,0
60,15,250,12,1,-113.262,-113.514,-13.767,-14.019,-0.25197,0,0,12,70,0
60,16,262,12,1,-113.675,-113.094,-14.1912,-13.61,0.581165,0,0,12,70,0
60,17,274,12,1,-114.069,-112.652,-14.6555,-13.2385,1.41697,0,0,12,70,1
60,18,286,12,2,-112.186,-114.446,-12.9024,-15.1619,-2.25951,1,2,12,70,0
60,19,298,12,2,-111.694,-114.807,-12.6,-15.7126,-3.11265,0,0,12,70,0
60,20,310,12,2,-111.173,-115.154,-12.3292,-16.3099,-3.98071,0,0,12,70,0
60,21,322,12,2,-110.618,-115.487,-12.0881,-16.957,-4.86888,0,0,12,70,0
60,22,334,12,2,-110.026,-115.808,-11.8748,-17.6571,-5.78228,0,0,12,70,0
60,23,346,12,2,-109.39,-116.118,-11.6871,-18.4148,-6.7277,0,0,12,70,0
60,24,358,12,2,-108.705,-116.417,-11.5233,-19.2356,-7.71231,0,0,12,70,0
60,25,370,12,2,-107.96,-116.706,-11.3812,-20.127,-8.74578,0,0,12,70,0
60,26,382,12,2,-107.147,-116.986,-11.2592,-21.0984,-9.83918,0,0,12,70,0
60,27,394,12,2,-106.249,-117.257,-11.1553,-22.1632,-11.0079,0,0,12,70,0
60,28,406,12,2,-105.249,-117.52,-11.0679,-23.3388,-12.2709,0,0,12,70,0
60,29,418,12,2,-104.119,-117.775,-10.9954,-24.6513,-13.6559,0,0,12,70,0
60,30,430,12,2,-102.823,-118.023,-10.9363,-26.1367,-15.2004,0,0,12,70,0
60,31,442,12,2,-101.301,-118.264,-10.8892,-27.8523,-16.9631,0,0,12,70,0
60,32,454,12,2,-99.463,-118.498,-10.8529,-29.8883,-19.0354,0,0,12,70,0
60,33,466,12,2,-97.1471,-118.727,-10.8261,-32.4058,-21.5796,0,0,12,70,0
60,34,478,12,2,-94.0453,-118.949,-10.8079,-35.7119,-24.904,0,0,12,70,0
60,35,490,12,2,-89.5242,-119.166,-10.7973,-40.4392,-29.642,0,0,12,70,0
60,36,502,12,2,-84.1932,-119.378,-10.7933,-45.9779,-35.1846,0,0,12,70,0
60,37,514,12,2,-87.9594,-119.584,-10.7953,-42.4203,-31.625,0,0,12,70,0
60,38,526,12,2,-92.9969,-119.786,-10.8025,-37.5918,-26.7893,0,0,12,70,0
60,39,538,12,2,-96.4035,-119.983,-10.8144,-34.3943,-23.5799,0,0,12,70,0
60,40,550,12,2,-98.8918,-120.176,-10.8303,-32.1148,-21.2844,0,0,12,70,0
60,41,562,12,2,-100.839,-120.365,-10.8499,-30.3754,-19.5255,0,0,12,70,0
60,42,574,12,2,-102.435,-120.55,-10.8726,-28.9867,-18.1142,0,0,12,70,0
60,43,586,12,2,-103.787,-120.73,-10.898,-27.8419,-16.9439,0,0,12,70,0
60,44,598,12,2,-104.957,-120.908,-10.9259,-26.8765,-15.9506,0,0,12,70,0
60,45,610,12,2,-105.989,-121.081,-10.9559,-26.0476,-15.0917,0,0,12,70,0
60,46,622,12,2,-106.913,-121.251,-10.9878,-25.3265,-14.3388,0,0,12,70,0
60,47,634,12,2,-107.747,-121.418,-11.0213,-24.692,-13.6707,0,0,12,70,0
60,48,646,12,2,-108.509,-121.582,-11.0562,-24.1289,-13.0727,0,0,12,70,0
60,49,658,12,2,-109.21,-121.743,-11.0923,-23.6251,-12.5327,0,0,12,70,0
60,50,670,12,2,-109.858,-121.901,-11.1295,-23.1717,-12.0422,0,0,12,70,0
60,51,682,12,2,-110.462,-122.056,-11.1677,-22.7613,-11.5936,0,0,12,70,0
60,52,694,12,2,-111.026,-122.208,-11.2067,-22.3883,-11.1817,0,0,12,70,0
60,53,706,12,2,-111.556,-122.357,-11.2463,-22.0476,-10.8013,0,0,12,70,0
60,54,718,12,2,-112.056,-122.505,-11.2866,-21.7355,-10.4489,0,0,12,70,0
60,55,730,12,2,-112.528,-122.649,-11.3274,-21.4485,-10.1212,0,0,12,70,0
60,56,742,12,2,-112.976,-122.792,-11.3686,-21.184,-9.81547,0,0,12,70,0
60,57,754,12,2,-113.402,-122.932,-11.4102,-20.9395,-9.52932,0,0,12,70,0
60,58,766,12,2,-113.808,-123.069,-11.4521,-20.713,-9.26097,0,0,12,70,0
61,1,92,12,1,-104.391,-117.717,-11.0108,-24.3374,-13.3266,0,0,12,80,0
61,2,104,12,1,-105.488,-117.461,-11.0865,-23.0591,-11.9726,0,0,12,80,0
61,3,116,12,1,-106.463,-117.196,-11.1775,-21.9106,-10.7331,0,0,12,80,0
61,4,128,12,1,-107.34,-116.923,-11.2854,-20.8686,-9.58323,0,0,12,80,0
61,5,140,12,1,-108.136,-116.641,-11.4119,-19.9165,-8.50464,0,0,12,80,0
61,6,152,12,1,-108.866,-116.35,-11.5587,-19.0421,-7.48333,0,0,12,80,0
61,7,164,12,1,-109.54,-116.048,-11.7279,-18.2362,-6.50838,0,0,12,80,0
61,8,176,12,1,-110.165,-115.736,-11.9212,-17.4922,-5.57096,0,0,12,80,0
61,9,188,12,1,-110.748,-115.412,-12.1407,-16.8045,-4.66381,0,0,12,80,0
61,10,200,12,1,-111.295,-115.076,-12.3884,-16.1692,-3.78076,0,0,12,80,0
61,11,212,12,1,-111.809,-114.726,-12.6662,-15.5827,-2.91648,0,0,12,80,0
61,12,224,12,1,-112.295,-114.361,-12.9762,-15.0424,-2.06623,0,0,12,80,0
61,13,236,12,1,-112.755,-113.981,-13.3201,-14.5458,-1.22569,0,0,12,80,0
61,14,248,12,1,-113.192,-113.582,-13.7,-14.0909,-0.390835,0,0,12,80,0
61,15,260,12,1,-113.608,-113.165,-14.1178,-13.6755,0.442227,0,0,12,80,0
61,16,272,12,1,-114.004,-112.727,-14.5752,-13.2979,1.27732,0,0,12,80,1
61,17,284,12,2,-112.266,-114.384,-12.956,-15.0746,-2.11855,1,2,12,80,0
61,18,296,12,2,-111.778,-114.748,-12.6482,-15.6176,-2.96947,0,0,12,80,0
61,19,308,12,2,-111.262,-115.097,-12.3722,-16.2071,-3.83486,0,0,12,80,0
61,20,320,12,2,-110.713,-115.432,-12.1264,-16.8455,-4.71916,0,0,12,80,0
61,21,332,12,2,-110.128,-115.756,-11.9085,-17.5366,-5.62811,0,0,12,80,0
61,22,344,12,2,-109.5,-116.067,-11.7167,-18.2842,-6.56753,0,0,12,80,0
61,23,356,12,2,-108.823,-116.368,-11.549,-19.0942,-7.5452,0,0,12,80,0
61,24,368,12,2,-108.089,-116.659,-11.4035,-19.9731,-8.56959,0,0,12,80,0
61,25,380,12,2,-107.288,-116.94,-11.2782,-20.9305,-9.65231,0,0,12,80,0
61,26,392,12,2,-106.405,-117.212,-11.1714,-21.9784,-10.807,0,0,12,80,0
61,27,404,12,2,-105.424,-117.477,-11.0814,-23.1343,-12.053,0,0,12,80,0
61,28,416,12,2,-104.318,-117.733,-11.0065,-24.4215,-13.415,0,0,12,80,0
61,29,428,12,2,-103.052,-117.982,-10.9453,-25.8752,-14.9299,0,0,12,80,0
61,30,440,12,2,-101.574,-118.224,-10.8963,-27.5469,-16.6506,0,0,12,80,0
61,31,452,12,2,-99.7966,-118.46,-10.8583,-29.5215,-18.6632,0,0,12,80,0
61,32,464,12,2,-97.5771,-118.689,-10.83,-31.942,-21.1121,0,0,12,80,0
61,33,476,12,2,-94.6375,-118.913,-10.8104,-35.0854,-24.275,0,0,12,80,0
61,34,488,12,2,-90.4149,-119.13,-10.7986,-39.514,-28.7155,0,0,12,80,0
61,35,500,12,2,-84.7492,-119.343,-10.7936,-45.3873,-34.5937,0,0,12,80,0
61,36,512,12,2,-86.9459,-119.55,-10.7946,-43.399,-32.6044,0,0,12,80,0
61,37,524,12,2,-92.2939,-119.753,-10.801,-38.2599,-27.459,0,0,12,80,0
61,38,536,12,2,-95.9139,-119.951,-10.8121,-34.8491,-24.037,0,0,12,80,0
61,39,548,12,2,-98.5219,-120.144,-10.8274,-32.45,-21.6226,0,0,12,80,0
61,40,560,12,2,-100.543,-120.334,-10.8464,-30.6373,-19.7909,0,0,12,80,0
61,41,572,12,2,-102.189,-120.519,-10.8686,-29.1989,-18.3303,0,0,12,80,0
61,42,584,12,2,-103.575,-120.701,-10.8936,-28.0189,-17.1253,0,0,12,80,0
61,43,596,12,2,-104.773,-120.878,-10.9211,-27.0268,-16.1057,0,0,12,80,0
61,44,608,12,2,-105.825,-121.052,-10.9508,-26.1777,-15.2269,0,0,12,80,0
61,45,620,12,2,-106.765,-121.223,-10.9823,-25.4401,-14.4578,0,0,12,80,0
61,46,632,12,2,-107.614,-121.391,-11.0156,-24.7925,-13.7769,0,0,12,80,0
61,47,644,12,2,-108.387,-121.555,-11.0503,-24.2182,-13.168,0,0,12,80,0
61,48,656,12,2,-109.097,-121.716,-11.0862,-23.7054,-12.6192,0,0,12,80,0
61,49,668,12,2,-109.754,-121.874,-11.1233,-23.2441,-12.1208,0,0,12,80,0
61,50,680,12,2,-110.364,-122.03,-11.1613,-22.8271,-11.6658,0,0,12,80,0
61,51,692,12,2,-110.935,-122.183,-11.2001,-22.4481,-11.2479,0,0,12,80,0
61,52,704,12,2,-111.47,-122.333,-11.2397,-22.1024,-10.8627,0,0,12,80,0
61,53,716,12,2,-111.974,-122.48,-11.2798,-21.7857,-10.5058,0,0,12,80,0
61,54,728,12,2,-112.451,-122.625,-11.3205,-21.4948,-10.1742,0,0,12,80,0
61,55,740,12,2,-112.903,-122.768,-11.3617,-21.2266,-9.86494,0,0,12,80,0
61,56,752,12,2,-113.333,-122.908,-11.4032,-20.979,-9.57578,0,0,12,80,0
61,57,764,12,2,-113.742,-123.047,-11.4451,-20.7496,-9.3045,0,0,12,80,0
61,58,776,12,2,-114.133,-123.183,-11.4872,-20.5368,-9.04957,0,0,12,80,0
62,1,102,12,1,-105.314,-117.504,-11.0729,-23.2624,-12.1895,0,0,12,90,0
62,2,114,12,1,-106.308,-117.241,-11.1612,-22.0941,-10.9329,0,0,12,90,0
62,3,126,12,1,-107.2,-116.969,-11.2662,-21.0357,-9.7695,0,0,12,90,0
62,4,138,12,1,-108.009,-116.689,-11.3894,-20.0695,-8.68009,0,0,12,90,0
62,5,150,12,1,-108.749,-116.399,-11.5328,-19.1828,-7.65007,0,0,12,90,0
62,6,162,12,1,-109.431,-116.099,-11.698,-18.3661,-6.66805,0,0,12,90,0
62,7,174,12,1,-110.064,-115.789,-11.8872,-17.6121,-5.72492,0,0,12,90,0
62,8,186,12,1,-110.654,-115.467,-12.1022,-16.9154,-4.81317,0,0,12,90,0
62,9,198,12,1,-111.206,-115.133,-12.3451,-16.2716,-3.92649,0,0,12,90,0
62,10,210,12,1,-111.726,-114.785,-12.6178,-15.6772,-3.05943,0,0,12,90,0
62,11,222,12,1,-112.216,-114.423,-12.9222,-15.1294,-2.20715,0,0,12,90,0
62,12,234,12,1,-112.68,-114.045,-13.2604,-14.6257,-1.36528,0,0,12,90,0
62,13,246,12,1,-113.12,-113.65,-13.6341,-14.1639,-0.52975,0,0,12,90,0
62,14,258,12,1,-113.54,-113.236,-14.0454,-13.7421,0.303346,0,0,12,90,0
62,15,270,12,1,-113.94,-112.802,-14.4961,-13.3583,1.13784,0,0,12,90,1
62,16,282,12,2,-112.343,-114.322,-13.0103,-14.9888,-1.97849,1,2,12,90,0
62,17,294,12,2,-111.861,-114.688,-12.6972,-15.524,-2.82685,0,0,12,90,0
62,18,306,12,2,-111.35,-115.04,-12.4161,-16.1055,-3.68937,0,0,12,90,0
62,19,318,12,2,-110.807,-115.377,-12.1653,-16.7356,-4.57031,0,0,12,90,0
62,20,330,12,2,-110.228,-115.703,-11.943,-17.4175,-5.47459,0,0,12,90,0
62,21,342,12,2,-109.607,-116.016,-11.7469,-18.1556,-6.40862,0,0,12,90,0
62,22,354,12,2,-108.939,-116.319,-11.5754,-18.9545,-7.37916,0,0,12,90,0
62,23,366,12,2,-108.216,-116.611,-11.4263,-19.8215,-8.39527,0,0,12,90,0
62,24,378,12,2,-107.427,-116.894,-11.2978,-20.7649,-9.46715,0,0,12,90,0
62,25,390,12,2,-106.559,-117.168,-11.188,-21.7969,-10.6089,0,0,12,90,0
62,26,402,12,2,-105.595,-117.433,-11.0953,-22.9332,-11.8379,0,0,12,90,0
62,27,414,12,2,-104.512,-117.691,-11.018,-24.1967,-13.1787,0,0,12,90,0
62,28,426,12,2,-103.276,-117.941,-10.9546,-25.6193,-14.6646,0,0,12,90,0
62,29,438,12,2,-101.838,-118.184,-10.9037,-27.2503,-16.3467,0,0,12,90,0
62,30,450,12,2,-100.119,-118.421,-10.8639,-29.166,-18.3021,0,0,12,90,0
62,31,462,12,2,-97.9866,-118.651,-10.8341,-31.4988,-20.6647,0,0,12,90,0
62,32,474,12,2,-95.1968,-118.876,-10.8131,-34.492,-23.6789,0,0,12,90,0
62,33,486,12,2,-91.2436,-119.094,-10.8,-38.6509,-27.8508,0,0,12,90,0
62,34,498,12,2,-85.5878,-119.308,-10.794,-44.514,-33.72,0,0,12,90,0
62,35,510,12,2,-85.9442,-119.516,-10.794,-44.3659,-33.5719,0,0,12,90,0
62,36,522,12,2,-91.5403,-119.719,-10.7996,-38.9787,-28.1792,0,0,12,90,0
62,37,534,12,2,-95.3976,-119.918,-10.81,-35.3306,-24.5206,0,0,12,90,0
62,38,546,12,2,-98.1357,-120.112,-10.8246,-32.8014,-21.9768,0,0,12,90,0
62,39,558,12,2,-100.236,-120.303,-10.843,-30.9091,-20.0661,0,0,12,90,0
62,40,570,12,2,-101.935,-120.488,-10.8647,-29.4184,-18.5537,0,0,12,90,0
62,41,582,12,2,-103.359,-120.671,-10.8892,-28.2009,-17.3117,0,0,12,90,0
62,42,594,12,2,-104.584,-120.849,-10.9163,-27.1813,-16.265,0,0,12,90,0
62,43,606,12,2,-105.659,-121.024,-10.9457,-26.3106,-15.365,0,0,12,90,0
62,44,618,12,2,-106.615,-121.195,-10.9769,-25.5564,-14.5794,0,0,12,90,0
62,45,630,12,2,-107.478,-121.363,-11.0099,-24.8949,-13.8849,0,0,12,90,0
62,46,642,12,2,-108.263,-121.528,-11.0444,-24.3095,-13.2651,0,0,12,90,0
62,47,654,12,2,-108.983,-121.689,-11.0801,-23.787,-12.7068,0,0,12,90,0
62,48,666,12,2,-109.647,-121.848,-11.117,-23.3178,-12.2007,0,0,12,90,0
62,49,678,12,2,-110.265,-122.004,-11.1549,-22.8937,-11.7388,0,0,12,90,0
62,50,690,12,2,-110.842,-122.157,-11.1936,-22.5089,-11.3153,0,0,12,90,0
62,51,702,12,2,-111.383,-122.308,-11.233,-22.1578,-10.9248,0,0,12,90,0
62,52,714,12,2,-111.892,-122.456,-11.2731,-21.8366,-10.5635,0,0,12,90,0
62,53,726,12,2,-112.373,-122.601,-11.3137,-21.5416,-10.2278,0,0,12,90,0
62,54,738,12,2,-112.829,-122.744,-11.3548,-21.2699,-9.91509,0,0,12,90,0
62,55,750,12,2,-113.263,-122.885,-11.3963,-21.0189,-9.62263,0,0,12,90,0
62,56,762,12,2,-113.675,-123.024,-11.4381,-20.7867,-9.34858,0,0,12,90,0
62,57,774,12,2,-114.069,-123.16,-11.4802,-20.5711,-9.09096,0,0,12,90,0
62,58,786,12,2,-114.446,-123.294,-11.5225,-20.3709,-8.8484,0,0,12,90,0
63,1,112,12,1,-106.15,-117.285,-11.1454,-22.2806,-11.1352,0,0,12,100,0
63,2,124,12,1,-107.057,-117.015,-11.2475,-21.2053,-9.9578,0,0,12,100,0
63,3,136,12,1,-107.879,-116.736,-11.3675,-20.2247,-8.85718,0,0,12,100,0
63,4,148,12,1,-108.63,-116.448,-11.5074,-19.3255,-7.81813,0,0,12,100,0
63,5,160,12,1,-109.321,-116.15,-11.6689,-18.4977,-6.8288,0,0,12,100,0
63,6,172,12,1,-109.962,-115.841,-11.8539,-17.7337,-5.87974,0,0,12,100,0
63,7,184,12,1,-110.558,-115.521,-12.0645,-17.0278,-4.96323,0,0,12,100,0
63,8,196,12,1,-111.117,-115.189,-12.3026,-16.3754,-4.07277,0,0,12,100,0
63,9,208,12,1,-111.641,-114.844,-12.5702,-15.773,-3.20279,0,0,12,100,0
63,10,220,12,1,-112.136,-114.484,-12.8692,-15.2175,-2.34836,0,0,12,100,0
63,11,232,12,1,-112.604,-114.109,-13.2016,-14.7066,-1.50505,0,0,12,100,0
63,12,244,12,1,-113.048,-113.717,-13.5693,-14.238,-0.668733,0,0,12,100,0
63,13,256,12,1,-113.471,-113.307,-13.9742,-13.8097,0.164503,0,0,12,100,0
63,14,268,12,1,-113.874,-112.876,-14.4182,-13.4197,0.998494,0,0,12,100,1
63,15,280,12,2,-112.421,-114.259,-13.0656,-14.9041,-1.83844,1,2,12,100,0
63,16,292,12,2,-111.944,-114.628,-12.7471,-15.4316,-2.68444,0,0,12,100,0
63,17,304,12,2,-111.438,-114.982,-12.4608,-16.0053,-3.54455,0,0,12,100,0
63,18,316,12,2,-110.9,-115.322,-12.2051,-16.627,-4.42193,0,0,12,100,0
63,19,328,12,2,-110.327,-115.649,-11.9781,-17.3002,-5.32208,0,0,12,100,0
63,20,340,12,2,-109.714,-115.965,-11.7779,-18.0284,-6.25052,0,0,12,100,0
63,21,352,12,2,-109.054,-116.269,-11.6023,-18.8169,-7.21461,0,0,12,100,0
63,22,364,12,2,-108.341,-116.563,-11.4496,-19.6719,-8.22224,0,0,12,100,0
63,23,376,12,2,-107.563,-116.847,-11.3178,-20.602,-9.28419,0,0,12,100,0
63,24,388,12,2,-106.71,-117.123,-11.2051,-21.6181,-10.413,0,0,12,100,0
63,25,400,12,2,-105.763,-117.389,-11.1096,-22.7358,-11.6262,0,0,12,100,0
63,26,412,12,2,-104.702,-117.648,-11.0299,-23.9759,-12.946,0,0,12,100,0
63,27,424,12,2,-103.495,-117.9,-10.9643,-25.3695,-14.4052,0,0,12,100,0
63,28,436,12,2,-102.095,-118.144,-10.9114,-26.961,-16.0497,0,0,12,100,0
63,29,448,12,2,-100.429,-118.382,-10.8698,-28.8226,-17.9528,0,0,12,100,0
63,30,460,12,2,-98.3794,-118.613,-10.8384,-31.0724,-20.234,0,0,12,100,0
63,31,472,12,2,-95.7235,-118.839,-10.816,-33.9312,-23.1152,0,0,12,100,0
63,32,484,12,2,-92.0183,-119.058,-10.8017,-37.8417,-27.04,0,0,12,100,0
63,33,496,12,2,-86.5651,-119.273,-10.7945,-43.502,-32.7075,0,0,12,100,0
63,34,508,12,2,-85.0378,-119.482,-10.7936,-45.2375,-34.4439,0,0,12,100,0
63,35,520,12,2,-90.732,-119.686,-10.7983,-39.7522,-28.9538,0,0,12,100,0
63,36,532,12,2,-94.8509,-119.885,-10.8079,-35.8424,-25.0345,0,0,12,100,0
63,37,544,12,2,-97.7327,-120.08,-10.8219,-33.1696,-22.3477,0,0,12,100,0
63,38,556,12,2,-99.9186,-120.271,-10.8397,-31.1922,-20.3525,0,0,12,100,0
63,39,568,12,2,-101.674,-120.458,-10.8608,-29.6451,-18.7843,0,0,12,100,0
63,40,580,12,2,-103.137,-120.64,-10.885,-28.3886,-17.5036,0,0,12,100,0
63,41,592,12,2,-104.391,-120.819,-10.9117,-27.3397,-16.4281,0,0,12,100,0
63,42,604,12,2,-105.488,-120.995,-10.9406,-26.447,-15.5064,0,0,12,100,0
63,43,616,12,2,-106.463,-121.167,-10.9716,-25.675,-14.7034,0,0,12,100,0
63,44,628,12,2,-107.34,-121.335,-11.0043,-24.9995,-13.9952,0,0,12,100,0
63,45,640,12,2,-108.137,-121.5,-11.0386,-24.4023,-13.3637,0,0,12,100,0
63,46,652,12,2,-108.867,-121.663,-11.0741,-23.8702,-12.7961,0,0,12,100,0
63,47,664,12,2,-109.54,-121.822,-11.1108,-23.3926,-12.2818,0,0,12,100,0
63,48,676,12,2,-110.165,-121.978,-11.1485,-22.9616,-11.8131,0,0,12,100,0
63,49,688,12,2,-110.749,-122.132,-11.1871,-22.5705,-11.3834,0,0,12,100,0
63,50,700,12,2,-111.295,-122.283,-11.2264,-22.2142,-10.9878,0,0,12,100,0
63,51,712,12,2,-111.81,-122.431,-11.2664,-21.8882,-10.6218,0,0,12,100,0
63,52,724,12,2,-112.295,-122.577,-11.3069,-21.5891,-10.2822,0,0,12,100,0
63,53,736,12,2,-112.755,-122.721,-11.3479,-21.3136,-9.96569,0,0,12,100,0
63,54,748,12,2,-113.192,-122.862,-11.3893,-21.0594,-9.67009,0,0,12,100,0
63,55,760,12,2,-113.608,-123.001,-11.4311,-20.8241,-9.39302,0,0,12,100,0
63,56,772,12,2,-114.005,-123.137,-11.4731,-20.606,-9.13286,0,0,12,100,0
63,57,784,12,2,-114.384,-123.272,-11.5154,-20.4032,-8.88781,0,0,12,100,0
63,58,796,12,2,-114.748,-123.405,-11.5579,-20.2146,-8.65669,0,0,12,100,0
64,1,34,14,1,-95.2321,-118.873,-10.8133,-34.4544,-23.6411,0,0,14,20,0
64,2,48,14,1,-98.4048,-118.611,-10.8387,-31.0447,-20.206,0,0,14,20,0
64,3,62,14,1,-100.749,-118.34,-10.8764,-28.4671,-17.5907,0,0,14,20,0
64,4,76,14,1,-102.603,-118.061,-10.9283,-26.3864,-15.4582,0,0,14,20,0
64,5,90,14,1,-104.133,-117.772,-10.9962,-24.6354,-13.6392,0,0,14,20,0
64,6,104,14,1,-105.436,-117.474,-11.0823,-23.1204,-12.0381,0,0,14,20,0
64,7,118,14,1,-106.569,-117.165,-11.1892,-21.7845,-10.5954,0,0,14,20,0
64,8,132,14,1,-107.572,-116.844,-11.3192,-20.5909,-9.27165,0,0,14,20,0
64,9,146,14,1,-108.472,-116.511,-11.4752,-19.5144,-8.03919,0,0,14,20,0
64,10,160,14,1,-109.287,-116.165,-11.6602,-18.5379,-6.87771,0,0,14,20,0
64,11,174,14,1,-110.033,-115.805,-11.8771,-17.6488,-5.77172,0,0,14,20,0
64,12,188,14,1,-110.72,-115.429,-12.129,-16.838,-4.70896,0,0,14,20,0
64,13,202,14,1,-111.356,-115.036,-12.4191,-16.0986,-3.67945,0,0,14,20,0
64,14,216,14,1,-111.949,-114.624,-12.7506,-15.4253,-2.67472,0,0,14,20,0
64,15,230,14,1,-112.505,-114.192,-13.1265,-14.8139,-1.6874,0,0,14,20,0
64,16,244,14,1,-113.027,-113.737,-13.5499,-14.2607,-0.710797,0,0,14,20,0
64,17,258,14,1,-113.519,-113.258,-14.0238,-13.7624,0.261345,0,0,14,20,0
64,18,272,14,1,-113.985,-112.75,-14.5512,-13.3161,1.23512,0,0,14,20,1
64,19,286,14,2,-112.21,-114.427,-12.9185,-15.1354,-2.21695,1,2,14,20,0
64,20,300,14,2,-111.635,-114.848,-12.5669,-15.7796,-3.21269,0,0,14,20,0
64,21,314,14,2,-111.019,-115.249,-12.2581,-16.4879,-4.22989,0,0,14,20,0
64,22,328,14,2,-110.357,-115.633,-11.9889,-17.2649,-5.27605,0,0,14,20,0
64,23,342,14,2,-109.64,-116.0,-11.7562,-18.117,-6.36084,0,0,14,20,0
64,24,356,14,2,-108.858,-116.353,-11.5569,-19.0518,-7.49488,0,0,14,20,0
64,25,370,14,2,-107.999,-116.692,-11.3879,-20.0804,-8.69252,0,0,14,20,0
64,26,384,14,2,-107.047,-117.018,-11.2462,-21.2172,-9.97102,0,0,14,20,0
64,27,398,14,2,-105.977,-117.332,-11.1289,-22.4839,-11.3549,0,0,14,20,0
64,28,412,14,2,-104.759,-117.636,-11.0336,-23.9103,-12.8768,0,0,14,20,0
64,29,426,14,2,-103.342,-117.929,-10.9575,-25.5437,-14.5862,0,0,14,20,0
64,30,440,14,2,-101.654,-118.212,-10.8985,-27.4568,-16.5583,0,0,14,20,0
64,31,454,14,2,-99.5639,-118.487,-10.8545,-29.7773,-18.9228,0,0,14,20,0
64,32,468,14,2,-96.8342,-118.753,-10.8236,-32.7423,-21.9187,0,0,14,20,0
64,33,482,14,2,-92.9437,-119.011,-10.8042,-36.8716,-26.0674,0,0,14,20,0
64,34,496,14,2,-86.8683,-119.262,-10.7947,-43.1883,-32.3936,0,0,14,20,0
64,35,510,14,2,-85.6536,-119.506,-10.7939,-44.646,-33.8521,0,0,14,20,0
64,36,524,14,2,-92.0678,-119.743,-10.8005,-38.4755,-27.675,0,0,14,20,0
64,37,538,14,2,-96.2567,-119.974,-10.8137,-34.5306,-23.7169,0,0,14,20,0
64,38,552,14,2,-99.1405,-120.198,-10.8324,-31.8904,-21.0579,0,0,14,20,0
64,39,566,14,2,-101.321,-120.418,-10.856,-29.953,-19.097,0,0,14,20,0
64,40,580,14,2,-103.068,-120.631,-10.8837,-28.4467,-17.563,0,0,14,20,0
64,41,594,14,2,-104.526,-120.84,-10.9149,-27.2289,-16.314,0,0,14,20,0
64,42,608,14,2,-105.775,-121.044,-10.9492,-26.2177,-15.2685,0,0,14,20,0
64,43,622,14,2,-106.868,-121.243,-10.9861,-25.3606,-14.3745,0,0,14,20,0
64,44,636,14,2,-107.839,-121.437,-11.0252,-24.6233,-13.598,0,0,14,20,0
64,45,650,14,2,-108.713,-121.628,-11.0663,-23.9807,-12.9144,0,0,14,20,0
64,46,664,14,2,-109.507,-121.814,-11.1089,-23.4156,-12.3067,0,0,14,20,0
64,47,678,14,2,-110.235,-121.996,-11.153,-22.9141,-11.7612,0,0,14,20,0
64,48,692,14,2,-110.907,-122.175,-11.1981,-22.4664,-11.2683,0,0,14,20,0
64,49,706,14,2,-111.53,-122.35,-11.2443,-22.0641,-10.8198,0,0,14,20,0
64,50,720,14,2,-112.112,-122.522,-11.2913,-21.7009,-10.4097,0,0,14,20,0
64,51,734,14,2,-112.657,-122.69,-11.339,-21.3715,-10.0325,0,0,14,20,0
64,52,748,14,2,-113.17,-122.855,-11.3872,-21.0718,-9.68455,0,0,14,20,0
64,53,762,14,2,-113.655,-123.017,-11.436,-20.7979,-9.36194,0,0,14,20,0
64,54,776,14,2,-114.114,-123.176,-11.4851,-20.5471,-9.06207,0,0,14,20,0
64,55,790,14,2,-114.55,-123.332,-11.5345,-20.3168,-8.78224,0,0,14,20,0
64,56,804,14,2,-114.965,-123.485,-11.5842,-20.1048,-8.52058,0,0,14,20,0
64,57,818,14,2,-115.361,-123.636,-11.6341,-19.9092,-8.27508,0,0,14,20,0
64,58,832,14,2,-115.74,-123.784,-11.6841,-19.7285,-8.04438,0,0,14,20,0
65,1,44,14,1,-97.6047,-118.687,-10.8302,-31.9121,-21.0818,0,0,14,30,0
65,2,58,14,1,-100.14,-118.418,-10.8643,-29.1427,-18.2784,0,0,14,30,0
65,3,72,14,1,-102.112,-118.142,-10.9119,-26.9418,-16.0299,0,0,14,30,0
65,4,86,14,1,-103.722,-117.856,-10.975,-25.1084,-14.1334,0,0,14,30,0
65,5,100,14,1,-105.083,-117.56,-11.0557,-23.533,-12.4772,0,0,14,30,0
65,6,114,14,1,-106.26,-117.254,-11.1564,-22.1504,-10.994,0,0,14,30,0
65,7,128,14,1,-107.297,-116.937,-11.2795,-20.919,-9.6395,0,0,14,30,0
65,8,142,14,1,-108.224,-116.608,-11.4278,-19.8111,-8.3833,0,0,14,30,0
65,9,156,14,1,-109.062,-116.265,-11.6042,-18.8075,-7.2033,0,0,14,30,0
65,10,170,14,1,-109.826,-115.909,-11.8117,-17.8945,-6.08282,0,0,14,30,0
65,11,184,14,1,-110.529,-115.538,-12.0533,-17.0621,-5.00881,0,0,14,30,0
65,12,198,14,1,-111.179,-115.15,-12.3321,-16.3029,-3.97072,0,0,14,30,0
65,13,212,14,1,-111.784,-114.744,-12.6515,-15.6112,-2.9597,0,0,14,30,0
65,14,226,14,1,-112.35,-114.318,-13.0144,-14.9825,-1.96811,0,0,14,30,0
65,15,240,14,1,-112.881,-113.87,-13.4239,-14.413,-0.989102,0,0,14,30,0
65,16,254,14,1,-113.381,-113.397,-13.883,-13.8994,-0.0163111,0,0,14,30,0
65,17,268,14,1,-113.854,-112.898,-14.3949,-13.4385,0.956377,0,0,14,30,1
65,18,282,14,2,-112.367,-114.303,-13.0269,-14.9631,-1.93613,1,2,14,30,0
65,19,296,14,2,-111.803,-114.73,-12.6628,-15.5893,-2.92641,0,0,14,30,0
65,20,310,14,2,-111.2,-115.137,-12.3421,-16.2787,-3.93657,0,0,14,30,0
65,21,324,14,2,-110.551,-115.525,-12.0619,-17.0357,-4.97374,0,0,14,30,0
65,22,338,14,2,-109.851,-115.897,-11.8192,-17.8654,-6.04629,0,0,14,30,0
65,23,352,14,2,-109.089,-116.254,-11.6106,-18.7758,-7.16517,0,0,14,30,0
65,24,366,14,2,-108.254,-116.596,-11.4333,-19.7761,-8.34281,0,0,14,30,0
65,25,380,14,2,-107.33,-116.926,-11.284,-20.8804,-9.59632,0,0,14,30,0
65,26,394,14,2,-106.297,-117.244,-11.1601,-22.1071,-10.9469,0,0,14,30,0
65,27,408,14,2,-105.124,-117.55,-11.0587,-23.4843,-12.4255,0,0,14,30,0
65,28,422,14,2,-103.771,-117.846,-10.9774,-25.0521,-14.0748,0,0,14,30,0
65,29,436,14,2,-102.17,-118.132,-10.9137,-26.8759,-15.9622,0,0,14,30,0
65,30,450,14,2,-100.213,-118.409,-10.8656,-29.0617,-18.196,0,0,14,30,0
65,31,464,14,2,-97.7011,-118.678,-10.8312,-31.8078,-20.9766,0,0,14,30,0
65,32,478,14,2,-94.2258,-118.938,-10.8086,-35.521,-24.7123,0,0,14,30,0
65,33,492,14,2,-88.8628,-119.191,-10.7965,-41.1246,-30.3282,0,0,14,30,0
65,34,506,14,2,-84.2285,-119.437,-10.7933,-46.0015,-35.2082,0,0,14,30,0
65,35,520,14,2,-90.4714,-119.676,-10.7979,-40.0022,-29.2043,0,0,14,30,0
65,36,534,14,2,-95.2335,-119.908,-10.8093,-35.4841,-24.6748,0,0,14,30,0
65,37,548,14,2,-98.4059,-120.135,-10.8266,-32.5554,-21.7289,0,0,14,30,0
65,38,562,14,2,-100.75,-120.356,-10.8488,-30.4542,-19.6054,0,0,14,30,0
65,39,576,14,2,-102.603,-120.571,-10.8754,-28.8428,-17.9674,0,0,14,30,0
65,40,590,14,2,-104.133,-120.781,-10.9057,-27.553,-16.6474,0,0,14,30,0
65,41,604,14,2,-105.436,-120.986,-10.9391,-26.4889,-15.5498,0,0,14,30,0
65,42,618,14,2,-106.57,-121.186,-10.9753,-25.5921,-14.6168,0,0,14,30,0
65,43,632,14,2,-107.573,-121.382,-11.0139,-24.8233,-13.8094,0,0,14,30,0
65,44,646,14,2,-108.472,-121.574,-11.0544,-24.1558,-13.1014,0,0,14,30,0
65,45,660,14,2,-109.288,-121.761,-11.0966,-23.57,-12.4734,0,0,14,30,0
65,46,674,14,2,-110.033,-121.945,-11.1402,-23.0516,-11.9114,0,0,14,30,0
65,47,688,14,2,-110.72,-122.124,-11.1851,-22.5893,-11.4042,0,0,14,30,0
65,48,702,14,2,-111.356,-122.3,-11.231,-22.1748,-10.9438,0,0,14,30,0
65,49,716,14,2,-111.95,-122.473,-11.2778,-21.801,-10.5232,0,0,14,30,0
65,50,730,14,2,-112.505,-122.642,-11.3253,-21.4625,-10.1372,0,0,14,30,0
65,51,744,14,2,-113.027,-122.808,-11.3734,-21.1546,-9.78118,0,0,14,30,0
65,52,758,14,2,-113.519,-122.971,-11.422,-20.8737,-9.45173,0,0,14,30,0
65,53,772,14,2,-113.985,-123.131,-11.471,-20.6166,-9.14555,0,0,14,30,0
65,54,786,14,2,-114.427,-123.288,-11.5204,-20.3807,-8.8603,0,0,14,30,0
65,55,800,14,2,-114.848,-123.442,-11.57,-20.1636,-8.59357,0,0,14,30,0
65,56,814,14,2,-115.249,-123.593,-11.6198,-19.9635,-8.34369,0,0,14,30,0
65,57,828,14,2,-115.633,-123.742,-11.6698,-19.7786,-8.10884,0,0,14,30,0
65,58,842,14,2,-116.001,-123.888,-11.7199,-19.6077,-7.8878,0,0,14,30,0
66,1,54,14,1,-99.4857,-118.496,-10.8532,-29.8634,-19.0101,0,0,14,40,0
66,2,68,14,1,-101.592,-118.222,-10.8968,-27.5267,-16.6299,0,0,14,40,0
66,3,82,14,1,-103.291,-117.938,-10.9553,-25.6022,-14.6469,0,0,14,40,0
66,4,96,14,1,-104.715,-117.646,-11.0307,-23.9611,-12.9304,0,0,14,40,0
66,5,110,14,1,-105.94,-117.343,-11.1254,-22.5285,-11.403,0,0,14,40,0
66,6,124,14,1,-107.013,-117.029,-11.2419,-21.2572,-10.0153,0,0,14,40,0
66,7,138,14,1,-107.969,-116.703,-11.3827,-20.1163,-8.73359,0,0,14,40,0
66,8,152,14,1,-108.831,-116.365,-11.5508,-19.0845,-7.53372,0,0,14,40,0
66,9,166,14,1,-109.615,-116.013,-11.749,-18.1467,-6.3977,0,0,14,40,0
66,10,180,14,1,-110.334,-115.646,-11.9806,-17.2921,-5.31158,0,0,14,40,0
66,11,194,14,1,-110.998,-115.263,-12.2485,-16.5127,-4.26419,0,0,14,40,0
66,12,208,14,1,-111.615,-114.862,-12.5559,-15.8022,-3.24627,0,0,14,40,0
66,13,222,14,1,-112.192,-114.442,-12.9061,-15.1559,-2.24985,0,0,14,40,0
66,14,236,14,1,-112.732,-114.0,-13.302,-14.5699,-1.26791,0,0,14,40,0
66,15,250,14,1,-113.241,-113.535,-13.7466,-14.0406,-0.293975,0,0,14,40,0
66,16,264,14,1,-113.722,-113.044,-14.2431,-13.565,0.678122,0,0,14,40,0
66,17,278,14,1,-114.177,-112.523,-14.7944,-13.1399,1.65447,0,0,14,40,1
66,18,292,14,2,-111.968,-114.61,-12.7624,-15.4039,-2.6415,1,2,14,40,0
66,19,306,14,2,-111.377,-115.022,-12.4295,-16.0751,-3.64564,0,0,14,40,0
66,20,320,14,2,-110.742,-115.416,-12.138,-16.8122,-4.67411,0,0,14,40,0
66,21,334,14,2,-110.057,-115.792,-11.8849,-17.6206,-5.73573,0,0,14,40,0
66,22,348,14,2,-109.313,-116.153,-11.6669,-18.5069,-6.83999,0,0,14,40,0
66,23,362,14,2,-108.5,-116.5,-11.4809,-19.4805,-7.99954,0,0,14,40,0
66,24,376,14,2,-107.604,-116.833,-11.324,-20.5532,-9.2292,0,0,14,40,0
66,25,390,14,2,-106.604,-117.154,-11.1931,-21.7428,-10.5497,0,0,14,40,0
66,26,404,14,2,-105.476,-117.464,-11.0856,-23.0732,-11.9877,0,0,14,40,0
66,27,418,14,2,-104.179,-117.762,-10.9987,-24.5817,-13.583,0,0,14,40,0
66,28,432,14,2,-102.658,-118.051,-10.9302,-26.3234,-15.3932,0,0,14,40,0
66,29,446,14,2,-100.817,-118.331,-10.8779,-28.3914,-17.5135,0,0,14,40,0
66,30,460,14,2,-98.4936,-118.602,-10.8397,-30.948,-20.1082,0,0,14,40,0
66,31,474,14,2,-95.3564,-118.865,-10.814,-34.322,-23.5081,0,0,14,40,0
66,32,488,14,2,-90.6672,-119.12,-10.799,-39.2513,-28.4523,0,0,14,40,0
66,33,502,14,2,-84.3304,-119.367,-10.7934,-45.8302,-35.0368,0,0,14,40,0
66,34,516,14,2,-88.6422,-119.608,-10.7959,-41.7618,-30.9659,0,0,14,40,0
66,35,530,14,2,-94.0865,-119.842,-10.8054,-36.5614,-25.756,0,0,14,40,0
66,36,544,14,2,-97.6057,-120.071,-10.8211,-33.286,-22.4649,0,0,14,40,0
66,37,558,14,2,-100.141,-120.293,-10.842,-30.9941,-20.1521,0,0,14,40,0
66,38,572,14,2,-102.112,-120.51,-10.8674,-29.265,-18.3976,0,0,14,40,0
66,39,586,14,2,-103.723,-120.721,-10.8967,-27.8951,-16.9984,0,0,14,40,0
66,40,600,14,2,-105.083,-120.928,-10.9293,-26.7739,-15.8446,0,0,14,40,0
66,41,614,14,2,-106.261,-121.13,-10.9647,-25.8338,-14.869,0,0,14,40,0
66,42,628,14,2,-107.298,-121.327,-11.0026,-25.0317,-14.029,0,0,14,40,0
66,43,642,14,2,-108.225,-121.519,-11.0426,-24.3374,-13.2947,0,0,14,40,0
66,44,656,14,2,-109.062,-121.708,-11.0844,-23.73,-12.6456,0,0,14,40,0
66,45,670,14,2,-109.827,-121.893,-11.1276,-23.1935,-12.0658,0,0,14,40,0
66,46,684,14,2,-110.529,-122.073,-11.1722,-22.7163,-11.5441,0,0,14,40,0
66,47,698,14,2,-111.179,-122.25,-11.2178,-22.2888,-11.071,0,0,14,40,0
66,48,712,14,2,-111.784,-122.424,-11.2643,-21.904,-10.6397,0,0,14,40,0
66,49,726,14,2,-112.35,-122.594,-11.3117,-21.5559,-10.2442,0,0,14,40,0
66,50,740,14,2,-112.881,-122.761,-11.3596,-21.2397,-9.88011,0,0,14,40,0
66,51,754,14,2,-113.381,-122.925,-11.4081,-20.9514,-9.54331,0,0,14,40,0
66,52,768,14,2,-113.854,-123.085,-11.457,-20.6878,-9.23084,0,0,14,40,0
66,53,782,14,2,-114.303,-123.243,-11.5062,-20.446,-8.93977,0,0,14,40,0
66,54,796,14,2,-114.73,-123.398,-11.5558,-20.2238,-8.66803,0,0,14,40,0
66,55,810,14,2,-115.137,-123.55,-11.6056,-20.019,-8.41344,0,0,14,40,0
66,56,824,14,2,-115.525,-123.7,-11.6555,-19.83,-8.17452,0,0,14,40,0
66,57,838,14,2,-115.897,-123.847,-11.7056,-19.6552,-7.94959,0,0,14,40,0
66,58,852,14,2,-116.254,-123.991,-11.7558,-19.4934,-7.73758,0,0,14,40,0
67,1,64,14,1,-101.039,-118.301,-10.8829,-28.1445,-17.2616,0,0,14,50,0
67,2,78,14,1,-102.838,-118.02,-10.9369,-26.1188,-15.1819,0,0,14,50,0
67,3,92,14,1,-104.331,-117.73,-11.0073,-24.4061,-13.3988,0,0,14,50,0
67,4,106,14,1,-105.607,-117.43,-11.0963,-22.9196,-11.8234,0,0,14,50,0
67,5,120,14,1,-106.72,-117.12,-11.2063,-21.606,-10.3997,0,0,14,50,0
67,6,134,14,1,-107.707,-116.797,-11.3398,-20.4304,-9.09053,0,0,14,50,0
67,7,148,14,1,-108.593,-116.463,-11.4998,-19.3692,-7.86933,0,0,14,50,0
67,8,162,14,1,-109.398,-116.115,-11.6891,-18.4058,-6.71663,0,0,14,50,0
67,9,176,14,1,-110.135,-115.752,-11.9108,-17.5283,-5.6175,0,0,14,50,0
67,10,190,14,1,-110.814,-115.374,-12.168,-16.7281,-4.56007,0,0,14,50,0
67,11,204,14,1,-111.444,-114.978,-12.4639,-15.9984,-3.53458,0,0,14,50,0
67,12,218,14,1,-112.031,-114.564,-12.8015,-15.3343,-2.53277,0,0,14,50,0
67,13,232,14,1,-112.581,-114.129,-13.184,-14.7314,-1.54738,0,0,14,50,0
67,14,246,14,1,-113.099,-113.67,-13.6144,-14.1862,-0.571789,0,0,14,50,0
67,15,260,14,1,-113.587,-113.187,-14.0958,-13.6956,0.400214,0,0,14,50,0
67,16,274,14,1,-114.049,-112.675,-14.6311,-13.2564,1.37472,0,0,14,50,1
67,17,288,14,2,-112.13,-114.488,-12.8655,-15.2237,-2.35818,1,2,14,50,0
67,18,302,14,2,-111.55,-114.906,-12.5203,-15.8768,-3.35651,0,0,14,50,0
67,19,316,14,2,-110.928,-115.305,-12.2172,-16.5946,-4.37737,0,0,14,50,0
67,20,330,14,2,-110.258,-115.686,-11.9535,-17.3819,-5.42842,0,0,14,50,0
67,21,344,14,2,-109.532,-116.052,-11.7257,-18.2453,-6.51954,0,0,14,50,0
67,22,358,14,2,-108.741,-116.402,-11.531,-19.1927,-7.6617,0,0,14,50,0
67,23,372,14,2,-107.869,-116.739,-11.366,-20.2358,-8.86974,0,0,14,50,0
67,24,386,14,2,-106.902,-117.064,-11.228,-21.3896,-10.1616,0,0,14,50,0
67,25,400,14,2,-105.813,-117.376,-11.114,-22.677,-11.563,0,0,14,50,0
67,26,414,14,2,-104.57,-117.678,-11.0216,-24.1296,-13.1081,0,0,14,50,0
67,27,428,14,2,-103.12,-117.97,-10.9481,-25.7977,-14.8496,0,0,14,50,0
67,28,442,14,2,-101.384,-118.252,-10.8913,-27.7594,-16.8681,0,0,14,50,0
67,29,456,14,2,-99.221,-118.525,-10.8493,-30.1536,-19.3043,0,0,14,50,0
67,30,470,14,2,-96.3675,-118.79,-10.8202,-33.2429,-22.4227,0,0,14,50,0
67,31,484,14,2,-92.2366,-119.047,-10.8022,-37.6131,-26.8108,0,0,14,50,0
67,32,498,14,2,-85.8719,-119.297,-10.7941,-44.2193,-33.4252,0,0,14,50,0
67,33,512,14,2,-86.6347,-119.54,-10.7944,-43.6996,-32.9052,0,0,14,50,0
67,34,526,14,2,-92.7861,-119.776,-10.8021,-37.7921,-26.99,0,0,14,50,0
67,35,540,14,2,-96.7288,-120.006,-10.816,-34.0933,-23.2773,0,0,14,50,0
67,36,554,14,2,-99.4865,-120.23,-10.8355,-31.5791,-20.7436,0,0,14,50,0
67,37,568,14,2,-101.592,-120.448,-10.8597,-29.7157,-18.856,0,0,14,50,0
67,38,582,14,2,-103.292,-120.661,-10.8879,-28.2575,-17.3695,0,0,14,50,0
67,39,596,14,2,-104.716,-120.869,-10.9196,-27.0733,-16.1536,0,0,14,50,0
67,40,610,14,2,-105.94,-121.072,-10.9543,-26.0868,-15.1325,0,0,14,50,0
67,41,624,14,2,-107.014,-121.271,-10.9916,-25.2486,-14.2571,0,0,14,50,0
67,42,638,14,2,-107.97,-121.465,-11.031,-24.5261,-13.4952,0,0,14,50,0
67,43,652,14,2,-108.831,-121.655,-11.0723,-23.8956,-12.8233,0,0,14,50,0
67,44,666,14,2,-109.615,-121.84,-11.1151,-23.3403,-12.2252,0,0,14,50,0
67,45,680,14,2,-110.334,-122.022,-11.1593,-22.8471,-11.6878,0,0,14,50,0
67,46,694,14,2,-110.999,-122.2,-11.2047,-22.4063,-11.2017,0,0,14,50,0
67,47,708,14,2,-111.616,-122.375,-11.251,-22.0099,-10.759,0,0,14,50,0
67,48,722,14,2,-112.192,-122.546,-11.2981,-21.6519,-10.3539,0,0,14,50,0
67,49,736,14,2,-112.732,-122.714,-11.3458,-21.327,-9.98113,0,0,14,50,0
67,50,750,14,2,-113.241,-122.878,-11.3942,-21.0311,-9.63698,0,0,14,50,0
67,51,764,14,2,-113.722,-123.04,-11.443,-20.7607,-9.31777,0,0,14,50,0
67,52,778,14,2,-114.177,-123.198,-11.4921,-20.513,-9.02092,0,0,14,50,0
67,53,792,14,2,-114.61,-123.354,-11.5416,-20.2854,-8.74379,0,0,14,50,0
67,54,806,14,2,-115.022,-123.507,-11.5913,-20.0759,-8.48456,0,0,14,50,0
67,55,820,14,2,-115.416,-123.657,-11.6412,-19.8825,-8.24125,0,0,14,50,0
67,56,834,14,2,-115.793,-123.805,-11.6913,-19.7038,-8.01253,0,0,14,50,0
67,57,848,14,2,-116.153,-123.95,-11.7414,-19.5383,-7.79688,0,0,14,50,0
67,58,862,14,2,-116.5,-124.093,-11.7917,-19.385,-7.59333,0,0,14,50,0
68,1,74,14,1,-102.361,-118.101,-10.9199,-26.6606,-15.7407,0,0,14,60,0
68,2,88,14,1,-103.93,-117.814,-10.9854,-24.8694,-13.884,0,0,14,60,0
68,3,102,14,1,-105.261,-117.517,-11.0688,-23.3248,-12.256,0,0,14,60,0
68,4,116,14,1,-106.416,-117.209,-11.1725,-21.966,-10.7934,0,0,14,60,0
68,5,130,14,1,-107.436,-116.891,-11.2991,-20.7537,-9.45461,0,0,14,60,0
68,6,144,14,1,-108.349,-116.56,-11.4513,-19.6618,-8.2105,0,0,14,60,0
68,7,158,14,1,-109.176,-116.215,-11.6319,-18.6718,-7.03992,0,0,14,60,0
68,8,172,14,1,-109.93,-115.857,-11.844,-17.7708,-5.92681,0,0,14,60,0
68,9,186,14,1,-110.625,-115.483,-12.0907,-16.9493,-4.85854,0,0,14,60,0
68,10,200,14,1,-111.268,-115.093,-12.3752,-16.2,-3.82482,0,0,14,60,0
68,11,214,14,1,-111.867,-114.684,-12.7006,-15.5176,-2.81703,0,0,14,60,0
68,12,228,14,1,-112.427,-114.255,-13.0699,-14.8976,-1.82764,0,0,14,60,0
68,13,242,14,1,-112.954,-113.804,-13.4864,-14.3363,-0.849895,0,0,14,60,0
68,14,256,14,1,-113.45,-113.328,-13.9529,-13.8304,0.122509,0,0,14,60,0
68,15,270,14,1,-113.92,-112.824,-14.4725,-13.3768,1.09568,0,0,14,60,1
68,16,284,14,2,-112.288,-114.365,-12.9721,-15.0489,-2.07681,1,2,14,60,0
68,17,298,14,2,-111.72,-114.789,-12.6144,-15.6838,-3.06939,0,0,14,60,0
68,18,312,14,2,-111.11,-115.193,-12.2997,-16.3826,-4.08289,0,0,14,60,0
68,19,326,14,2,-110.455,-115.579,-12.025,-17.1496,-5.12458,0,0,14,60,0
68,20,340,14,2,-109.746,-115.949,-11.7873,-17.9904,-6.20302,0,0,14,60,0
68,21,354,14,2,-108.974,-116.304,-11.5834,-18.9129,-7.32947,0,0,14,60,0
68,22,368,14,2,-108.127,-116.644,-11.4103,-19.9271,-8.5168,0,0,14,60,0
68,23,382,14,2,-107.189,-116.972,-11.2648,-21.0476,-9.78274,0,0,14,60,0
68,24,396,14,2,-106.139,-117.288,-11.1443,-22.2938,-11.1495,0,0,14,60,0
68,25,410,14,2,-104.943,-117.593,-11.0459,-23.6954,-12.6494,0,0,14,60,0
68,26,424,14,2,-103.56,-117.887,-10.9673,-25.2951,-14.3278,0,0,14,60,0
68,27,438,14,2,-101.915,-118.172,-10.9059,-27.1627,-16.2567,0,0,14,60,0
68,28,452,14,2,-99.8947,-118.448,-10.8599,-29.4133,-18.5534,0,0,14,60,0
68,29,466,14,2,-97.2776,-118.715,-10.8273,-32.2651,-21.4378,0,0,14,60,0
68,30,480,14,2,-93.6061,-118.975,-10.8063,-36.1749,-25.3686,0,0,14,60,0
68,31,494,14,2,-87.8799,-119.227,-10.7955,-42.1421,-31.3466,0,0,14,60,0
68,32,508,14,2,-84.8048,-119.471,-10.7935,-45.46,-34.6665,0,0,14,60,0
68,33,522,14,2,-91.2978,-119.709,-10.7992,-39.2107,-28.4115,0,0,14,60,0
68,34,536,14,2,-95.7589,-119.941,-10.8115,-34.9935,-24.182,0,0,14,60,0
68,35,550,14,2,-98.7808,-120.167,-10.8294,-32.2153,-21.3858,0,0,14,60,0
68,36,564,14,2,-101.04,-120.387,-10.8523,-30.1991,-19.3468,0,0,14,60,0
68,37,578,14,2,-102.839,-120.601,-10.8795,-28.6416,-17.7621,0,0,14,60,0
68,38,592,14,2,-104.332,-120.81,-10.9103,-27.3889,-16.4786,0,0,14,60,0
68,39,606,14,2,-105.607,-121.015,-10.9441,-26.3516,-15.4075,0,0,14,60,0
68,40,620,14,2,-106.72,-121.215,-10.9807,-25.4752,-14.4945,0,0,14,60,0
68,41,634,14,2,-107.707,-121.41,-11.0195,-24.7222,-13.7027,0,0,14,60,0
68,42,648,14,2,-108.594,-121.601,-11.0603,-24.0675,-13.0072,0,0,14,60,0
68,43,662,14,2,-109.398,-121.788,-11.1027,-23.4921,-12.3893,0,0,14,60,0
68,44,676,14,2,-110.135,-121.971,-11.1466,-22.9824,-11.8358,0,0,14,60,0
68,45,690,14,2,-110.814,-122.15,-11.1916,-22.5274,-11.3357,0,0,14,60,0
68,46,704,14,2,-111.444,-122.325,-11.2377,-22.1191,-10.8814,0,0,14,60,0
68,47,718,14,2,-112.031,-122.497,-11.2845,-21.7506,-10.466,0,0,14,60,0
68,48,732,14,2,-112.581,-122.666,-11.3321,-21.4167,-10.0846,0,0,14,60,0
68,49,746,14,2,-113.099,-122.831,-11.3803,-21.1129,-9.73257,0,0,14,60,0
68,50,760,14,2,-113.587,-122.994,-11.429,-20.8356,-9.40663,0,0,14,60,0
68,51,774,14,2,-114.05,-123.153,-11.478,-20.5816,-9.10357,0,0,14,60,0
68,52,788,14,2,-114.489,-123.31,-11.5274,-20.3485,-8.82111,0,0,14,60,0
68,53,802,14,2,-114.907,-123.463,-11.5771,-20.134,-8.55688,0,0,14,60,0
68,54,816,14,2,-115.305,-123.615,-11.6269,-19.9362,-8.30926,0,0,14,60,0
68,55,830,14,2,-115.687,-123.763,-11.677,-19.7534,-8.07645,0,0,14,60,0
68,56,844,14,2,-116.052,-123.909,-11.7271,-19.5843,-7.85726,0,0,14,60,0
68,57,858,14,2,-116.402,-124.053,-11.7773,-19.4276,-7.6503,0,0,14,60,0
68,58,872,14,2,-116.739,-124.194,-11.8276,-19.2822,-7.45468,0,0,14,60,0
69,1,84,14,1,-103.509,-117.897,-10.965,-25.3525,-14.3876,0,0,14,70,0
69,2,98,14,1,-104.901,-117.603,-11.043,-23.745,-12.702,0,0,14,70,0
69,3,112,14,1,-106.101,-117.298,-11.1407,-22.3378,-11.1971,0,0,14,70,0
69,4,126,14,1,-107.157,-116.983,-11.2605,-21.0868,-9.82637,0,0,14,70,0
69,5,140,14,1,-108.098,-116.655,-11.405,-19.9627,-8.55764,0,0,14,70,0
69,6,154,14,1,-108.947,-116.315,-11.5772,-18.9451,-7.36788,0,0,14,70,0
69,7,168,14,1,-109.721,-115.961,-11.78,-18.0198,-6.23977,0,0,14,70,0
69,8,182,14,1,-110.432,-115.592,-12.0165,-17.1763,-5.15982,0,0,14,70,0
69,9,196,14,1,-111.089,-115.206,-12.2899,-16.4071,-4.11717,0,0,14,70,0
69,10,210,14,1,-111.7,-114.803,-12.6033,-15.706,-3.10278,0,0,14,70,0
69,11,224,14,1,-112.271,-114.38,-12.9597,-15.0686,-2.10885,0,0,14,70,0
69,12,238,14,1,-112.807,-113.935,-13.3624,-14.4909,-1.12844,0,0,14,70,0
69,13,252,14,1,-113.311,-113.466,-13.8143,-13.9694,-0.155133,0,0,14,70,0
69,14,266,14,1,-113.788,-112.971,-14.3184,-13.5012,0.817198,0,0,14,70,1
69,15,280,14,2,-112.446,-114.24,-13.0831,-14.8778,-1.79466,1,2,14,70,0
69,16,294,14,2,-111.886,-114.67,-12.7122,-15.4959,-2.78372,0,0,14,70,0
69,17,308,14,2,-111.289,-115.08,-12.3854,-16.1763,-3.7909,0,0,14,70,0
69,18,322,14,2,-110.647,-115.471,-12.0996,-16.9231,-4.82352,0,0,14,70,0
69,19,336,14,2,-109.954,-115.845,-11.8516,-17.7423,-5.89062,0,0,14,70,0
69,20,350,14,2,-109.202,-116.204,-11.6384,-18.6404,-7.00193,0,0,14,70,0
69,21,364,14,2,-108.378,-116.548,-11.4568,-19.6273,-8.17051,0,0,14,70,0
69,22,378,14,2,-107.468,-116.88,-11.3038,-20.7155,-9.41173,0,0,14,70,0
69,23,392,14,2,-106.452,-117.199,-11.1764,-21.9235,-10.7472,0,0,14,70,0
69,24,406,14,2,-105.302,-117.507,-11.0719,-23.2768,-12.2048,0,0,14,70,0
69,25,420,14,2,-103.978,-117.804,-10.9879,-24.8146,-13.8267,0,0,14,70,0
69,26,434,14,2,-102.418,-118.092,-10.9218,-26.596,-15.6742,0,0,14,70,0
69,27,448,14,2,-100.52,-118.37,-10.8716,-28.7216,-17.8499,0,0,14,70,0
69,28,462,14,2,-98.1063,-118.64,-10.8353,-31.3689,-20.5335,0,0,14,70,0
69,29,476,14,2,-94.8074,-118.901,-10.8112,-34.9052,-24.094,0,0,14,70,0
69,30,490,14,2,-89.7955,-119.155,-10.7976,-40.1575,-29.3599,0,0,14,70,0
69,31,504,14,2,-84.0565,-119.402,-10.7933,-46.1389,-35.3456,0,0,14,70,0
69,32,518,14,2,-89.5859,-119.642,-10.7968,-40.8529,-30.056,0,0,14,70,0
69,33,532,14,2,-94.6772,-119.875,-10.8073,-36.0055,-25.1982,0,0,14,70,0
69,34,546,14,2,-98.0146,-120.103,-10.8238,-32.912,-22.0882,0,0,14,70,0
69,35,560,14,2,-100.451,-120.324,-10.8453,-30.7189,-19.8735,0,0,14,70,0
69,36,574,14,2,-102.361,-120.54,-10.8713,-29.0506,-18.1792,0,0,14,70,0
69,37,588,14,2,-103.931,-120.751,-10.9011,-27.7216,-16.8205,0,0,14,70,0
69,38,602,14,2,-105.261,-120.957,-10.9342,-26.6297,-15.6956,0,0,14,70,0
69,39,616,14,2,-106.416,-121.158,-10.97,-25.7115,-14.7415,0,0,14,70,0
69,40,630,14,2,-107.436,-121.355,-11.0082,-24.9265,-13.9182,0,0,14,70,0
69,41,644,14,2,-108.349,-121.547,-11.0485,-24.2457,-13.1972,0,0,14,70,0
69,42,658,14,2,-109.176,-121.735,-11.0905,-23.6493,-12.5589,0,0,14,70,0
69,43,672,14,2,-109.931,-121.919,-11.1339,-23.1219,-11.988,0,0,14,70,0
69,44,686,14,2,-110.625,-122.099,-11.1786,-22.6523,-11.4737,0,0,14,70,0
69,45,700,14,2,-111.268,-122.275,-11.2244,-22.2314,-11.0069,0,0,14,70,0
69,46,714,14,2,-111.867,-122.448,-11.2711,-21.8522,-10.5811,0,0,14,70,0
69,47,728,14,2,-112.428,-122.618,-11.3185,-21.5088,-10.1904,0,0,14,70,0
69,48,742,14,2,-112.954,-122.784,-11.3665,-21.1969,-9.8304,0,0,14,70,0
69,49,756,14,2,-113.45,-122.948,-11.415,-20.9123,-9.49725,0,0,14,70,0
69,50,770,14,2,-113.92,-123.108,-11.464,-20.652,-9.18801,0,0,14,70,0
69,51,784,14,2,-114.365,-123.265,-11.5133,-20.4131,-8.89982,0,0,14,70,0
69,52,798,14,2,-114.789,-123.42,-11.5629,-20.1935,-8.63066,0,0,14,70,0
69,53,812,14,2,-115.193,-123.572,-11.6127,-19.9911,-8.37838,0,0,14,70,0
69,54,826,14,2,-115.579,-123.721,-11.6627,-19.8042,-8.14156,0,0,14,70,0
69,55,840,14,2,-115.949,-123.868,-11.7128,-19.6313,-7.91854,0,0,14,70,0
69,56,854,14,2,-116.304,-124.012,-11.7629,-19.4712,-7.70827,0,0,14,70,0
69,57,868,14,2,-116.644,-124.154,-11.8132,-19.3227,-7.50945,0,0,14,70,0
69,58,882,14,2,-116.972,-124.293,-11.8635,-19.1848,-7.32129,0,0,14,70,0
70,1,94,14,1,-104.525,-117.688,-11.0188,-24.1814,-13.1626,0,0,14,80,0
70,2,108,14,1,-105.775,-117.387,-11.1106,-22.7224,-11.6117,0,0,14,80,0
70,3,122,14,1,-106.868,-117.074,-11.2238,-21.4302,-10.2064,0,0,14,80,0
70,4,136,14,1,-107.839,-116.75,-11.361,-20.2722,-8.9112,0,0,14,80,0
70,5,150,14,1,-108.713,-116.414,-11.525,-19.2259,-7.70085,0,0,14,80,0
70,6,164,14,1,-109.507,-116.064,-11.7188,-18.2754,-6.55664,0,0,14,80,0
70,7,178,14,1,-110.235,-115.699,-11.9453,-17.4095,-5.46413,0,0,14,80,0
70,8,192,14,1,-110.906,-115.318,-12.2079,-16.6197,-4.41182,0,0,14,80,0
70,9,206,14,1,-111.53,-114.92,-12.5095,-15.8997,-3.39019,0,0,14,80,0
70,10,220,14,1,-112.112,-114.503,-12.8533,-15.2445,-2.39116,0,0,14,80,0
70,11,234,14,1,-112.657,-114.065,-13.2425,-14.65,-1.40755,0,0,14,80,0
70,12,248,14,1,-113.17,-113.603,-13.68,-14.1128,-0.432855,0,0,14,80,0
70,13,262,14,1,-113.655,-113.115,-14.1689,-13.6297,0.539134,0,0,14,80,0
70,14,276,14,1,-114.114,-112.599,-14.7121,-13.1976,1.5145,0,0,14,80,1
70,15,290,14,2,-112.05,-114.549,-12.8135,-15.3132,-2.49972,1,2,14,80,0
70,16,304,14,2,-111.464,-114.965,-12.4744,-15.9752,-3.50079,0,0,14,80,0
70,17,318,14,2,-110.835,-115.361,-12.1772,-16.7027,-4.52547,0,0,14,80,0
70,18,332,14,2,-110.158,-115.74,-11.9188,-17.5004,-5.5816,0,0,14,80,0
70,19,346,14,2,-109.423,-116.103,-11.696,-18.3753,-6.67929,0,0,14,80,0
70,20,360,14,2,-108.621,-116.451,-11.5057,-19.3355,-7.82986,0,0,14,80,0
70,21,374,14,2,-107.738,-116.786,-11.3447,-20.3934,-9.04866,0,0,14,80,0
70,22,388,14,2,-106.754,-117.109,-11.2103,-21.5647,-10.3544,0,0,14,80,0
70,23,402,14,2,-105.646,-117.42,-11.0996,-22.8735,-11.7739,0,0,14,80,0
70,24,416,14,2,-104.377,-117.72,-11.01,-24.3533,-13.3433,0,0,14,80,0
70,25,430,14,2,-102.892,-118.011,-10.939,-26.0576,-15.1186,0,0,14,80,0
70,26,444,14,2,-101.105,-118.292,-10.8845,-28.0707,-17.1862,0,0,14,80,0
70,27,458,14,2,-98.8644,-118.564,-10.8444,-30.5436,-19.6992,0,0,14,80,0
70,28,472,14,2,-95.8761,-118.827,-10.8169,-33.7683,-22.9514,0,0,14,80,0
70,29,486,14,2,-91.4787,-119.084,-10.8005,-38.4053,-27.6048,0,0,14,80,0
70,30,500,14,2,-84.9817,-119.332,-10.7937,-45.1442,-34.3506,0,0,14,80,0
70,31,514,14,2,-87.6497,-119.574,-10.7951,-42.7195,-31.9244,0,0,14,80,0
70,32,528,14,2,-93.4574,-119.809,-10.8037,-37.1556,-26.3519,0,0,14,80,0
70,33,542,14,2,-97.1779,-120.038,-10.8185,-33.679,-22.8605,0,0,14,80,0
70,34,556,14,2,-99.8196,-120.262,-10.8387,-31.2807,-20.442,0,0,14,80,0
70,35,570,14,2,-101.856,-120.479,-10.8635,-29.4864,-18.6229,0,0,14,80,0
70,36,584,14,2,-103.51,-120.691,-10.8923,-28.0737,-17.1815,0,0,14,80,0
70,37,598,14,2,-104.901,-120.899,-10.9244,-26.9216,-15.9972,0,0,14,80,0
70,38,612,14,2,-106.102,-121.101,-10.9595,-25.9589,-14.9994,0,0,14,80,0
70,39,626,14,2,-107.157,-121.299,-10.9971,-25.139,-14.1419,0,0,14,80,0
70,40,640,14,2,-108.098,-121.492,-11.0368,-24.4309,-13.3941,0,0,14,80,0
70,41,654,14,2,-108.948,-121.681,-11.0783,-23.812,-12.7337,0,0,14,80,0
70,42,668,14,2,-109.722,-121.866,-11.1214,-23.2663,-12.145,0,0,14,80,0
70,43,682,14,2,-110.432,-122.048,-11.1658,-22.7811,-11.6154,0,0,14,80,0
70,44,696,14,2,-111.089,-122.225,-11.2112,-22.3472,-11.1359,0,0,14,80,0
70,45,710,14,2,-111.7,-122.399,-11.2577,-21.9566,-10.6989,0,0,14,80,0
70,46,724,14,2,-112.271,-122.57,-11.3049,-21.6036,-10.2987,0,0,14,80,0
70,47,738,14,2,-112.807,-122.737,-11.3527,-21.283,-9.9303,0,0,14,80,0
70,48,752,14,2,-113.311,-122.901,-11.4011,-20.991,-9.58992,0,0,14,80,0
70,49,766,14,2,-113.788,-123.062,-11.45,-20.724,-9.27405,0,0,14,80,0
70,50,780,14,2,-114.24,-123.221,-11.4992,-20.4793,-8.98018,0,0,14,80,0
70,51,794,14,2,-114.67,-123.376,-11.5487,-20.2544,-8.70571,0,0,14,80,0
70,52,808,14,2,-115.08,-123.529,-11.5984,-20.0473,-8.44887,0,0,14,80,0
70,53,822,14,2,-115.471,-123.679,-11.6484,-19.8561,-8.20771,0,0,14,80,0
70,54,836,14,2,-115.845,-123.826,-11.6984,-19.6794,-7.98095,0,0,14,80,0
70,55,850,14,2,-116.204,-123.971,-11.7486,-19.5157,-7.76709,0,0,14,80,0
70,56,864,14,2,-116.548,-124.114,-11.7988,-19.364,-7.56517,0,0,14,80,0
70,57,878,14,2,-116.88,-124.254,-11.8491,-19.2231,-7.37399,0,0,14,80,0
70,58,892,14,2,-117.199,-124.392,-11.8994,-19.0923,-7.19285,0,0,14,80,0
71,1,104,14,1,-105.436,-117.474,-11.0823,-23.1204,-12.0381,0,0,14,90,0
71,2,118,14,1,-106.569,-117.165,-11.1892,-21.7845,-10.5954,0,0,14,90,0
71,3,132,14,1,-107.572,-116.844,-11.3192,-20.5909,-9.27165,0,0,14,90,0
71,4,146,14,1,-108.472,-116.511,-11.4752,-19.5144,-8.03919,0,0,14,90,0
71,5,160,14,1,-109.287,-116.165,-11.6602,-18.5379,-6.87771,0,0,14,90,0
71,6,174,14,1,-110.033,-115.805,-11.8771,-17.6488,-5.77172,0,0,14,90,0
71,7,188,14,1,-110.72,-115.429,-12.129,-16.838,-4.70896,0,0,14,90,0
71,8,202,14,1,-111.356,-115.036,-12.4191,-16.0986,-3.67945,0,0,14,90,0
71,9,216,14,1,-111.949,-114.624,-12.7506,-15.4253,-2.67472,0,0,14,90,0
71,10,230,14,1,-112.505,-114.192,-13.1265,-14.8139,-1.6874,0,0,14,90,0
71,11,244,14,1,-113.027,-113.737,-13.5499,-14.2607,-0.710797,0,0,14,90,0
71,12,258,14,1,-113.519,-113.258,-14.0238,-13.7624,0.261345,0,0,14,90,0
71,13,272,14,1,-113.985,-112.75,-14.5512,-13.3161,1.23512,0,0,14,90,1
71,14,286,14,2,-112.21,-114.427,-12.9185,-15.1354,-2.21686,1,2,14,90,0
71,15,300,14,2,-111.635,-114.848,-12.5669,-15.7797,-3.21278,0,0,14,90,0
71,16,314,14,2,-111.02,-115.249,-12.2581,-16.4879,-4.22978,0,0,14,90,0
71,17,328,14,2,-110.357,-115.633,-11.9889,-17.265,-5.27617,0,0,14,90,0
71,18,342,14,2,-109.64,-116.0,-11.7562,-18.1169,-6.36072,0,0,14,90,0
71,19,356,14,2,-108.858,-116.353,-11.5569,-19.0519,-7.49501,0,0,14,90,0
71,20,370,14,2,-107.999,-116.692,-11.3879,-20.0802,-8.69237,0,0,14,90,0
71,21,384,14,2,-107.047,-117.018,-11.2462,-21.2174,-9.9712,0,0,14,90,0
71,22,398,14,2,-105.978,-117.332,-11.129,-22.4837,-11.3547,0,0,14,90,0
71,23,412,14,2,-104.759,-117.636,-11.0335,-23.9105,-12.877,0,0,14,90,0
71,24,426,14,2,-103.343,-117.929,-10.9575,-25.5434,-14.5859,0,0,14,90,0
71,25,440,14,2,-101.653,-118.212,-10.8985,-27.4572,-16.5587,0,0,14,90,0
71,26,454,14,2,-99.5644,-118.487,-10.8545,-29.7768,-18.9223,0,0,14,90,0
71,27,468,14,2,-96.8334,-118.753,-10.8236,-32.743,-21.9195,0,0,14,90,0
71,28,482,14,2,-92.945,-119.011,-10.8042,-36.8703,-26.0662,0,0,14,90,0
71,29,496,14,2,-86.8665,-119.262,-10.7947,-43.1902,-32.3955,0,0,14,90,0
71,30,510,14,2,-85.653,-119.506,-10.7939,-44.6466,-33.8527,0,0,14,90,0
71,31,524,14,2,-92.0679,-119.743,-10.8005,-38.4754,-27.6748,0,0,14,90,0
71,32,538,14,2,-96.2564,-119.974,-10.8137,-34.5308,-23.7171,0,0,14,90,0
71,33,552,14,2,-99.1407,-120.198,-10.8324,-31.8902,-21.0577,0,0,14,90,0
71,34,566,14,2,-101.32,-120.418,-10.856,-29.9532,-19.0972,0,0,14,90,0
71,35,580,14,2,-103.068,-120.631,-10.8837,-28.4466,-17.5629,0,0,14,90,0
71,36,594,14,2,-104.526,-120.84,-10.9149,-27.2291,-16.3141,0,0,14,90,0
71,37,608,14,2,-105.775,-121.044,-10.9492,-26.2176,-15.2684,0,0,14,90,0
71,38,622,14,2,-106.868,-121.243,-10.9861,-25.3608,-14.3746,0,0,14,90,0
71,39,636,14,2,-107.839,-121.437,-11.0252,-24.6232,-13.5979,0,0,14,90,0
71,40,650,14,2,-108.713,-121.628,-11.0663,-23.9808,-12.9145,0,0,14,90,0
71,41,664,14,2,-109.507,-121.814,-11.1089,-23.4155,-12.3066,0,0,14,90,0
71,42,678,14,2,-110.235,-121.996,-11.1529,-22.9142,-11.7613,0,0,14,90,0
71,43,692,14,2,-110.907,-122.175,-11.1981,-22.4664,-11.2682,0,0,14,90,0
71,44,706,14,2,-111.53,-122.35,-11.2443,-22.0642,-10.8199,0,0,14,90,0
71,45,720,14,2,-112.112,-122.522,-11.2913,-21.7009,-10.4096,0,0,14,90,0
71,46,734,14,2,-112.657,-122.69,-11.339,-21.3716,-10.0326,0,0,14,90,0
71,47,748,14,2,-113.17,-122.855,-11.3872,-21.0717,-9.68448,0,0,14,90,0
71,48,762,14,2,-113.655,-123.017,-11.436,-20.798,-9.362,0,0,14,90,0
71,49,776,14,2,-114.114,-123.176,-11.4851,-20.5471,-9.06201,0,0,14,90,0
71,50,790,14,2,-114.55,-123.332,-11.5345,-20.3168,-8.7823,0,0,14,90,0
71,51,804,14,2,-114.965,-123.485,-11.5842,-20.1047,-8.52053,0,0,14,90,0
71,52,818,14,2,-115.361,-123.636,-11.6341,-19.9092,-8.27513,0,0,14,90,0
71,53,832,14,2,-115.74,-123.784,-11.6841,-19.7284,-8.04433,0,0,14,90,0
71,54,846,14,2,-116.103,-123.93,-11.7343,-19.5612,-7.82697,0,0,14,90,0
71,55,860,14,2,-116.451,-124.073,-11.7845,-19.4062,-7.62168,0,0,14,90,0
71,56,874,14,2,-116.786,-124.214,-11.8348,-19.2623,-7.42759,0,0,14,90,0
71,57,888,14,2,-117.109,-124.353,-11.8851,-19.1287,-7.2436,0,0,14,90,0
71,58,902,14,2,-117.42,-124.489,-11.9354,-19.0044,-7.06908,0,0,14,90,0
72,1,114,14,1,-106.26,-117.254,-11.1564,-22.1504,-10.994,0,0,14,100,0
72,2,128,14,1,-107.297,-116.937,-11.2795,-20.919,-9.6395,0,0,14,100,0
72,3,142,14,1,-108.224,-116.608,-11.4278,-19.8111,-8.3833,0,0,14,100,0
72,4,156,14,1,-109.062,-116.265,-11.6042,-18.8075,-7.2033,0,0,14,100,0
72,5,170,14,1,-109.826,-115.909,-11.8117,-17.8945,-6.08282,0,0,14,100,0
72,6,184,14,1,-110.529,-115.538,-12.0533,-17.0621,-5.00881,0,0,14,100,0
72,7,198,14,1,-111.179,-115.15,-12.3321,-16.3029,-3.97072,0,0,14,100,0
72,8,212,14,1,-111.784,-114.744,-12.6515,-15.6112,-2.9597,0,0,14,100,0
72,9,226,14,1,-112.35,-114.318,-13.0144,-14.9825,-1.96811,0,0,14,100,0
72,10,240,14,1,-112.881,-113.87,-13.4239,-14.413,-0.989102,0,0,14,100,0
72,11,254,14,1,-113.381,-113.397,-13.883,-13.8994,-0.0163111,0,0,14,100,0
72,12,268,14,1,-113.854,-112.898,-14.3949,-13.4385,0.956377,0,0,14,100,1
72,13,282,14,2,-112.366,-114.303,-13.0267,-14.9634,-1.93666,1,2,14,100,0
72,14,296,14,2,-111.803,-114.73,-12.6629,-15.5892,-2.92631,0,0,14,100,0
72,15,310,14,2,-111.2,-115.137,-12.3421,-16.2788,-3.93667,0,0,14,100,0
72,16,324,14,2,-110.551,-115.525,-12.0619,-17.0356,-4.97363,0,0,14,100,0
72,17,338,14,2,-109.851,-115.897,-11.8191,-17.8655,-6.04641,0,0,14,100,0
72,18,352,14,2,-109.089,-116.254,-11.6106,-18.7757,-7.16503,0,0,14,100,0
72,19,366,14,2,-108.253,-116.596,-11.4332,-19.7762,-8.34296,0,0,14,100,0
72,20,380,14,2,-107.33,-116.926,-11.284,-20.8802,-9.59616,0,0,14,100,0
72,21,394,14,2,-106.296,-117.244,-11.1601,-22.1072,-10.9471,0,0,14,100,0
72,22,408,14,2,-105.125,-117.55,-11.0587,-23.484,-12.4253,0,0,14,100,0
72,23,422,14,2,-103.771,-117.846,-10.9774,-25.0524,-14.075,0,0,14,100,0
72,24,436,14,2,-102.17,-118.132,-10.9137,-26.8756,-15.9618,0,0,14,100,0
72,25,450,14,2,-100.213,-118.409,-10.8656,-29.0621,-18.1965,0,0,14,100,0
72,26,464,14,2,-97.7017,-118.678,-10.8312,-31.8072,-20.976,0,0,14,100,0
72,27,478,14,2,-94.2248,-118.938,-10.8086,-35.522,-24.7134,0,0,14,100,0
72,28,492,14,2,-88.8648,-119.191,-10.7965,-41.1227,-30.3262,0,0,14,100,0
72,29,506,14,2,-84.2303,-119.437,-10.7933,-45.9998,-35.2064,0,0,14,100,0
72,30,520,14,2,-90.4714,-119.676,-10.7979,-40.0022,-29.2043,0,0,14,100,0
72,31,534,14,2,-95.2337,-119.908,-10.8093,-35.4839,-24.6746,0,0,14,100,0
72,32,548,14,2,-98.4057,-120.135,-10.8266,-32.5556,-21.7291,0,0,14,100,0
72,33,562,14,2,-100.75,-120.356,-10.8488,-30.454,-19.6052,0,0,14,100,0
72,34,576,14,2,-102.603,-120.571,-10.8754,-28.8429,-17.9676,0,0,14,100,0
72,35,590,14,2,-104.134,-120.781,-10.9057,-27.5529,-16.6472,0,0,14,100,0
72,36,604,14,2,-105.436,-120.986,-10.9391,-26.4891,-15.5499,0,0,14,100,0
72,37,618,14,2,-106.57,-121.186,-10.9753,-25.592,-14.6167,0,0,14,100,0
72,38,632,14,2,-107.573,-121.382,-11.0139,-24.8234,-13.8095,0,0,14,100,0
72,39,646,14,2,-108.472,-121.574,-11.0544,-24.1557,-13.1013,0,0,14,100,0
72,40,660,14,2,-109.288,-121.761,-11.0966,-23.57,-12.4735,0,0,14,100,0
72,41,674,14,2,-110.033,-121.945,-11.1402,-23.0515,-11.9113,0,0,14,100,0
72,42,688,14,2,-110.72,-122.124,-11.1851,-22.5894,-11.4043,0,0,14,100,0
72,43,702,14,2,-111.357,-122.3,-11.231,-22.1748,-10.9437,0,0,14,100,0
72,44,716,14,2,-111.95,-122.473,-11.2778,-21.8011,-10.5233,0,0,14,100,0
72,45,730,14,2,-112.505,-122.642,-11.3253,-21.4624,-10.1371,0,0,14,100,0
72,46,744,14,2,-113.027,-122.808,-11.3734,-21.1546,-9.78125,0,0,14,100,0
72,47,758,14,2,-113.519,-122.971,-11.422,-20.8737,-9.45167,0,0,14,100,0
72,48,772,14,2,-113.985,-123.131,-11.471,-20.6166,-9.14561,0,0,14,100,0
72,49,786,14,2,-114.427,-123.288,-11.5204,-20.3806,-8.86025,0,0,14,100,0
72,50,800,14,2,-114.848,-123.442,-11.57,-20.1636,-8.59363,0,0,14,100,0
72,51,814,14,2,-115.25,-123.593,-11.6198,-19.9635,-8.34364,0,0,14,100,0
72,52,828,14,2,-115.633,-123.742,-11.6698,-19.7787,-8.10889,0,0,14,100,0
72,53,842,14,2,-116.001,-123.888,-11.7199,-19.6077,-7.88775,0,0,14,100,0
72,54,856,14,2,-116.353,-124.032,-11.7701,-19.4493,-7.67919,0,0,14,100,0
72,55,870,14,2,-116.692,-124.174,-11.8204,-19.3023,-7.48193,0,0,14,100,0
72,56,884,14,2,-117.018,-124.313,-11.8707,-19.1659,-7.29521,0,0,14,100,0
72,57,898,14,2,-117.332,-124.45,-11.921,-19.039,-7.118,0,0,14,100,0
72,58,912,14,2,-117.636,-124.585,-11.9713,-18.921,-6.94971,0,0,14,100,0
73,1,36,16,1,-95.5995,-118.847,-10.8153,-34.0632,-23.2479,0,0,16,20,0
73,2,52,16,1,-99.0312,-118.546,-10.8466,-30.3613,-19.5147,0,0,16,20,0
73,3,68,16,1,-101.51,-118.234,-10.8946,-27.6185,-16.7239,0,0,16,20,0
73,4,84,16,1,-103.444,-117.91,-10.962,-25.4278,-14.4659,0,0,16,20,0
73,5,100,16,1,-105.028,-117.573,-11.0518,-23.5969,-12.5451,0,0,16,20,0
73,6,116,16,1,-106.369,-117.223,-11.1676,-22.0216,-10.854,0,0,16,20,0
73,7,132,16,1,-107.531,-116.858,-11.3131,-20.64,-9.32693,0,0,16,20,0
73,8,148,16,1,-108.557,-116.477,-11.4923,-19.413,-7.92067,0,0,16,20,0
73,9,164,16,1,-109.474,-116.079,-11.7097,-18.3147,-6.605,0,0,16,20,0
73,10,180,16,1,-110.304,-115.662,-11.9698,-17.3275,-5.3577,0,0,16,20,0
73,11,196,16,1,-111.062,-115.223,-12.2773,-16.4389,-4.16163,0,0,16,20,0
73,12,212,16,1,-111.759,-114.762,-12.6368,-15.6398,-3.00297,0,0,16,20,0
73,13,228,16,1,-112.404,-114.274,-13.053,-14.9232,-1.87012,0,0,16,20,0
73,14,244,16,1,-113.005,-113.757,-13.5306,-14.2834,-0.752871,0,0,16,20,0
73,15,260,16,1,-113.566,-113.208,-14.0739,-13.7157,0.358205,0,0,16,20,0
73,16,276,16,1,-114.094,-112.622,-14.6875,-13.2153,1.47221,0,0,16,20,1
73,17,292,16,2,-111.993,-114.592,-12.7777,-15.3764,-2.59871,1,2,16,20,0
73,18,308,16,2,-111.315,-115.062,-12.3986,-16.1455,-3.74687,0,0,16,20,0
73,19,324,16,2,-110.58,-115.509,-12.0732,-17.0016,-4.92836,0,0,16,20,0
73,20,340,16,2,-109.778,-115.933,-11.7969,-17.9525,-6.15561,0,0,16,20,0
73,21,356,16,2,-108.893,-116.338,-11.5648,-19.0098,-7.44495,0,0,16,20,0
73,22,372,16,2,-107.909,-116.725,-11.3726,-20.1885,-8.81596,0,0,16,20,0
73,23,388,16,2,-106.799,-117.095,-11.2156,-21.5118,-10.2963,0,0,16,20,0
73,24,404,16,2,-105.527,-117.45,-11.0897,-23.0126,-11.9229,0,0,16,20,0
73,25,420,16,2,-104.039,-117.792,-10.9911,-24.744,-13.753,0,0,16,20,0
73,26,436,16,2,-102.245,-118.12,-10.9161,-26.7908,-15.8747,0,0,16,20,0
73,27,452,16,2,-99.9907,-118.436,-10.8616,-29.3072,-18.4456,0,0,16,20,0
73,28,468,16,2,-96.969,-118.742,-10.8247,-32.5972,-21.7726,0,0,16,20,0
73,29,484,16,2,-92.451,-119.036,-10.8028,-37.3882,-26.5854,0,0,16,20,0
73,30,500,16,2,-85.2327,-119.322,-10.7938,-44.8827,-34.0889,0,0,16,20,0
73,31,516,16,2,-88.34,-119.598,-10.7956,-42.0535,-31.2578,0,0,16,20,0
73,32,532,16,2,-94.4995,-119.865,-10.8067,-36.1726,-25.3659,0,0,16,20,0
73,33,548,16,2,-98.2882,-120.125,-10.8257,-32.6625,-21.8369,0,0,16,20,0
73,34,564,16,2,-100.953,-120.377,-10.8513,-30.2759,-19.4246,0,0,16,20,0
73,35,580,16,2,-102.999,-120.622,-10.8824,-28.5053,-17.6229,0,0,16,20,0
73,36,596,16,2,-104.658,-120.86,-10.9182,-27.1203,-16.2021,0,0,16,20,0
73,37,612,16,2,-106.053,-121.092,-10.9579,-25.9973,-15.0394,0,0,16,20,0
73,38,628,16,2,-107.255,-121.318,-11.0009,-25.064,-14.0631,0,0,16,20,0
73,39,644,16,2,-108.312,-121.538,-11.0467,-24.2733,-13.2266,0,0,16,20,0
73,40,660,16,2,-109.254,-121.753,-11.0947,-23.5939,-12.4992,0,0,16,20,0
73,41,676,16,2,-110.104,-121.963,-11.1447,-23.0031,-11.8585,0,0,16,20,0
73,42,692,16,2,-110.879,-122.167,-11.1962,-22.4848,-11.2887,0,0,16,20,0
73,43,708,16,2,-111.59,-122.367,-11.249,-22.0263,-10.7773,0,0,16,20,0
73,44,724,16,2,-112.247,-122.563,-11.3028,-21.6182,-10.3154,0,0,16,20,0
73,45,740,16,2,-112.859,-122.754,-11.3575,-21.2527,-9.89519,0,0,16,20,0
73,46,756,16,2,-113.429,-122.941,-11.4129,-20.9241,-9.5112,0,0,16,20,0
73,47,772,16,2,-113.965,-123.124,-11.4689,-20.6272,-9.15833,0,0,16,20,0
73,48,788,16,2,-114.47,-123.303,-11.5253,-20.3582,-8.83294,0,0,16,20,0
73,49,804,16,2,-114.947,-123.479,-11.5821,-20.1135,-8.53149,0,0,16,20,0
73,50,820,16,2,-115.399,-123.651,-11.6391,-19.8906,-8.25151,0,0,16,20,0
73,51,836,16,2,-115.829,-123.82,-11.6963,-19.6867,-7.99043,0,0,16,20,0
73,52,852,16,2,-116.239,-123.985,-11.7536,-19.5001,-7.7465,0,0,16,20,0
73,53,868,16,2,-116.63,-124.148,-11.811,-19.3288,-7.51781,0,0,16,20,0
73,54,884,16,2,-117.004,-124.307,-11.8685,-19.1716,-7.30308,0,0,16,20,0
73,55,900,16,2,-117.363,-124.464,-11.926,-19.0268,-7.10084,0,0,16,20,0
73,56,916,16,2,-117.708,-124.618,-11.9835,-18.8936,-6.91014,0,0,16,20,0
73,57,932,16,2,-118.039,-124.769,-12.0409,-18.7708,-6.72983,0,0,16,20,0
73,58,948,16,2,-118.358,-124.918,-12.0983,-18.6575,-6.5592,0,0,16,20,0
74,1,46,16,1,-97.8904,-118.66,-10.8331,-31.6028,-20.7697,0,0,16,30,0
74,2,62,16,1,-100.659,-118.352,-10.8745,-28.5674,-17.6929,0,0,16,30,0
74,3,78,16,1,-102.767,-118.032,-10.9342,-26.1995,-15.2653,0,0,16,30,0
74,4,94,16,1,-104.467,-117.701,-11.0153,-24.2492,-13.2339,0,0,16,30,0
74,5,110,16,1,-105.89,-117.356,-11.1209,-22.587,-11.4661,0,0,16,30,0
74,6,126,16,1,-107.113,-116.997,-11.2548,-21.1382,-9.88347,0,0,16,30,0
74,7,142,16,1,-108.186,-116.622,-11.4209,-19.8569,-8.43599,0,0,16,30,0
74,8,158,16,1,-109.141,-116.231,-11.6234,-18.7127,-7.08931,0,0,16,30,0
74,9,174,16,1,-110.002,-115.821,-11.867,-17.6856,-5.81861,0,0,16,30,0
74,10,190,16,1,-110.785,-115.39,-12.1561,-16.7612,-4.60509,0,0,16,30,0
74,11,206,16,1,-111.504,-114.938,-12.4956,-15.9294,-3.43386,0,0,16,30,0
74,12,222,16,1,-112.168,-114.46,-12.89,-15.1826,-2.29259,0,0,16,30,0
74,13,238,16,1,-112.784,-113.955,-13.344,-14.5146,-1.17062,0,0,16,30,0
74,14,254,16,1,-113.36,-113.418,-13.8621,-13.9204,-0.0583044,0,0,16,30,0
74,15,270,16,1,-113.9,-112.846,-14.4489,-13.3953,1.05354,0,0,16,30,1
74,16,286,16,2,-112.234,-114.408,-12.9347,-15.109,-2.17424,1,2,16,30,0
74,17,302,16,2,-111.576,-114.889,-12.5342,-15.8473,-3.31313,0,0,16,30,0
74,18,318,16,2,-110.863,-115.344,-12.1893,-16.6698,-4.48057,0,0,16,30,0
74,19,334,16,2,-110.087,-115.776,-11.895,-17.5842,-5.68916,0,0,16,30,0
74,20,350,16,2,-109.236,-116.188,-11.647,-18.5999,-6.95294,0,0,16,30,0
74,21,366,16,2,-108.291,-116.582,-11.4403,-19.7311,-8.29081,0,0,16,30,0
74,22,382,16,2,-107.232,-116.958,-11.2706,-20.9967,-9.72616,0,0,16,30,0
74,23,398,16,2,-106.026,-117.319,-11.1335,-22.4264,-11.2928,0,0,16,30,0
74,24,414,16,2,-104.627,-117.665,-11.0251,-24.0632,-13.038,0,0,16,30,0
74,25,430,16,2,-102.961,-117.998,-10.9417,-25.9789,-15.0372,0,0,16,30,0
74,26,446,16,2,-100.905,-118.319,-10.8798,-28.2939,-17.414,0,0,16,30,0
74,27,462,16,2,-98.2231,-118.628,-10.8366,-31.2418,-20.4052,0,0,16,30,0
74,28,478,16,2,-94.4028,-118.927,-10.8094,-35.3336,-24.5243,0,0,16,30,0
74,29,494,16,2,-88.1746,-119.216,-10.7958,-41.837,-31.0412,0,0,16,30,0
74,30,510,16,2,-85.3764,-119.495,-10.7938,-44.9127,-34.1189,0,0,16,30,0
74,31,526,16,2,-92.5703,-119.766,-10.8016,-37.9973,-27.1957,0,0,16,30,0
74,32,542,16,2,-97.0426,-120.029,-10.8177,-33.8037,-22.986,0,0,16,30,0
74,33,558,16,2,-100.044,-120.284,-10.841,-31.0803,-20.2393,0,0,16,30,0
74,34,574,16,2,-102.286,-120.531,-10.8701,-29.1151,-18.245,0,0,16,30,0
74,35,590,16,2,-104.072,-120.772,-10.9043,-27.6037,-16.6994,0,0,16,30,0
74,36,606,16,2,-105.556,-121.006,-10.9426,-26.3931,-15.4505,0,0,16,30,0
74,37,622,16,2,-106.824,-121.234,-10.9845,-25.3951,-14.4106,0,0,16,30,0
74,38,638,16,2,-107.93,-121.457,-11.0292,-24.5554,-13.5262,0,0,16,30,0
74,39,654,16,2,-108.913,-121.673,-11.0765,-23.8372,-12.7607,0,0,16,30,0
74,40,670,16,2,-109.795,-121.885,-11.1257,-23.2155,-12.0898,0,0,16,30,0
74,41,686,16,2,-110.596,-122.091,-11.1767,-22.6715,-11.4948,0,0,16,30,0
74,42,702,16,2,-111.33,-122.293,-11.229,-22.1919,-10.9629,0,0,16,30,0
74,43,718,16,2,-112.007,-122.49,-11.2825,-21.7658,-10.4833,0,0,16,30,0
74,44,734,16,2,-112.634,-122.683,-11.3369,-21.3852,-10.0483,0,0,16,30,0
74,45,750,16,2,-113.22,-122.871,-11.3921,-21.0433,-9.65126,0,0,16,30,0
74,46,766,16,2,-113.768,-123.056,-11.4478,-20.7351,-9.2873,0,0,16,30,0
74,47,782,16,2,-114.284,-123.236,-11.5041,-20.456,-8.95194,0,0,16,30,0
74,48,798,16,2,-114.771,-123.413,-11.5607,-20.2027,-8.64193,0,0,16,30,0
74,49,814,16,2,-115.233,-123.587,-11.6177,-19.9718,-8.35412,0,0,16,30,0
74,50,830,16,2,-115.67,-123.757,-11.6748,-19.7611,-8.08627,0,0,16,30,0
74,51,846,16,2,-116.087,-123.924,-11.7321,-19.5682,-7.83606,0,0,16,30,0
74,52,862,16,2,-116.485,-124.087,-11.7895,-19.3914,-7.6019,0,0,16,30,0
74,53,878,16,2,-116.866,-124.248,-11.847,-19.229,-7.38203,0,0,16,30,0
74,54,894,16,2,-117.23,-124.405,-11.9044,-19.0797,-7.17531,0,0,16,30,0
74,55,910,16,2,-117.58,-124.56,-11.9619,-18.9423,-6.98035,0,0,16,30,0
74,56,926,16,2,-117.916,-124.713,-12.0194,-18.8157,-6.79631,0,0,16,30,0
74,57,942,16,2,-118.24,-124.862,-12.0768,-18.6989,-6.62208,0,0,16,30,0
74,58,958,16,2,-118.552,-125.009,-12.1341,-18.5912,-6.45705,0,0,16,30,0
75,1,56,16,1,-99.7184,-118.469,-10.857,-29.6074,-18.7504,0,0,16,40,0
75,2,72,16,1,-102.034,-118.154,-10.9095,-27.0288,-16.1193,0,0,16,40,0
75,3,88,16,1,-103.867,-117.827,-10.9822,-24.9415,-13.9593,0,0,16,40,0
75,4,104,16,1,-105.383,-117.487,-11.0782,-23.1821,-12.1039,0,0,16,40,0
75,5,120,16,1,-106.674,-117.133,-11.201,-21.6599,-10.4588,0,0,16,40,0
75,6,136,16,1,-107.799,-116.764,-11.3545,-20.3199,-8.96539,0,0,16,40,0
75,7,152,16,1,-108.795,-116.38,-11.5429,-19.1271,-7.58424,0,0,16,40,0
75,8,168,16,1,-109.689,-115.977,-11.7706,-18.0581,-6.28751,0,0,16,40,0
75,9,184,16,1,-110.5,-115.554,-12.0421,-17.0965,-5.05447,0,0,16,40,0
75,10,200,16,1,-111.241,-115.11,-12.3621,-16.231,-3.86894,0,0,16,40,0
75,11,216,16,1,-111.925,-114.642,-12.7354,-15.4531,-2.71776,0,0,16,40,0
75,12,232,16,1,-112.558,-114.148,-13.1665,-14.7562,-1.58973,0,0,16,40,0
75,13,248,16,1,-113.148,-113.623,-13.66,-14.1349,-0.47488,0,0,16,40,0
75,14,264,16,1,-113.701,-113.065,-14.2205,-13.5844,0.636076,0,0,16,40,1
75,15,280,16,2,-112.469,-114.221,-13.1002,-14.8525,-1.75225,1,2,16,40,0
75,16,296,16,2,-111.829,-114.712,-12.6777,-15.5609,-2.88319,0,0,16,40,0
75,17,312,16,2,-111.137,-115.176,-12.3124,-16.3512,-4.03876,0,0,16,40,0
75,18,328,16,2,-110.387,-115.617,-11.9997,-17.2299,-5.2302,0,0,16,40,0
75,19,344,16,2,-109.565,-116.036,-11.7349,-18.2064,-6.47156,0,0,16,40,0
75,20,360,16,2,-108.657,-116.436,-11.5132,-19.2922,-7.77899,0,0,16,40,0
75,21,376,16,2,-107.644,-116.819,-11.3302,-20.5049,-9.17471,0,0,16,40,0
75,22,392,16,2,-106.498,-117.185,-11.1814,-21.8686,-10.6872,0,0,16,40,0
75,23,408,16,2,-105.178,-117.537,-11.0627,-23.4215,-12.3588,0,0,16,40,0
75,24,424,16,2,-103.624,-117.875,-10.9703,-25.2215,-14.2512,0,0,16,40,0
75,25,440,16,2,-101.733,-118.2,-10.9007,-27.368,-16.4673,0,0,16,40,0
75,26,456,16,2,-99.3255,-118.514,-10.8508,-30.0389,-19.1881,0,0,16,40,0
75,27,472,16,2,-96.0244,-118.816,-10.8179,-33.6097,-22.7919,0,0,16,40,0
75,28,488,16,2,-90.9137,-119.109,-10.7994,-38.9943,-28.1949,0,0,16,40,0
75,29,504,16,2,-84.1046,-119.392,-10.7933,-46.0803,-35.287,0,0,16,40,0
75,30,520,16,2,-90.2044,-119.665,-10.7976,-40.2587,-29.4611,0,0,16,40,0
75,31,536,16,2,-95.6012,-119.931,-10.8108,-35.1407,-24.3299,0,0,16,40,0
75,32,552,16,2,-99.0322,-120.189,-10.8315,-31.9881,-21.1566,0,0,16,40,0
75,33,568,16,2,-101.511,-120.439,-10.8586,-29.7871,-18.9285,0,0,16,40,0
75,34,584,16,2,-103.444,-120.682,-10.8909,-28.1291,-17.2381,0,0,16,40,0
75,35,600,16,2,-105.029,-120.919,-10.9278,-26.8183,-15.8905,0,0,16,40,0
75,36,616,16,2,-106.369,-121.149,-10.9684,-25.7485,-14.7801,0,0,16,40,0
75,37,632,16,2,-107.532,-121.374,-11.0121,-24.8543,-13.8422,0,0,16,40,0
75,38,648,16,2,-108.557,-121.593,-11.0585,-24.0941,-13.0356,0,0,16,40,0
75,39,664,16,2,-109.475,-121.806,-11.1071,-23.4386,-12.3315,0,0,16,40,0
75,40,680,16,2,-110.304,-122.014,-11.1574,-22.8674,-11.71,0,0,16,40,0
75,41,696,16,2,-111.062,-122.218,-11.2093,-22.3649,-11.1557,0,0,16,40,0
75,42,712,16,2,-111.759,-122.416,-11.2623,-21.9199,-10.6576,0,0,16,40,0
75,43,728,16,2,-112.404,-122.611,-11.3164,-21.523,-10.2066,0,0,16,40,0
75,44,744,16,2,-113.005,-122.801,-11.3713,-21.1674,-9.79608,0,0,16,40,0
75,45,760,16,2,-113.567,-122.987,-11.4269,-20.847,-9.42017,0,0,16,40,0
75,46,776,16,2,-114.094,-123.169,-11.4829,-20.5576,-9.07461,0,0,16,40,0
75,47,792,16,2,-114.592,-123.347,-11.5395,-20.2948,-8.75538,0,0,16,40,0
75,48,808,16,2,-115.062,-123.522,-11.5963,-20.0559,-8.45964,0,0,16,40,0
75,49,824,16,2,-115.509,-123.693,-11.6534,-19.8378,-8.18449,0,0,16,40,0
75,50,840,16,2,-115.933,-123.861,-11.7106,-19.6385,-7.92796,0,0,16,40,0
75,51,856,16,2,-116.338,-124.026,-11.768,-19.4559,-7.68791,0,0,16,40,0
75,52,872,16,2,-116.725,-124.188,-11.8254,-19.2883,-7.46292,0,0,16,40,0
75,53,888,16,2,-117.095,-124.347,-11.8829,-19.1342,-7.25135,0,0,16,40,0
75,54,904,16,2,-117.45,-124.503,-11.9404,-18.9925,-7.05216,0,0,16,40,0
75,55,920,16,2,-117.792,-124.656,-11.9978,-18.8619,-6.86409,0,0,16,40,0
75,56,936,16,2,-118.12,-124.806,-12.0553,-18.7416,-6.68634,0,0,16,40,0
75,57,952,16,2,-118.436,-124.954,-12.1127,-18.6305,-6.51789,0,0,16,40,0
75,58,968,16,2,-118.742,-125.1,-12.1699,-18.5281,-6.35817,0,0,16,40,0
76,1,66,16,1,-101.235,-118.273,-10.8876,-27.9257,-17.0381,0,0,16,50,0
76,2,82,16,1,-103.224,-117.951,-10.9524,-25.6792,-14.7268,0,0,16,50,0
76,3,98,16,1,-104.845,-117.616,-11.0392,-23.8102,-12.771,0,0,16,50,0
76,4,114,16,1,-106.212,-117.267,-11.1516,-22.2069,-11.0554,0,0,16,50,0
76,5,130,16,1,-107.394,-116.905,-11.2931,-20.8036,-9.51048,0,0,16,50,0
76,6,146,16,1,-108.435,-116.526,-11.4679,-19.5589,-8.09097,0,0,16,50,0
76,7,162,16,1,-109.365,-116.13,-11.6803,-18.4456,-6.76533,0,0,16,50,0
76,8,178,16,1,-110.205,-115.715,-11.9348,-17.4453,-5.5105,0,0,16,50,0
76,9,194,16,1,-110.971,-115.279,-12.2361,-16.5449,-4.30883,0,0,16,50,0
76,10,210,16,1,-111.675,-114.821,-12.5888,-15.735,-3.14617,0,0,16,50,0
76,11,226,16,1,-112.326,-114.337,-12.9977,-15.0084,-2.01068,0,0,16,50,0
76,12,242,16,1,-112.932,-113.824,-13.4674,-14.3594,-0.892001,0,0,16,50,0
76,13,258,16,1,-113.498,-113.279,-14.0022,-13.7829,0.219346,0,0,16,50,0
76,14,274,16,1,-114.03,-112.697,-14.6068,-13.2743,1.33249,0,0,16,50,1
76,15,290,16,2,-112.074,-114.531,-12.8291,-15.286,-2.45693,1,2,16,50,0
76,16,306,16,2,-111.403,-115.005,-12.443,-16.0448,-3.60177,0,0,16,50,0
76,17,322,16,2,-110.676,-115.454,-12.1111,-16.8896,-4.77846,0,0,16,50,0
76,18,338,16,2,-109.882,-115.881,-11.8289,-17.8281,-5.99917,0,0,16,50,0
76,19,354,16,2,-109.009,-116.288,-11.5916,-18.8713,-7.27978,0,0,16,50,0
76,20,370,16,2,-108.038,-116.677,-11.3946,-20.0338,-8.63924,0,0,16,50,0
76,21,386,16,2,-106.946,-117.05,-11.2334,-21.3375,-10.1041,0,0,16,50,0
76,22,402,16,2,-105.697,-117.407,-11.1039,-22.8137,-11.7098,0,0,16,50,0
76,23,418,16,2,-104.239,-117.75,-11.0021,-24.5126,-13.5105,0,0,16,50,0
76,24,434,16,2,-102.49,-118.08,-10.9243,-26.5134,-15.5891,0,0,16,50,0
76,25,450,16,2,-100.306,-118.397,-10.8674,-28.9589,-18.0915,0,0,16,50,0
76,26,466,16,2,-97.4068,-118.704,-10.8284,-32.1256,-21.2972,0,0,16,50,0
76,27,482,16,2,-93.1443,-119.0,-10.8048,-36.6606,-25.8558,0,0,16,50,0
76,28,498,16,2,-86.163,-119.287,-10.7943,-43.9178,-33.1235,0,0,16,50,0
76,29,514,16,2,-87.3372,-119.564,-10.7949,-43.0214,-32.2265,0,0,16,50,0
76,30,530,16,2,-93.8974,-119.832,-10.8049,-36.74,-25.9351,0,0,16,50,0
76,31,546,16,2,-97.8918,-120.093,-10.8229,-33.0242,-22.2013,0,0,16,50,0
76,32,562,16,2,-100.66,-120.346,-10.8477,-30.5339,-19.6862,0,0,16,50,0
76,33,578,16,2,-102.768,-120.592,-10.8782,-28.7022,-17.8239,0,0,16,50,0
76,34,594,16,2,-104.467,-120.831,-10.9135,-27.2772,-16.3637,0,0,16,50,0
76,35,610,16,2,-105.89,-121.064,-10.9528,-26.1261,-15.1734,0,0,16,50,0
76,36,626,16,2,-107.114,-121.29,-10.9954,-25.1721,-14.1767,0,0,16,50,0
76,37,642,16,2,-108.187,-121.511,-11.0408,-24.3655,-13.3247,0,0,16,50,0
76,38,658,16,2,-109.142,-121.727,-11.0886,-23.6736,-12.585,0,0,16,50,0
76,39,674,16,2,-110.002,-121.937,-11.1383,-23.0727,-11.9344,0,0,16,50,0
76,40,690,16,2,-110.786,-122.142,-11.1896,-22.5461,-11.3565,0,0,16,50,0
76,41,706,16,2,-111.504,-122.342,-11.2423,-22.0806,-10.8383,0,0,16,50,0
76,42,722,16,2,-112.168,-122.538,-11.296,-21.6667,-10.3707,0,0,16,50,0
76,43,738,16,2,-112.784,-122.73,-11.3506,-21.2963,-9.94563,0,0,16,50,0
76,44,754,16,2,-113.36,-122.918,-11.406,-20.9634,-9.55741,0,0,16,50,0
76,45,770,16,2,-113.9,-123.101,-11.4619,-20.6627,-9.20086,0,0,16,50,0
76,46,786,16,2,-114.409,-123.281,-11.5182,-20.3905,-8.87224,0,0,16,50,0
76,47,802,16,2,-114.889,-123.457,-11.5749,-20.1429,-8.56794,0,0,16,50,0
76,48,818,16,2,-115.344,-123.629,-11.6319,-19.9173,-8.28543,0,0,16,50,0
76,49,834,16,2,-115.777,-123.799,-11.6891,-19.7112,-8.02208,0,0,16,50,0
76,50,850,16,2,-116.189,-123.965,-11.7464,-19.5226,-7.77613,0,0,16,50,0
76,51,866,16,2,-116.582,-124.128,-11.8039,-19.3495,-7.5456,0,0,16,50,0
76,52,882,16,2,-116.958,-124.287,-11.8613,-19.1905,-7.32921,0,0,16,50,0
76,53,898,16,2,-117.319,-124.444,-11.9188,-19.0443,-7.12546,0,0,16,50,0
76,54,914,16,2,-117.665,-124.599,-11.9763,-18.9097,-6.93339,0,0,16,50,0
76,55,930,16,2,-117.998,-124.75,-12.0337,-18.7856,-6.75182,0,0,16,50,0
76,56,946,16,2,-118.319,-124.899,-12.0911,-18.6712,-6.58003,0,0,16,50,0
76,57,962,16,2,-118.628,-125.046,-12.1485,-18.5655,-6.41707,0,0,16,50,0
76,58,978,16,2,-118.927,-125.19,-12.2057,-18.4681,-6.2624,0,0,16,50,0
77,1,76,16,1,-102.53,-118.073,-10.9257,-26.4691,-15.5434,0,0,16,60,0
77,2,92,16,1,-104.272,-117.743,-11.0039,-24.4753,-13.4714,0,0,16,60,0
77,3,108,16,1,-105.724,-117.4,-11.1062,-22.7819,-11.6756,0,0,16,60,0
77,4,124,16,1,-106.969,-117.042,-11.2364,-21.3094,-10.0731,0,0,16,60,0
77,5,140,16,1,-108.059,-116.67,-11.3982,-20.009,-8.61082,0,0,16,60,0
77,6,156,16,1,-109.027,-116.281,-11.596,-18.849,-7.25305,0,0,16,60,0
77,7,172,16,1,-109.899,-115.873,-11.8341,-17.8081,-5.97397,0,0,16,60,0
77,8,188,16,1,-110.691,-115.445,-12.1173,-16.8715,-4.75419,0,0,16,60,0
77,9,204,16,1,-111.417,-114.996,-12.4502,-16.0286,-3.57839,0,0,16,60,0
77,10,220,16,1,-112.087,-114.521,-12.8375,-15.2715,-2.43398,0,0,16,60,0
77,11,236,16,1,-112.709,-114.02,-13.2838,-14.594,-1.31015,0,0,16,60,0
77,12,252,16,1,-113.29,-113.487,-13.7937,-13.9908,-0.197132,0,0,16,60,0
77,13,268,16,1,-113.834,-112.92,-14.3716,-13.4573,0.914272,0,0,16,60,1
77,14,284,16,2,-112.312,-114.346,-12.9885,-15.0229,-2.0344,1,2,16,60,0
77,15,300,16,2,-111.661,-114.83,-12.5811,-15.7506,-3.16943,0,0,16,60,0
77,16,316,16,2,-110.956,-115.288,-12.2295,-16.5622,-4.33266,0,0,16,60,0
77,17,332,16,2,-110.188,-115.724,-11.9292,-17.4646,-5.5354,0,0,16,60,0
77,18,348,16,2,-109.347,-116.138,-11.6756,-18.4669,-6.79134,0,0,16,60,0
77,19,364,16,2,-108.415,-116.534,-11.464,-19.5828,-8.11881,0,0,16,60,0
77,20,380,16,2,-107.372,-116.912,-11.2899,-20.8303,-9.54035,0,0,16,60,0
77,21,396,16,2,-106.186,-117.275,-11.149,-22.2374,-11.0884,0,0,16,60,0
77,22,412,16,2,-104.815,-117.623,-11.0372,-23.8451,-12.8079,0,0,16,60,0
77,23,428,16,2,-103.187,-117.957,-10.9509,-25.7207,-14.7699,0,0,16,60,0
77,24,444,16,2,-101.19,-118.28,-10.8865,-27.9763,-17.0898,0,0,16,60,0
77,25,460,16,2,-98.6056,-118.59,-10.8411,-30.8258,-19.9847,0,0,16,60,0
77,26,476,16,2,-94.9751,-118.89,-10.812,-34.7272,-23.9152,0,0,16,60,0
77,27,492,16,2,-89.1434,-119.18,-10.7968,-40.8337,-30.0369,0,0,16,60,0
77,28,508,16,2,-84.6006,-119.461,-10.7935,-45.6537,-34.8603,0,0,16,60,0
77,29,524,16,2,-91.8363,-119.733,-10.8001,-38.6965,-27.8964,0,0,16,60,0
77,30,540,16,2,-96.5866,-119.996,-10.8153,-34.2249,-23.4096,0,0,16,60,0
77,31,556,16,2,-99.7195,-120.252,-10.8377,-31.3703,-20.5325,0,0,16,60,0
77,32,572,16,2,-102.035,-120.501,-10.8662,-29.3317,-18.4655,0,0,16,60,0
77,33,588,16,2,-103.868,-120.742,-10.8998,-27.7738,-16.8741,0,0,16,60,0
77,34,604,16,2,-105.383,-120.977,-10.9376,-26.5314,-15.5938,0,0,16,60,0
77,35,620,16,2,-106.675,-121.206,-10.9791,-25.5103,-14.5312,0,0,16,60,0
77,36,636,16,2,-107.799,-121.429,-11.0235,-24.6531,-13.6296,0,0,16,60,0
77,37,652,16,2,-108.796,-121.646,-11.0705,-23.9212,-12.8508,0,0,16,60,0
77,38,668,16,2,-109.689,-121.859,-11.1195,-23.2886,-12.1692,0,0,16,60,0
77,39,684,16,2,-110.5,-122.066,-11.1702,-22.7358,-11.5655,0,0,16,60,0
77,40,700,16,2,-111.241,-122.268,-11.2224,-22.2487,-11.0263,0,0,16,60,0
77,41,716,16,2,-111.925,-122.465,-11.2758,-21.8164,-10.5406,0,0,16,60,0
77,42,732,16,2,-112.558,-122.659,-11.3301,-21.4305,-10.1005,0,0,16,60,0
77,43,748,16,2,-113.149,-122.848,-11.3851,-21.0841,-9.69898,0,0,16,60,0
77,44,764,16,2,-113.702,-123.033,-11.4408,-20.772,-9.33116,0,0,16,60,0
77,45,780,16,2,-114.221,-123.214,-11.497,-20.4894,-8.9924,0,0,16,60,0
77,46,796,16,2,-114.712,-123.391,-11.5536,-20.233,-8.67942,0,0,16,60,0
77,47,812,16,2,-115.176,-123.565,-11.6105,-19.9995,-8.38895,0,0,16,60,0
77,48,828,16,2,-115.617,-123.736,-11.6676,-19.7864,-8.11875,0,0,16,60,0
77,49,844,16,2,-116.036,-123.903,-11.7249,-19.5913,-7.86642,0,0,16,60,0
77,50,860,16,2,-116.437,-124.067,-11.7823,-19.4127,-7.63036,0,0,16,60,0
77,51,876,16,2,-116.819,-124.228,-11.8398,-19.2485,-7.40877,0,0,16,60,0
77,52,892,16,2,-117.185,-124.386,-11.8973,-19.0977,-7.20048,0,0,16,60,0
77,53,908,16,2,-117.537,-124.541,-11.9547,-18.9588,-7.0041,0,0,16,60,0
77,54,924,16,2,-117.875,-124.694,-12.0122,-18.831,-6.81876,0,0,16,60,0
77,55,940,16,2,-118.2,-124.844,-12.0696,-18.713,-6.64334,0,0,16,60,0
77,56,956,16,2,-118.514,-124.991,-12.127,-18.6042,-6.47721,0,0,16,60,0
77,57,972,16,2,-118.816,-125.136,-12.1843,-18.5037,-6.31946,0,0,16,60,0
77,58,988,16,2,-119.109,-125.278,-12.2415,-18.411,-6.16959,0,0,16,60,0
78,1,86,16,1,-103.658,-117.868,-10.9719,-25.182,-14.2101,0,0,16,70,0
78,2,102,16,1,-105.207,-117.53,-11.0648,-23.3876,-12.3228,0,0,16,70,0
78,3,118,16,1,-106.523,-117.178,-11.1841,-21.8393,-10.6552,0,0,16,70,0
78,4,134,16,1,-107.666,-116.811,-11.3335,-20.4788,-9.14526,0,0,16,70,0
78,5,150,16,1,-108.677,-116.429,-11.5173,-19.2691,-7.75177,0,0,16,70,0
78,6,166,16,1,-109.582,-116.028,-11.7398,-18.1855,-6.44574,0,0,16,70,0
78,7,182,16,1,-110.402,-115.608,-12.0056,-17.2113,-5.2057,0,0,16,70,0
78,8,198,16,1,-111.152,-115.167,-12.3193,-16.3343,-4.015,0,0,16,70,0
78,9,214,16,1,-111.842,-114.702,-12.6856,-15.5458,-2.86017,0,0,16,70,0
78,10,230,16,1,-112.481,-114.211,-13.1093,-14.8391,-1.72981,0,0,16,70,0
78,11,246,16,1,-113.077,-113.691,-13.5948,-14.2086,-0.613836,0,0,16,70,0
78,12,262,16,1,-113.634,-113.137,-14.1466,-13.6495,0.497109,0,0,16,70,0
78,13,278,16,1,-114.158,-112.546,-14.7694,-13.1573,1.61213,0,0,16,70,1
78,14,294,16,2,-111.911,-114.652,-12.7273,-15.468,-2.74072,1,2,16,70,0
78,15,310,16,2,-111.227,-115.119,-12.3551,-16.2477,-3.8926,0,0,16,70,0
78,16,326,16,2,-110.484,-115.563,-12.0361,-17.115,-5.07885,0,0,16,70,0
78,17,342,16,2,-109.672,-115.985,-11.7655,-18.0787,-6.31315,0,0,16,70,0
78,18,358,16,2,-108.776,-116.387,-11.5387,-19.15,-7.61123,0,0,16,70,0
78,19,374,16,2,-107.777,-116.772,-11.3511,-20.3456,-8.99455,0,0,16,70,0
78,20,390,16,2,-106.65,-117.14,-11.1982,-21.6887,-10.4905,0,0,16,70,0
78,21,406,16,2,-105.354,-117.494,-11.076,-23.2153,-12.1394,0,0,16,70,0
78,22,422,16,2,-103.834,-117.833,-10.9805,-24.9801,-13.9996,0,0,16,70,0
78,23,438,16,2,-101.993,-118.16,-10.9082,-27.0758,-16.1676,0,0,16,70,0
78,24,454,16,2,-99.6646,-118.475,-10.8561,-29.6665,-18.8104,0,0,16,70,0
78,25,470,16,2,-96.5083,-118.779,-10.8212,-33.0918,-22.2707,0,0,16,70,0
78,26,486,16,2,-91.7102,-119.073,-10.801,-38.1634,-27.3624,0,0,16,70,0
78,27,502,16,2,-84.4997,-119.357,-10.7935,-45.6504,-34.857,0,0,16,70,0
78,28,518,16,2,-89.3004,-119.632,-10.7965,-41.1279,-30.3313,0,0,16,70,0
78,29,534,16,2,-95.0664,-119.898,-10.8087,-35.6406,-24.8319,0,0,16,70,0
78,30,550,16,2,-98.6678,-120.157,-10.8285,-32.3178,-21.4892,0,0,16,70,0
78,31,566,16,2,-101.236,-120.408,-10.8549,-30.027,-19.1721,0,0,16,70,0
78,32,582,16,2,-103.225,-120.652,-10.8866,-28.3144,-17.4278,0,0,16,70,0
78,33,598,16,2,-104.845,-120.89,-10.923,-26.9673,-16.0443,0,0,16,70,0
78,34,614,16,2,-106.213,-121.121,-10.9631,-25.8716,-14.9084,0,0,16,70,0
78,35,630,16,2,-107.395,-121.346,-11.0065,-24.958,-13.9515,0,0,16,70,0
78,36,646,16,2,-108.435,-121.566,-11.0526,-24.1829,-13.1303,0,0,16,70,0
78,37,662,16,2,-109.365,-121.78,-11.1009,-23.5155,-12.4147,0,0,16,70,0
78,38,678,16,2,-110.205,-121.989,-11.151,-22.9348,-11.7837,0,0,16,70,0
78,39,694,16,2,-110.971,-122.193,-11.2027,-22.4244,-11.2217,0,0,16,70,0
78,40,710,16,2,-111.675,-122.392,-11.2556,-21.9727,-10.7171,0,0,16,70,0
78,41,726,16,2,-112.326,-122.587,-11.3096,-21.5702,-10.2606,0,0,16,70,0
78,42,742,16,2,-112.932,-122.777,-11.3644,-21.2098,-9.8454,0,0,16,70,0
78,43,758,16,2,-113.498,-122.964,-11.4199,-20.8853,-9.46541,0,0,16,70,0
78,44,774,16,2,-114.03,-123.146,-11.4759,-20.5922,-9.1163,0,0,16,70,0
78,45,790,16,2,-114.531,-123.325,-11.5324,-20.3263,-8.79394,0,0,16,70,0
78,46,806,16,2,-115.005,-123.5,-11.5892,-20.0846,-8.49543,0,0,16,70,0
78,47,822,16,2,-115.454,-123.672,-11.6462,-19.864,-8.21782,0,0,16,70,0
78,48,838,16,2,-115.881,-123.841,-11.7034,-19.6625,-7.95909,0,0,16,70,0
78,49,854,16,2,-116.289,-124.006,-11.7608,-19.4778,-7.71706,0,0,16,70,0
78,50,870,16,2,-116.678,-124.168,-11.8182,-19.3085,-7.49028,0,0,16,70,0
78,51,886,16,2,-117.05,-124.327,-11.8757,-19.1528,-7.27709,0,0,16,70,0
78,52,902,16,2,-117.407,-124.483,-11.9332,-19.0096,-7.07644,0,0,16,70,0
78,53,918,16,2,-117.75,-124.637,-11.9907,-18.8777,-6.88701,0,0,16,70,0
78,54,934,16,2,-118.08,-124.788,-12.0481,-18.7561,-6.70803,0,0,16,70,0
78,55,950,16,2,-118.398,-124.936,-12.1055,-18.6439,-6.53846,0,0,16,70,0
78,56,966,16,2,-118.704,-125.082,-12.1628,-18.5405,-6.37769,0,0,16,70,0
78,57,982,16,2,-119.0,-125.225,-12.22,-18.4449,-6.22489,0,0,16,70,0
78,58,998,16,2,-119.287,-125.366,-12.2772,-18.3568,-6.0796,0,0,16,70,0
79,1,96,16,1,-104.658,-117.658,-11.0271,-24.0276,-13.0005,0,0,16,80,0
79,2,112,16,1,-106.052,-117.312,-11.136,-22.3954,-11.2593,0,0,16,80,0
79,3,128,16,1,-107.255,-116.951,-11.2737,-20.9697,-9.69596,0,0,16,80,0
79,4,144,16,1,-108.311,-116.574,-11.4441,-19.7068,-8.26273,0,0,16,80,0
79,5,160,16,1,-109.254,-116.18,-11.6515,-18.5783,-6.92675,0,0,16,80,0
79,6,176,16,1,-110.104,-115.768,-11.9005,-17.5647,-5.66412,0,0,16,80,0
79,7,192,16,1,-110.878,-115.335,-12.1957,-16.6524,-4.45664,0,0,16,80,0
79,8,208,16,1,-111.59,-114.879,-12.5418,-15.8316,-3.28979,0,0,16,80,0
79,9,224,16,1,-112.247,-114.399,-12.9434,-15.0949,-2.15149,0,0,16,80,0
79,10,240,16,1,-112.858,-113.889,-13.4052,-14.4364,-1.03125,0,0,16,80,0
79,11,256,16,1,-113.429,-113.349,-13.9316,-13.8511,0.0805158,0,0,16,80,0
79,12,272,16,1,-113.965,-112.772,-14.5273,-13.3343,1.19294,0,0,16,80,1
79,13,288,16,2,-112.154,-114.47,-12.8814,-15.1969,-2.31549,1,2,16,80,0
79,14,304,16,2,-111.49,-114.947,-12.4882,-15.9453,-3.45716,0,0,16,80,0
79,15,320,16,2,-110.77,-115.399,-12.1498,-16.779,-4.62925,0,0,16,80,0
79,16,336,16,2,-109.985,-115.829,-11.8616,-17.7053,-5.84365,0,0,16,80,0
79,17,352,16,2,-109.123,-116.239,-11.6189,-18.7348,-7.11585,0,0,16,80,0
79,18,368,16,2,-108.166,-116.63,-11.4172,-19.8813,-8.46416,0,0,16,80,0
79,19,384,16,2,-107.09,-117.004,-11.2517,-21.1659,-9.91419,0,0,16,80,0
79,20,400,16,2,-105.863,-117.363,-11.1185,-22.6183,-11.4998,0,0,16,80,0
79,21,416,16,2,-104.435,-117.708,-11.0134,-24.2858,-13.2724,0,0,16,80,0
79,22,432,16,2,-102.729,-118.039,-10.9328,-26.2427,-15.3099,0,0,16,80,0
79,23,448,16,2,-100.61,-118.358,-10.8735,-28.6215,-17.748,0,0,16,80,0
79,24,464,16,2,-97.8245,-118.666,-10.8324,-31.6741,-20.8417,0,0,16,80,0
79,25,480,16,2,-93.793,-118.964,-10.807,-35.9776,-25.1707,0,0,16,80,0
79,26,496,16,2,-87.1697,-119.251,-10.7949,-42.8764,-32.0815,0,0,16,80,0
79,27,512,16,2,-86.3266,-119.53,-10.7942,-43.9972,-33.2029,0,0,16,80,0
79,28,528,16,2,-93.2557,-119.799,-10.8032,-37.3468,-26.5436,0,0,16,80,0
79,29,544,16,2,-97.4772,-120.061,-10.8203,-33.404,-22.5837,0,0,16,80,0
79,30,560,16,2,-100.357,-120.315,-10.8443,-30.8019,-19.9576,0,0,16,80,0
79,31,576,16,2,-102.53,-120.562,-10.8741,-28.9053,-18.0311,0,0,16,80,0
79,32,592,16,2,-104.272,-120.802,-10.9088,-27.4383,-16.5295,0,0,16,80,0
79,33,608,16,2,-105.725,-121.035,-10.9477,-26.258,-15.3103,0,0,16,80,0
79,34,624,16,2,-106.97,-121.262,-10.9899,-25.2825,-14.2926,0,0,16,80,0
79,35,640,16,2,-108.059,-121.484,-11.035,-24.4595,-13.4245,0,0,16,80,0
79,36,656,16,2,-109.028,-121.7,-11.0825,-23.7547,-12.6722,0,0,16,80,0
79,37,672,16,2,-109.899,-121.911,-11.132,-23.1435,-12.0114,0,0,16,80,0
79,38,688,16,2,-110.691,-122.117,-11.1832,-22.6084,-11.4252,0,0,16,80,0
79,39,704,16,2,-111.417,-122.318,-11.2356,-22.1358,-10.9002,0,0,16,80,0
79,40,720,16,2,-112.087,-122.514,-11.2892,-21.7159,-10.4267,0,0,16,80,0
79,41,736,16,2,-112.71,-122.706,-11.3438,-21.3404,-9.99663,0,0,16,80,0
79,42,752,16,2,-113.29,-122.894,-11.399,-21.0031,-9.60412,0,0,16,80,0
79,43,768,16,2,-113.835,-123.078,-11.4549,-20.6987,-9.24383,0,0,16,80,0
79,44,784,16,2,-114.347,-123.259,-11.5112,-20.4231,-8.91193,0,0,16,80,0
79,45,800,16,2,-114.83,-123.435,-11.5678,-20.1726,-8.60474,0,0,16,80,0
79,46,816,16,2,-115.288,-123.608,-11.6248,-19.9444,-8.31965,0,0,16,80,0
79,47,832,16,2,-115.724,-123.778,-11.682,-19.736,-8.05401,0,0,16,80,0
79,48,848,16,2,-116.138,-123.944,-11.7393,-19.5453,-7.806,0,0,16,80,0
79,49,864,16,2,-116.534,-124.107,-11.7967,-19.3703,-7.57361,0,0,16,80,0
79,50,880,16,2,-116.912,-124.268,-11.8541,-19.2097,-7.35555,0,0,16,80,0
79,51,896,16,2,-117.275,-124.425,-11.9116,-19.0619,-7.15027,0,0,16,80,0
79,52,912,16,2,-117.623,-124.58,-11.9691,-18.9259,-6.95681,0,0,16,80,0
79,53,928,16,2,-117.957,-124.731,-12.0266,-18.8005,-6.77396,0,0,16,80,0
79,54,944,16,2,-118.28,-124.881,-12.084,-18.685,-6.60101,0,0,16,80,0
79,55,960,16,2,-118.59,-125.027,-12.1413,-18.5783,-6.43697,0,0,16,80,0
79,56,976,16,2,-118.89,-125.172,-12.1986,-18.4799,-6.28131,0,0,16,80,0
79,57,992,16,2,-119.18,-125.314,-12.2557,-18.389,-6.13323,0,0,16,80,0
79,58,1008,16,2,-119.461,-125.453,-12.3128,-18.3051,-5.9923,0,0,16,80,0
80,1,106,16,1,-105.555,-117.443,-11.092,-22.9802,-11.8882,0,0,16,90,0
80,2,122,16,1,-106.823,-117.088,-11.2184,-21.4833,-10.2648,0,0,16,90,0
80,3,138,16,1,-107.93,-116.717,-11.3761,-20.1634,-8.78727,0,0,16,90,0
80,4,154,16,1,-108.912,-116.33,-11.5691,-18.9871,-7.41801,0,0,16,90,0
80,5,170,16,1,-109.795,-115.925,-11.802,-17.9323,-6.13026,0,0,16,90,0
80,6,186,16,1,-110.596,-115.5,-12.0793,-16.9833,-4.90397,0,0,16,90,0
80,7,202,16,1,-111.33,-115.053,-12.4057,-16.1291,-3.72341,0,0,16,90,0
80,8,218,16,1,-112.006,-114.582,-12.786,-15.3617,-2.5757,0,0,16,90,0
80,9,234,16,1,-112.634,-114.084,-13.2247,-14.6745,-1.44984,0,0,16,90,0
80,10,250,16,1,-113.22,-113.556,-13.7263,-14.0623,-0.335985,0,0,16,90,0
80,11,266,16,1,-113.768,-112.993,-14.2955,-13.5204,0.775125,0,0,16,90,1
80,12,282,16,2,-112.391,-114.284,-13.0441,-14.9367,-1.8926,1,2,16,90,0
80,13,298,16,2,-111.745,-114.771,-12.629,-15.6551,-3.02616,0,0,16,90,0
80,14,314,16,2,-111.047,-115.232,-12.2706,-16.4559,-4.18536,0,0,16,90,0
80,15,330,16,2,-110.288,-115.67,-11.9641,-17.3465,-5.38246,0,0,16,90,0
80,16,346,16,2,-109.456,-116.087,-11.7049,-18.3358,-6.63084,0,0,16,90,0
80,17,362,16,2,-108.537,-116.485,-11.4883,-19.4366,-7.94827,0,0,16,90,0
80,18,378,16,2,-107.509,-116.866,-11.3098,-20.6663,-9.35649,0,0,16,90,0
80,19,394,16,2,-106.343,-117.23,-11.1649,-22.0516,-10.8866,0,0,16,90,0
80,20,410,16,2,-104.998,-117.58,-11.0498,-23.6312,-12.5814,0,0,16,90,0
80,21,426,16,2,-103.408,-117.916,-10.9604,-25.4685,-14.5081,0,0,16,90,0
80,22,442,16,2,-101.466,-118.24,-10.8934,-27.6677,-16.7742,0,0,16,90,0
80,23,458,16,2,-98.9725,-118.552,-10.8458,-30.4254,-19.5796,0,0,16,90,0
80,24,474,16,2,-95.5149,-118.853,-10.8148,-34.1533,-23.3384,0,0,16,90,0
80,25,490,16,2,-90.0572,-119.145,-10.798,-39.8853,-29.0873,0,0,16,90,0
80,26,506,16,2,-84.1397,-119.426,-10.7933,-46.0799,-35.2866,0,0,16,90,0
80,27,522,16,2,-91.049,-119.699,-10.7988,-39.449,-28.6502,0,0,16,90,0
80,28,538,16,2,-96.1069,-119.964,-10.813,-34.6698,-23.8568,0,0,16,90,0
80,29,554,16,2,-99.3826,-120.22,-10.8346,-31.6725,-20.8379,0,0,16,90,0
80,30,570,16,2,-101.777,-120.47,-10.8623,-29.5556,-18.6933,0,0,16,90,0
80,31,586,16,2,-103.659,-120.712,-10.8953,-27.9488,-17.0535,0,0,16,90,0
80,32,602,16,2,-105.208,-120.948,-10.9327,-26.6732,-15.7405,0,0,16,90,0
80,33,618,16,2,-106.523,-121.178,-10.9737,-25.628,-14.6543,0,0,16,90,0
80,34,634,16,2,-107.667,-121.402,-11.0178,-24.7528,-13.735,0,0,16,90,0
80,35,650,16,2,-108.677,-121.62,-11.0645,-24.0068,-12.9424,0,0,16,90,0
80,36,666,16,2,-109.583,-121.832,-11.1132,-23.363,-12.2498,0,0,16,90,0
80,37,682,16,2,-110.403,-122.04,-11.1638,-22.801,-11.6372,0,0,16,90,0
80,38,698,16,2,-111.152,-122.243,-11.2158,-22.3064,-11.0906,0,0,16,90,0
80,39,714,16,2,-111.842,-122.441,-11.269,-21.8677,-10.5987,0,0,16,90,0
80,40,730,16,2,-112.482,-122.635,-11.3232,-21.4765,-10.1533,0,0,16,90,0
80,41,746,16,2,-113.077,-122.824,-11.3782,-21.1254,-9.74723,0,0,16,90,0
80,42,762,16,2,-113.634,-123.01,-11.4338,-20.8093,-9.37547,0,0,16,90,0
80,43,778,16,2,-114.158,-123.191,-11.49,-20.5233,-9.03327,0,0,16,90,0
80,44,794,16,2,-114.652,-123.369,-11.5465,-20.2638,-8.71725,0,0,16,90,0
80,45,810,16,2,-115.12,-123.544,-11.6034,-20.0275,-8.42411,0,0,16,90,0
80,46,826,16,2,-115.563,-123.715,-11.6605,-19.812,-8.15151,0,0,16,90,0
80,47,842,16,2,-115.985,-123.882,-11.7178,-19.6148,-7.89703,0,0,16,90,0
80,48,858,16,2,-116.387,-124.047,-11.7751,-19.4342,-7.65905,0,0,16,90,0
80,49,874,16,2,-116.772,-124.208,-11.8326,-19.2683,-7.43571,0,0,16,90,0
80,50,890,16,2,-117.14,-124.366,-11.8901,-19.1159,-7.22585,0,0,16,90,0
80,51,906,16,2,-117.494,-124.522,-11.9476,-18.9756,-7.02802,0,0,16,90,0
80,52,922,16,2,-117.833,-124.675,-12.005,-18.8464,-6.84137,0,0,16,90,0
80,53,938,16,2,-118.16,-124.825,-12.0625,-18.7272,-6.66475,0,0,16,90,0
80,54,954,16,2,-118.475,-124.973,-12.1198,-18.6173,-6.49751,0,0,16,90,0
80,55,970,16,2,-118.779,-125.118,-12.1771,-18.5158,-6.33873,0,0,16,90,0
80,56,986,16,2,-119.073,-125.261,-12.2343,-18.4222,-6.18792,0,0,16,90,0
80,57,1002,16,2,-119.357,-125.401,-12.2914,-18.3358,-6.04433,0,0,16,90,0
80,58,1018,16,2,-119.632,-125.539,-12.3484,-18.256,-5.90757,0,0,16,90,0
81,1,116,16,1,-106.369,-117.223,-11.1676,-22.0216,-10.854,0,0,16,100,0
81,2,132,16,1,-107.531,-116.858,-11.3131,-20.64,-9.32693,0,0,16,100,0
81,3,148,16,1,-108.557,-116.477,-11.4923,-19.413,-7.92067,0,0,16,100,0
81,4,164,16,1,-109.474,-116.079,-11.7097,-18.3147,-6.605,0,0,16,100,0
81,5,180,16,1,-110.304,-115.662,-11.9698,-17.3275,-5.3577,0,0,16,100,0
81,6,196,16,1,-111.062,-115.223,-12.2773,-16.4389,-4.16163,0,0,16,100,0
81,7,212,16,1,-111.759,-114.762,-12.6368,-15.6398,-3.00297,0,0,16,100,0
81,8,228,16,1,-112.404,-114.274,-13.053,-14.9232,-1.87012,0,0,16,100,0
81,9,244,16,1,-113.005,-113.757,-13.5306,-14.2834,-0.752871,0,0,16,100,0
81,10,260,16,1,-113.566,-113.208,-14.0739,-13.7157,0.358205,0,0,16,100,0
81,11,276,16,1,-114.094,-112.622,-14.6875,-13.2153,1.47221,0,0,16,100,1
81,12,292,16,2,-111.993,-114.592,-12.7778,-15.3764,-2.5986,1,2,16,100,0
81,13,308,16,2,-111.315,-115.062,-12.3986,-16.1456,-3.74698,0,0,16,100,0
81,14,324,16,2,-110.58,-115.509,-12.0732,-17.0015,-4.92823,0,0,16,100,0
81,15,340,16,2,-109.778,-115.933,-11.7968,-17.9526,-6.15575,0,0,16,100,0
81,16,356,16,2,-108.893,-116.338,-11.5648,-19.0096,-7.44479,0,0,16,100,0
81,17,372,16,2,-107.909,-116.725,-11.3725,-20.1887,-8.81614,0,0,16,100,0
81,18,388,16,2,-106.799,-117.095,-11.2156,-21.5117,-10.2961,0,0,16,100,0
81,19,404,16,2,-105.527,-117.45,-11.0897,-23.0129,-11.9232,0,0,16,100,0
81,20,420,16,2,-104.039,-117.792,-10.9911,-24.7438,-13.7527,0,0,16,100,0
81,21,436,16,2,-102.245,-118.12,-10.9161,-26.7912,-15.8751,0,0,16,100,0
81,22,452,16,2,-99.9913,-118.436,-10.8616,-29.3066,-18.445,0,0,16,100,0
81,23,468,16,2,-96.9681,-118.742,-10.8247,-32.5981,-21.7734,0,0,16,100,0
81,24,484,16,2,-92.4527,-119.036,-10.8028,-37.3866,-26.5838,0,0,16,100,0
81,25,500,16,2,-85.2319,-119.322,-10.7938,-44.8836,-34.0898,0,0,16,100,0
81,26,516,16,2,-88.3401,-119.598,-10.7956,-42.0533,-31.2577,0,0,16,100,0
81,27,532,16,2,-94.4997,-119.865,-10.8067,-36.1725,-25.3658,0,0,16,100,0
81,28,548,16,2,-98.288,-120.125,-10.8257,-32.6628,-21.8371,0,0,16,100,0
81,29,564,16,2,-100.953,-120.377,-10.8513,-30.2757,-19.4244,0,0,16,100,0
81,30,580,16,2,-102.999,-120.622,-10.8824,-28.5054,-17.6231,0,0,16,100,0
81,31,596,16,2,-104.659,-120.86,-10.9182,-27.1201,-16.2019,0,0,16,100,0
81,32,612,16,2,-106.053,-121.092,-10.9579,-25.9974,-15.0395,0,0,16,100,0
81,33,628,16,2,-107.255,-121.318,-11.0009,-25.0639,-14.063,0,0,16,100,0
81,34,644,16,2,-108.312,-121.538,-11.0467,-24.2734,-13.2267,0,0,16,100,0
81,35,660,16,2,-109.254,-121.753,-11.0947,-23.5938,-12.4991,0,0,16,100,0
81,36,676,16,2,-110.104,-121.963,-11.1447,-23.0032,-11.8586,0,0,16,100,0
81,37,692,16,2,-110.879,-122.167,-11.1962,-22.4847,-11.2886,0,0,16,100,0
81,38,708,16,2,-111.59,-122.367,-11.2489,-22.0263,-10.7774,0,0,16,100,0
81,39,724,16,2,-112.247,-122.563,-11.3028,-21.6181,-10.3153,0,0,16,100,0
81,40,740,16,2,-112.858,-122.754,-11.3575,-21.2528,-9.89527,0,0,16,100,0
81,41,756,16,2,-113.43,-122.941,-11.4129,-20.9241,-9.51113,0,0,16,100,0
81,42,772,16,2,-113.965,-123.124,-11.4689,-20.6273,-9.1584,0,0,16,100,0
81,43,788,16,2,-114.47,-123.303,-11.5253,-20.3582,-8.83287,0,0,16,100,0
81,44,804,16,2,-114.947,-123.479,-11.582,-20.1136,-8.53155,0,0,16,100,0
81,45,820,16,2,-115.399,-123.651,-11.6391,-19.8905,-8.25145,0,0,16,100,0
81,46,836,16,2,-115.829,-123.82,-11.6963,-19.6867,-7.99048,0,0,16,100,0
81,47,852,16,2,-116.239,-123.985,-11.7536,-19.5001,-7.74645,0,0,16,100,0
81,48,868,16,2,-116.63,-124.148,-11.811,-19.3289,-7.51786,0,0,16,100,0
81,49,884,16,2,-117.004,-124.307,-11.8685,-19.1715,-7.30303,0,0,16,100,0
81,50,900,16,2,-117.363,-124.464,-11.926,-19.0269,-7.10088,0,0,16,100,0
81,51,916,16,2,-117.708,-124.618,-11.9835,-18.8936,-6.9101,0,0,16,100,0
81,52,932,16,2,-118.039,-124.769,-12.0409,-18.7708,-6.72987,0,0,16,100,0
81,53,948,16,2,-118.358,-124.918,-12.0983,-18.6575,-6.55915,0,0,16,100,0
81,54,964,16,2,-118.666,-125.064,-12.1556,-18.553,-6.39734,0,0,16,100,0
81,55,980,16,2,-118.964,-125.207,-12.2129,-18.4564,-6.24357,0,0,16,100,0
81,56,996,16,2,-119.251,-125.349,-12.27,-18.3674,-6.09738,0,0,16,100,0
81,57,1012,16,2,-119.53,-125.488,-12.3271,-18.2851,-5.95807,0,0,16,100,0
81,58,1028,16,2,-119.799,-125.625,-12.384,-18.2093,-5.82528,0,0,16,100,0
82,1,38,18,1,-95.9529,-118.821,-10.8174,-33.686,-22.8686,0,0,18,20,0
82,2,56,18,1,-99.6167,-118.481,-10.8553,-29.7191,-18.8638,0,0,18,20,0
82,3,74,18,1,-102.21,-118.126,-10.915,-26.831,-15.916,0,0,18,20,0
82,4,92,18,1,-104.211,-117.756,-11.0005,-24.5449,-13.5444,0,0,18,20,0
82,5,110,18,1,-105.84,-117.369,-11.1164,-22.6458,-11.5294,0,0,18,20,0
82,6,128,18,1,-107.212,-116.965,-11.2679,-21.0205,-9.75264,0,0,18,20,0
82,7,146,18,1,-108.398,-116.54,-11.4606,-19.6035,-8.14289,0,0,18,20,0
82,8,164,18,1,-109.441,-116.095,-11.7007,-18.3542,-6.65348,0,0,18,20,0
82,9,182,18,1,-110.373,-115.624,-11.9946,-17.2463,-5.25167,0,0,18,20,0
82,10,200,18,1,-111.214,-115.127,-12.349,-16.2621,-3.91311,0,0,18,20,0
82,11,218,18,1,-111.982,-114.6,-12.7706,-15.3892,-2.61867,0,0,18,20,0
82,12,236,18,1,-112.687,-114.039,-13.2658,-14.6182,-1.3524,0,0,18,20,0
82,13,254,18,1,-113.339,-113.439,-13.8413,-13.9416,-0.100299,0,0,18,20,0
82,14,272,18,1,-113.945,-112.795,-14.5034,-13.3527,1.15076,0,0,18,20,1
82,15,290,18,2,-112.098,-114.513,-12.8448,-15.259,-2.41418,1,2,18,20,0
82,16,308,18,2,-111.342,-115.045,-12.4119,-16.1149,-3.70299,0,0,18,20,0
82,17,326,18,2,-110.513,-115.546,-12.0472,-17.0806,-5.03344,0,0,18,20,0
82,18,344,18,2,-109.597,-116.021,-11.7441,-18.1676,-6.42351,0,0,18,20,0
82,19,362,18,2,-108.573,-116.47,-11.4957,-19.3929,-7.89714,0,0,18,20,0
82,20,380,18,2,-107.413,-116.898,-11.2959,-20.7806,-9.48473,0,0,18,20,0
82,21,398,18,2,-106.074,-117.305,-11.1381,-22.3692,-11.231,0,0,18,20,0
82,22,416,18,2,-104.493,-117.695,-11.0169,-24.2182,-13.2013,0,0,18,20,0
82,23,434,18,2,-102.562,-118.067,-10.9268,-26.4318,-15.505,0,0,18,20,0
82,24,452,18,2,-100.087,-118.425,-10.8633,-29.2011,-18.3378,0,0,18,20,0
82,25,470,18,2,-96.6475,-118.768,-10.8222,-32.9423,-22.1201,0,0,18,20,0
82,26,488,18,2,-91.1547,-119.098,-10.7999,-38.7429,-27.9431,0,0,18,20,0
82,27,506,18,2,-84.0965,-119.416,-10.7933,-46.1126,-35.3193,0,0,18,20,0
82,28,524,18,2,-91.5989,-119.723,-10.7997,-38.9234,-28.1237,0,0,18,20,0
82,29,542,18,2,-96.9055,-120.019,-10.817,-33.9303,-23.1134,0,0,18,20,0
82,30,560,18,2,-100.263,-120.305,-10.8433,-30.8858,-20.0425,0,0,18,20,0
82,31,578,18,2,-102.696,-120.583,-10.877,-28.7634,-17.8864,0,0,18,20,0
82,32,596,18,2,-104.601,-120.852,-10.9168,-27.1676,-16.2508,0,0,18,20,0
82,33,614,18,2,-106.165,-121.112,-10.9616,-25.9094,-14.9478,0,0,18,20,0
82,34,632,18,2,-107.49,-121.365,-11.0104,-24.8857,-13.8753,0,0,18,20,0
82,35,650,18,2,-108.641,-121.611,-11.0627,-24.0331,-12.9705,0,0,18,20,0
82,36,668,18,2,-109.657,-121.851,-11.1176,-23.3111,-12.1935,0,0,18,20,0
82,37,686,18,2,-110.567,-122.083,-11.1747,-22.6909,-11.5162,0,0,18,20,0
82,38,704,18,2,-111.391,-122.31,-11.2336,-22.1528,-10.9192,0,0,18,20,0
82,39,722,18,2,-112.144,-122.531,-11.294,-21.6815,-10.3875,0,0,18,20,0
82,40,740,18,2,-112.836,-122.747,-11.3554,-21.2659,-9.91049,0,0,18,20,0
82,41,758,18,2,-113.478,-122.957,-11.4178,-20.897,-9.4792,0,0,18,20,0
82,42,776,18,2,-114.075,-123.162,-11.4808,-20.568,-9.08719,0,0,18,20,0
82,43,794,18,2,-114.634,-123.363,-11.5444,-20.2731,-8.72871,0,0,18,20,0
82,44,812,18,2,-115.159,-123.559,-11.6084,-20.008,-8.39962,0,0,18,20,0
82,45,830,18,2,-115.654,-123.75,-11.6726,-19.7686,-8.09601,0,0,18,20,0
82,46,848,18,2,-116.123,-123.938,-11.7371,-19.5522,-7.81508,0,0,18,20,0
82,47,866,18,2,-116.567,-124.121,-11.8017,-19.3557,-7.55405,0,0,18,20,0
82,48,884,18,2,-116.99,-124.301,-11.8663,-19.1773,-7.31097,0,0,18,20,0
82,49,902,18,2,-117.394,-124.477,-11.931,-19.0148,-7.08376,0,0,18,20,0
82,50,920,18,2,-117.779,-124.65,-11.9957,-18.8667,-6.87105,0,0,18,20,0
82,51,938,18,2,-118.148,-124.819,-12.0603,-18.7315,-6.67124,0,0,18,20,0
82,52,956,18,2,-118.502,-124.985,-12.1248,-18.6081,-6.48334,0,0,18,20,0
82,53,974,18,2,-118.842,-125.148,-12.1893,-18.4953,-6.30608,0,0,18,20,0
82,54,992,18,2,-119.17,-125.308,-12.2536,-18.3923,-6.13873,0,0,18,20,0
82,55,1010,18,2,-119.485,-125.465,-12.3178,-18.2981,-5.98028,0,0,18,20,0
82,56,1028,18,2,-119.789,-125.62,-12.3819,-18.2121,-5.83019,0,0,18,20,0
82,57,1046,18,2,-120.083,-125.771,-12.4458,-18.1334,-5.68762,0,0,18,20,0
82,58,1064,18,2,-120.368,-125.92,-12.5096,-18.0618,-5.55217,0,0,18,20,0
83,1,48,18,1,-98.1673,-118.634,-10.836,-31.3024,-20.4664,0,0,18,30,0
83,2,66,18,1,-101.15,-118.285,-10.8855,-28.0211,-17.1356,0,0,18,30,0
83,3,84,18,1,-103.377,-117.922,-10.959,-25.5037,-14.5447,0,0,18,30,0
83,4,102,18,1,-105.153,-117.543,-11.0608,-23.4508,-12.39,0,0,18,30,0
83,5,120,18,1,-106.629,-117.147,-11.1958,-21.714,-10.5182,0,0,18,30,0
83,6,138,18,1,-107.89,-116.732,-11.3695,-20.2106,-8.84112,0,0,18,30,0
83,7,156,18,1,-108.993,-116.296,-11.5878,-18.8907,-7.30292,0,0,18,30,0
83,8,174,18,1,-109.971,-115.836,-11.8569,-17.7225,-5.86559,0,0,18,30,0
83,9,192,18,1,-110.85,-115.352,-12.1836,-16.6852,-4.50153,0,0,18,30,0
83,10,210,18,1,-111.649,-114.838,-12.5745,-15.7641,-3.18961,0,0,18,30,0
83,11,228,18,1,-112.38,-114.293,-13.0362,-14.9488,-1.91264,0,0,18,30,0
83,12,246,18,1,-113.055,-113.711,-13.5752,-14.2311,-0.655892,0,0,18,30,0
83,13,264,18,1,-113.681,-113.087,-14.1981,-13.604,0.594037,0,0,18,30,1
83,14,282,18,2,-112.415,-114.265,-13.061,-14.9111,-1.85014,1,2,18,30,0
83,15,300,18,2,-111.686,-114.812,-12.5955,-15.7216,-3.12613,0,0,18,30,0
83,16,318,18,2,-110.891,-115.327,-12.2013,-16.6372,-4.43584,0,0,18,30,0
83,17,336,18,2,-110.016,-115.813,-11.8716,-17.6686,-5.79704,0,0,18,30,0
83,18,354,18,2,-109.043,-116.273,-11.5998,-18.8298,-7.23005,0,0,18,30,0
83,19,372,18,2,-107.948,-116.711,-11.3791,-20.1418,-8.76271,0,0,18,30,0
83,20,390,18,2,-106.695,-117.127,-11.2034,-21.6351,-10.4316,0,0,18,30,0
83,21,408,18,2,-105.231,-117.524,-11.0666,-23.3591,-12.2925,0,0,18,30,0
83,22,426,18,2,-103.474,-117.904,-10.9633,-25.3934,-14.4301,0,0,18,30,0
83,23,444,18,2,-101.273,-118.268,-10.8885,-27.8833,-16.9948,0,0,18,30,0
83,24,462,18,2,-98.3397,-118.617,-10.8379,-31.115,-20.2771,0,0,18,30,0
83,25,480,18,2,-93.9772,-118.953,-10.8077,-35.783,-24.9754,0,0,18,30,0
83,26,498,18,2,-86.4582,-119.276,-10.7944,-43.6121,-32.8176,0,0,18,30,0
83,27,516,18,2,-88.0328,-119.588,-10.7954,-42.3501,-31.5547,0,0,18,30,0
83,28,534,18,2,-94.8956,-119.888,-10.8081,-35.8008,-24.9928,0,0,18,30,0
83,29,552,18,2,-98.9226,-120.179,-10.8306,-32.0872,-21.2566,0,0,18,30,0
83,30,570,18,2,-101.696,-120.461,-10.8612,-29.6254,-18.7642,0,0,18,30,0
83,31,588,18,2,-103.805,-120.733,-10.8984,-27.8266,-16.9282,0,0,18,30,0
83,32,606,18,2,-105.504,-120.997,-10.9411,-26.4348,-15.4937,0,0,18,30,0
83,33,624,18,2,-106.926,-121.254,-10.9883,-25.3164,-14.3281,0,0,18,30,0
83,34,642,18,2,-108.148,-121.503,-11.0391,-24.394,-13.3549,0,0,18,30,0
83,35,660,18,2,-109.22,-121.745,-11.0929,-23.6179,-12.525,0,0,18,30,0
83,36,678,18,2,-110.174,-121.981,-11.1491,-22.9554,-11.8063,0,0,18,30,0
83,37,696,18,2,-111.035,-122.21,-11.2073,-22.3828,-11.1756,0,0,18,30,0
83,38,714,18,2,-111.817,-122.434,-11.267,-21.8835,-10.6165,0,0,18,30,0
83,39,732,18,2,-112.535,-122.651,-11.328,-21.4443,-10.1163,0,0,18,30,0
83,40,750,18,2,-113.198,-122.864,-11.39,-21.0557,-9.66573,0,0,18,30,0
83,41,768,18,2,-113.815,-123.071,-11.4527,-20.7097,-9.25692,0,0,18,30,0
83,42,786,18,2,-114.39,-123.274,-11.5161,-20.4003,-8.88422,0,0,18,30,0
83,43,804,18,2,-114.93,-123.472,-11.5799,-20.1224,-8.54248,0,0,18,30,0
83,44,822,18,2,-115.438,-123.666,-11.644,-19.8721,-8.22803,0,0,18,30,0
83,45,840,18,2,-115.918,-123.855,-11.7084,-19.6457,-7.93729,0,0,18,30,0
83,46,858,18,2,-116.373,-124.04,-11.773,-19.4407,-7.66777,0,0,18,30,0
83,47,876,18,2,-116.805,-124.222,-11.8376,-19.2545,-7.41689,0,0,18,30,0
83,48,894,18,2,-117.217,-124.4,-11.9023,-19.0852,-7.1829,0,0,18,30,0
83,49,912,18,2,-117.61,-124.574,-11.9669,-18.9308,-6.96388,0,0,18,30,0
83,50,930,18,2,-117.986,-124.745,-12.0316,-18.7901,-6.75855,0,0,18,30,0
83,51,948,18,2,-118.347,-124.912,-12.0961,-18.6616,-6.56544,0,0,18,30,0
83,52,966,18,2,-118.693,-125.076,-12.1606,-18.5442,-6.38362,0,0,18,30,0
83,53,984,18,2,-119.026,-125.238,-12.225,-18.4369,-6.21193,0,0,18,30,0
83,54,1002,18,2,-119.346,-125.396,-12.2893,-18.3389,-6.04967,0,0,18,30,0
83,55,1020,18,2,-119.655,-125.551,-12.3534,-18.2493,-5.8959,0,0,18,30,0
83,56,1038,18,2,-119.954,-125.704,-12.4174,-18.1675,-5.75011,0,0,18,30,0
83,57,1056,18,2,-120.243,-125.854,-12.4813,-18.0928,-5.61152,0,0,18,30,0
83,58,1074,18,2,-120.522,-126.002,-12.545,-18.0247,-5.47974,0,0,18,30,0
84,1,58,18,1,-99.9451,-118.442,-10.8608,-29.3575,-18.4967,0,0,18,40,0
84,2,76,18,1,-102.456,-118.085,-10.9231,-26.5525,-15.6294,0,0,18,40,0
84,3,94,18,1,-104.408,-117.714,-11.0118,-24.3174,-13.3057,0,0,18,40,0
84,4,112,18,1,-106.003,-117.325,-11.1314,-22.4532,-11.3218,0,0,18,40,0
84,5,130,18,1,-107.352,-116.919,-11.2872,-20.8537,-9.56655,0,0,18,40,0
84,6,148,18,1,-108.52,-116.492,-11.4849,-19.457,-7.97215,0,0,18,40,0
84,7,166,18,1,-109.55,-116.044,-11.7306,-18.2245,-6.4939,0,0,18,40,0
84,8,184,18,1,-110.47,-115.571,-12.0309,-17.1311,-5.1002,0,0,18,40,0
84,9,202,18,1,-111.303,-115.07,-12.3924,-16.1599,-3.76742,0,0,18,40,0
84,10,220,18,1,-112.063,-114.54,-12.8218,-15.2987,-2.47685,0,0,18,40,0
84,11,238,18,1,-112.762,-113.974,-13.3257,-14.5385,-1.21283,0,0,18,40,0
84,12,256,18,1,-113.408,-113.37,-13.9105,-13.872,0.0385229,0,0,18,40,0
84,13,274,18,1,-114.01,-112.72,-14.5826,-13.2924,1.29027,0,0,18,40,1
84,14,292,18,2,-112.018,-114.573,-12.7932,-15.3489,-2.55573,1,2,18,40,0
84,15,310,18,2,-111.253,-115.102,-12.3681,-16.2167,-3.84858,0,0,18,40,0
84,16,328,18,2,-110.416,-115.6,-12.0106,-17.1951,-5.18443,0,0,18,40,0
84,17,346,18,2,-109.489,-116.072,-11.7139,-18.2966,-6.58279,0,0,18,40,0
84,18,364,18,2,-108.452,-116.519,-11.4713,-19.5383,-8.06706,0,0,18,40,0
84,19,382,18,2,-107.274,-116.944,-11.2763,-20.9465,-9.67017,0,0,18,40,0
84,20,400,18,2,-105.912,-117.35,-11.123,-22.5601,-11.4371,0,0,18,40,0
84,21,418,18,2,-104.298,-117.737,-11.0054,-24.4439,-13.4385,0,0,18,40,0
84,22,436,18,2,-102.319,-118.108,-10.9186,-26.7068,-15.7882,0,0,18,40,0
84,23,454,18,2,-99.7629,-118.463,-10.8577,-29.5581,-18.7004,0,0,18,40,0
84,24,472,18,2,-96.172,-118.805,-10.8188,-33.4518,-22.6329,0,0,18,40,0
84,25,490,18,2,-90.3149,-119.134,-10.7984,-39.6172,-28.8188,0,0,18,40,0
84,26,508,18,2,-84.4299,-119.45,-10.7934,-45.8139,-35.0205,0,0,18,40,0
84,27,526,18,2,-92.349,-119.756,-10.8011,-38.208,-27.4069,0,0,18,40,0
84,28,544,18,2,-97.3462,-120.051,-10.8195,-33.5245,-22.705,0,0,18,40,0
84,29,562,18,2,-100.569,-120.337,-10.8467,-30.6144,-19.7677,0,0,18,40,0
84,30,580,18,2,-102.929,-120.613,-10.8811,-28.5648,-17.6837,0,0,18,40,0
84,31,598,18,2,-104.789,-120.881,-10.9215,-27.0133,-16.0918,0,0,18,40,0
84,32,616,18,2,-106.322,-121.141,-10.9668,-25.7856,-14.8188,0,0,18,40,0
84,33,634,18,2,-107.626,-121.393,-11.0161,-24.7833,-13.7672,0,0,18,40,0
84,34,652,18,2,-108.76,-121.638,-11.0686,-23.9472,-12.8785,0,0,18,40,0
84,35,670,18,2,-109.763,-121.877,-11.1238,-23.2374,-12.1136,0,0,18,40,0
84,36,688,18,2,-110.663,-122.109,-11.1812,-22.6274,-11.4463,0,0,18,40,0
84,37,706,18,2,-111.478,-122.335,-11.2403,-22.0973,-10.857,0,0,18,40,0
84,38,724,18,2,-112.223,-122.555,-11.3007,-21.6328,-10.3321,0,0,18,40,0
84,39,742,18,2,-112.91,-122.77,-11.3623,-21.2227,-9.86037,0,0,18,40,0
84,40,760,18,2,-113.546,-122.98,-11.4247,-20.8586,-9.43389,0,0,18,40,0
84,41,778,18,2,-114.139,-123.185,-11.4879,-20.5336,-9.04572,0,0,18,40,0
84,42,796,18,2,-114.694,-123.385,-11.5515,-20.2423,-8.69083,0,0,18,40,0
84,43,814,18,2,-115.216,-123.58,-11.6155,-19.9801,-8.36462,0,0,18,40,0
84,44,832,18,2,-115.708,-123.771,-11.6798,-19.7436,-8.06379,0,0,18,40,0
84,45,850,18,2,-116.173,-123.958,-11.7443,-19.5293,-7.78508,0,0,18,40,0
84,46,868,18,2,-116.615,-124.142,-11.8089,-19.3351,-7.52625,0,0,18,40,0
84,47,886,18,2,-117.036,-124.321,-11.8735,-19.1584,-7.28491,0,0,18,40,0
84,48,904,18,2,-117.437,-124.497,-11.9382,-18.9977,-7.05949,0,0,18,40,0
84,49,922,18,2,-117.821,-124.669,-12.0029,-18.851,-6.84818,0,0,18,40,0
84,50,940,18,2,-118.188,-124.838,-12.0674,-18.7173,-6.64985,0,0,18,40,0
84,51,958,18,2,-118.541,-125.004,-12.132,-18.5951,-6.46309,0,0,18,40,0
84,52,976,18,2,-118.879,-125.166,-12.1964,-18.4835,-6.28706,0,0,18,40,0
84,53,994,18,2,-119.205,-125.326,-12.2607,-18.3814,-6.12065,0,0,18,40,0
84,54,1012,18,2,-119.519,-125.483,-12.3249,-18.2882,-5.96325,0,0,18,40,0
84,55,1030,18,2,-119.823,-125.637,-12.389,-18.2029,-5.81395,0,0,18,40,0
84,56,1048,18,2,-120.115,-125.788,-12.4529,-18.1252,-5.67227,0,0,18,40,0
84,57,1066,18,2,-120.399,-125.936,-12.5167,-18.0542,-5.53749,0,0,18,40,0
84,58,1084,18,2,-120.673,-126.083,-12.5803,-17.9896,-5.40923,0,0,18,40,0
85,1,68,18,1,-101.427,-118.246,-10.8924,-27.7112,-16.8188,0,0,18,50,0
85,2,86,18,1,-103.593,-117.881,-10.9688,-25.2562,-14.2874,0,0,18,50,0
85,3,104,18,1,-105.33,-117.5,-11.0741,-23.2441,-12.17,0,0,18,50,0
85,4,122,18,1,-106.778,-117.102,-11.2131,-21.5366,-10.3235,0,0,18,50,0
85,5,140,18,1,-108.02,-116.684,-11.3914,-20.0556,-8.66416,0,0,18,50,0
85,6,158,18,1,-109.107,-116.246,-11.615,-18.7539,-7.13881,0,0,18,50,0
85,7,176,18,1,-110.073,-115.784,-11.8903,-17.6011,-5.71084,0,0,18,50,0
85,8,194,18,1,-110.943,-115.296,-12.2238,-16.5773,-4.35353,0,0,18,50,0
85,9,212,18,1,-111.733,-114.78,-12.6222,-15.6685,-3.04628,0,0,18,50,0
85,10,230,18,1,-112.458,-114.23,-13.0922,-14.8644,-1.77225,0,0,18,50,0
85,11,248,18,1,-113.127,-113.644,-13.6402,-14.1571,-0.516913,0,0,18,50,0
85,12,266,18,1,-113.748,-113.015,-14.2727,-13.5396,0.733061,0,0,18,50,1
85,13,284,18,2,-112.337,-114.328,-13.0056,-14.9962,-1.99065,1,2,18,50,0
85,14,302,18,2,-111.601,-114.871,-12.5483,-15.8179,-3.26956,0,0,18,50,0
85,15,320,18,2,-110.798,-115.382,-12.1616,-16.7459,-4.58434,0,0,18,50,0
85,16,338,18,2,-109.913,-115.865,-11.8387,-17.7908,-5.95213,0,0,18,50,0
85,17,356,18,2,-108.928,-116.323,-11.5728,-18.9678,-7.39502,0,0,18,50,0
85,18,374,18,2,-107.817,-116.758,-11.3575,-20.2979,-8.9404,0,0,18,50,0
85,19,392,18,2,-106.544,-117.172,-11.1864,-21.8143,-10.6279,0,0,18,50,0
85,20,410,18,2,-105.053,-117.567,-11.0536,-23.5676,-12.514,0,0,18,50,0
85,21,428,18,2,-103.254,-117.945,-10.9537,-25.6444,-14.6907,0,0,18,50,0
85,22,446,18,2,-100.991,-118.307,-10.8818,-28.1977,-17.3158,0,0,18,50,0
85,23,464,18,2,-97.9447,-118.655,-10.8336,-31.5437,-20.7101,0,0,18,50,0
85,24,482,18,2,-93.3424,-118.989,-10.8054,-36.4521,-25.6467,0,0,18,50,0
85,25,500,18,2,-85.4968,-119.311,-10.7939,-44.6081,-33.8142,0,0,18,50,0
85,26,518,18,2,-89.0085,-119.621,-10.7962,-41.4092,-30.6129,0,0,18,50,0
85,27,536,18,2,-95.4401,-119.921,-10.8101,-35.2912,-24.4811,0,0,18,50,0
85,28,554,18,2,-99.2768,-120.211,-10.8336,-31.7677,-20.9341,0,0,18,50,0
85,29,572,18,2,-101.957,-120.491,-10.865,-29.399,-18.534,0,0,18,50,0
85,30,590,18,2,-104.011,-120.763,-10.9029,-27.6551,-16.7522,0,0,18,50,0
85,31,608,18,2,-105.674,-121.026,-10.9461,-26.2987,-15.3525,0,0,18,50,0
85,32,626,18,2,-107.07,-121.282,-10.9937,-25.2054,-14.2117,0,0,18,50,0
85,33,644,18,2,-108.274,-121.53,-11.0449,-24.3011,-13.2562,0,0,18,50,0
85,34,662,18,2,-109.331,-121.772,-11.099,-23.5392,-12.4402,0,0,18,50,0
85,35,680,18,2,-110.274,-122.007,-11.1555,-22.8876,-11.7321,0,0,18,50,0
85,36,698,18,2,-111.125,-122.235,-11.2138,-22.3241,-11.1103,0,0,18,50,0
85,37,716,18,2,-111.9,-122.458,-11.2737,-21.8319,-10.5582,0,0,18,50,0
85,38,734,18,2,-112.611,-122.675,-11.3348,-21.3989,-10.064,0,0,18,50,0
85,39,752,18,2,-113.269,-122.887,-11.3969,-21.0152,-9.61829,0,0,18,50,0
85,40,770,18,2,-113.88,-123.094,-11.4597,-20.6736,-9.2139,0,0,18,50,0
85,41,788,18,2,-114.452,-123.296,-11.5232,-20.3679,-8.84473,0,0,18,50,0
85,42,806,18,2,-114.987,-123.494,-11.587,-20.0933,-8.50633,0,0,18,50,0
85,43,824,18,2,-115.492,-123.687,-11.6512,-19.8457,-8.19454,0,0,18,50,0
85,44,842,18,2,-115.969,-123.876,-11.7156,-19.622,-7.90641,0,0,18,50,0
85,45,860,18,2,-116.422,-124.061,-11.7801,-19.4191,-7.63896,0,0,18,50,0
85,46,878,18,2,-116.852,-124.242,-11.8448,-19.2349,-7.39015,0,0,18,50,0
85,47,896,18,2,-117.261,-124.419,-11.9095,-19.0673,-7.1578,0,0,18,50,0
85,48,914,18,2,-117.652,-124.593,-11.9741,-18.9146,-6.94046,0,0,18,50,0
85,49,932,18,2,-118.027,-124.763,-12.0388,-18.7752,-6.73646,0,0,18,50,0
85,50,950,18,2,-118.386,-124.93,-12.1033,-18.648,-6.54474,0,0,18,50,0
85,51,968,18,2,-118.73,-125.094,-12.1678,-18.5318,-6.36401,0,0,18,50,0
85,52,986,18,2,-119.062,-125.255,-12.2321,-18.4256,-6.19349,0,0,18,50,0
85,53,1004,18,2,-119.381,-125.413,-12.2964,-18.3285,-6.03213,0,0,18,50,0
85,54,1022,18,2,-119.689,-125.568,-12.3605,-18.2399,-5.87936,0,0,18,50,0
85,55,1040,18,2,-119.987,-125.721,-12.4245,-18.1588,-5.73432,0,0,18,50,0
85,56,1058,18,2,-120.274,-125.871,-12.4884,-18.0849,-5.59659,0,0,18,50,0
85,57,1076,18,2,-120.553,-126.018,-12.5521,-18.0175,-5.46545,0,0,18,50,0
85,58,1094,18,2,-120.822,-126.163,-12.6156,-17.9562,-5.34057,0,0,18,50,0
86,1,78,18,1,-102.695,-118.045,-10.9316,-26.2809,-15.3493,0,0,18,60,0
86,2,96,18,1,-104.6,-117.671,-11.0234,-24.0945,-13.071,0,0,18,60,0
86,3,114,18,1,-106.164,-117.281,-11.1468,-22.2638,-11.117,0,0,18,60,0
86,4,132,18,1,-107.49,-116.872,-11.3069,-20.6894,-9.38242,0,0,18,60,0
86,5,150,18,1,-108.64,-116.443,-11.5097,-19.3125,-7.80283,0,0,18,60,0
86,6,168,18,1,-109.657,-115.992,-11.7612,-18.0965,-6.33536,0,0,18,60,0
86,7,186,18,1,-110.567,-115.516,-12.0679,-17.0174,-4.94948,0,0,18,60,0
86,8,204,18,1,-111.391,-115.013,-12.4367,-16.0589,-3.62225,0,0,18,60,0
86,9,222,18,1,-112.143,-114.479,-12.874,-15.2094,-2.33535,0,0,18,60,0
86,10,240,18,1,-112.836,-113.909,-13.3866,-14.46,-1.0734,0,0,18,60,0
86,11,258,18,1,-113.477,-113.3,-13.9807,-13.8034,0.17735,0,0,18,60,0
86,12,276,18,1,-114.075,-112.645,-14.663,-13.233,1.42994,0,0,18,60,1
86,13,294,18,2,-111.936,-114.634,-12.7424,-15.4402,-2.69786,1,2,18,60,0
86,14,312,18,2,-111.164,-115.159,-12.3252,-16.3197,-3.99444,0,0,18,60,0
86,15,330,18,2,-110.318,-115.654,-11.9747,-17.3112,-5.33648,0,0,18,60,0
86,16,348,18,2,-109.38,-116.123,-11.6844,-18.4272,-6.7428,0,0,18,60,0
86,17,366,18,2,-108.328,-116.567,-11.4474,-19.6862,-8.23881,0,0,18,60,0
86,18,384,18,2,-107.133,-116.99,-11.2574,-21.1146,-9.85717,0,0,18,60,0
86,19,402,18,2,-105.747,-117.393,-11.1082,-22.7548,-11.6466,0,0,18,60,0
86,20,420,18,2,-104.1,-117.779,-10.9944,-24.6736,-13.6793,0,0,18,60,0
86,21,438,18,2,-102.069,-118.148,-10.9106,-26.9896,-16.0791,0,0,18,60,0
86,22,456,18,2,-99.4283,-118.502,-10.8524,-29.9261,-19.0737,0,0,18,60,0
86,23,474,18,2,-95.6684,-118.842,-10.8157,-33.9894,-23.1737,0,0,18,60,0
86,24,492,18,2,-89.4209,-119.169,-10.7971,-40.5456,-29.7485,0,0,18,60,0
86,25,510,18,2,-85.12,-119.485,-10.7937,-45.1585,-34.3648,0,0,18,60,0
86,26,528,18,2,-93.0493,-119.789,-10.8027,-37.5427,-26.74,0,0,18,60,0
86,27,546,18,2,-97.7669,-120.083,-10.8221,-33.1386,-22.3164,0,0,18,60,0
86,28,564,18,2,-100.864,-120.368,-10.8502,-30.3536,-19.5034,0,0,18,60,0
86,29,582,18,2,-103.157,-120.643,-10.8853,-28.3718,-17.4865,0,0,18,60,0
86,30,600,18,2,-104.973,-120.91,-10.9263,-26.8634,-15.937,0,0,18,60,0
86,31,618,18,2,-106.477,-121.169,-10.9721,-25.6643,-14.6922,0,0,18,60,0
86,32,636,18,2,-107.759,-121.421,-11.0218,-24.6832,-13.6614,0,0,18,60,0
86,33,654,18,2,-108.877,-121.665,-11.0746,-23.8625,-12.7879,0,0,18,60,0
86,34,672,18,2,-109.868,-121.903,-11.1301,-23.1653,-12.0351,0,0,18,60,0
86,35,690,18,2,-110.757,-122.134,-11.1877,-22.5648,-11.3771,0,0,18,60,0
86,36,708,18,2,-111.564,-122.36,-11.2469,-22.0427,-10.7958,0,0,18,60,0
86,37,726,18,2,-112.302,-122.579,-11.3075,-21.5846,-10.2771,0,0,18,60,0
86,38,744,18,2,-112.983,-122.794,-11.3692,-21.1802,-9.81096,0,0,18,60,0
86,39,762,18,2,-113.614,-123.003,-11.4317,-20.8206,-9.3889,0,0,18,60,0
86,40,780,18,2,-114.202,-123.207,-11.4949,-20.4997,-9.0048,0,0,18,60,0
86,41,798,18,2,-114.753,-123.407,-11.5586,-20.2118,-8.65318,0,0,18,60,0
86,42,816,18,2,-115.272,-123.602,-11.6226,-19.9527,-8.33007,0,0,18,60,0
86,43,834,18,2,-115.761,-123.792,-11.6869,-19.7187,-8.03171,0,0,18,60,0
86,44,852,18,2,-116.224,-123.979,-11.7514,-19.5069,-7.75544,0,0,18,60,0
86,45,870,18,2,-116.663,-124.162,-11.8161,-19.3146,-7.49855,0,0,18,60,0
86,46,888,18,2,-117.082,-124.341,-11.8807,-19.1399,-7.25917,0,0,18,60,0
86,47,906,18,2,-117.481,-124.516,-11.9454,-18.9807,-7.03529,0,0,18,60,0
86,48,924,18,2,-117.862,-124.688,-12.01,-18.8356,-6.82558,0,0,18,60,0
86,49,942,18,2,-118.228,-124.857,-12.0746,-18.7031,-6.62849,0,0,18,60,0
86,50,960,18,2,-118.579,-125.022,-12.1391,-18.5822,-6.44306,0,0,18,60,0
86,51,978,18,2,-118.916,-125.184,-12.2036,-18.4716,-6.26806,0,0,18,60,0
86,52,996,18,2,-119.241,-125.343,-12.2679,-18.3706,-6.10278,0,0,18,60,0
86,53,1014,18,2,-119.554,-125.5,-12.3321,-18.2783,-5.94623,0,0,18,60,0
86,54,1032,18,2,-119.856,-125.653,-12.3961,-18.194,-5.79788,0,0,18,60,0
86,55,1050,18,2,-120.147,-125.804,-12.46,-18.1169,-5.65693,0,0,18,60,0
86,56,1068,18,2,-120.43,-125.953,-12.5238,-18.0467,-5.52296,0,0,18,60,0
86,57,1086,18,2,-120.703,-126.099,-12.5874,-17.9827,-5.39532,0,0,18,60,0
86,58,1104,18,2,-120.969,-126.242,-12.6509,-17.9246,-5.27368,0,0,18,60,0
87,1,88,18,1,-103.804,-117.839,-10.979,-25.0141,-14.0351,0,0,18,70,0
87,2,106,18,1,-105.503,-117.457,-11.0878,-23.0412,-11.9534,0,0,18,70,0
87,3,124,18,1,-106.925,-117.056,-11.2309,-21.3619,-10.131,0,0,18,70,0
87,4,142,18,1,-108.148,-116.637,-11.4139,-19.9028,-8.48884,0,0,18,70,0
87,5,160,18,1,-109.22,-116.196,-11.643,-18.6188,-6.9759,0,0,18,70,0
87,6,178,18,1,-110.174,-115.731,-11.9243,-17.4813,-5.55696,0,0,18,70,0
87,7,196,18,1,-111.034,-115.24,-12.2647,-16.4709,-4.20614,0,0,18,70,0
87,8,214,18,1,-111.817,-114.72,-12.6707,-15.5741,-2.90336,0,0,18,70,0
87,9,232,18,1,-112.535,-114.167,-13.1491,-14.7812,-1.6321,0,0,18,70,0
87,10,250,18,1,-113.198,-113.576,-13.7062,-14.0842,-0.377999,0,0,18,70,0
87,11,268,18,1,-113.814,-112.942,-14.3485,-13.4763,0.872178,0,0,18,70,1
87,12,286,18,2,-112.257,-114.39,-12.9505,-15.0833,-2.1328,1,2,18,70,0
87,13,304,18,2,-111.516,-114.929,-12.502,-15.9157,-3.4137,0,0,18,70,0
87,14,322,18,2,-110.704,-115.437,-12.1227,-16.8559,-4.73321,0,0,18,70,0
87,15,340,18,2,-109.809,-115.918,-11.8064,-17.9149,-6.10845,0,0,18,70,0
87,16,358,18,2,-108.812,-116.372,-11.5465,-19.1074,-7.56089,0,0,18,70,0
87,17,376,18,2,-107.685,-116.805,-11.3364,-20.4566,-9.12024,0,0,18,70,0
87,18,394,18,2,-106.39,-117.217,-11.1699,-21.996,-10.8262,0,0,18,70,0
87,19,412,18,2,-104.87,-117.61,-11.041,-23.7806,-12.7397,0,0,18,70,0
87,20,430,18,2,-103.03,-117.986,-10.9444,-25.9003,-14.9559,0,0,18,70,0
87,21,448,18,2,-100.699,-118.346,-10.8754,-28.5225,-17.6471,0,0,18,70,0
87,22,466,18,2,-97.5334,-118.693,-10.8296,-31.9888,-21.1592,0,0,18,70,0
87,23,484,18,2,-92.6608,-119.025,-10.8033,-37.168,-26.3647,0,0,18,70,0
87,24,502,18,2,-84.6967,-119.346,-10.7935,-45.443,-34.6494,0,0,18,70,0
87,25,520,18,2,-89.9305,-119.655,-10.7972,-40.522,-29.7248,0,0,18,70,0
87,26,538,18,2,-95.9546,-119.954,-10.8123,-34.8116,-23.9993,0,0,18,70,0
87,27,556,18,2,-99.618,-120.243,-10.8367,-31.4613,-20.6246,0,0,18,70,0
87,28,574,18,2,-102.21,-120.522,-10.8689,-29.1804,-18.3115,0,0,18,70,0
87,29,592,18,2,-104.212,-120.793,-10.9075,-27.488,-16.5806,0,0,18,70,0
87,30,610,18,2,-105.84,-121.055,-10.9512,-26.166,-15.2148,0,0,18,70,0
87,31,628,18,2,-107.213,-121.31,-10.9993,-25.0965,-14.0972,0,0,18,70,0
87,32,646,18,2,-108.398,-121.557,-11.0508,-24.2102,-13.1594,0,0,18,70,0
87,33,664,18,2,-109.441,-121.798,-11.1052,-23.4618,-12.3566,0,0,18,70,0
87,34,682,18,2,-110.373,-122.032,-11.1619,-22.8211,-11.6592,0,0,18,70,0
87,35,700,18,2,-111.215,-122.26,-11.2204,-22.2661,-11.0456,0,0,18,70,0
87,36,718,18,2,-111.982,-122.482,-11.2804,-21.7811,-10.5007,0,0,18,70,0
87,37,736,18,2,-112.687,-122.699,-11.3417,-21.3539,-10.0122,0,0,18,70,0
87,38,754,18,2,-113.339,-122.911,-11.4038,-20.9754,-9.57151,0,0,18,70,0
87,39,772,18,2,-113.946,-123.117,-11.4668,-20.6379,-9.17116,0,0,18,70,0
87,40,790,18,2,-114.513,-123.318,-11.5302,-20.336,-8.80576,0,0,18,70,0
87,41,808,18,2,-115.045,-123.515,-11.5941,-20.0645,-8.47037,0,0,18,70,0
87,42,826,18,2,-115.547,-123.708,-11.6583,-19.8198,-8.16148,0,0,18,70,0
87,43,844,18,2,-116.021,-123.897,-11.7228,-19.5984,-7.87565,0,0,18,70,0
87,44,862,18,2,-116.471,-124.081,-11.7873,-19.3978,-7.61049,0,0,18,70,0
87,45,880,18,2,-116.898,-124.262,-11.852,-19.2155,-7.3635,0,0,18,70,0
87,46,898,18,2,-117.306,-124.439,-11.9166,-19.0496,-7.133,0,0,18,70,0
87,47,916,18,2,-117.695,-124.612,-11.9813,-18.8984,-6.91711,0,0,18,70,0
87,48,934,18,2,-118.067,-124.782,-12.0459,-18.7605,-6.71462,0,0,18,70,0
87,49,952,18,2,-118.425,-124.949,-12.1105,-18.6346,-6.52409,0,0,18,70,0
87,50,970,18,2,-118.768,-125.112,-12.1749,-18.5196,-6.34462,0,0,18,70,0
87,51,988,18,2,-119.098,-125.273,-12.2393,-18.4144,-6.17508,0,0,18,70,0
87,52,1006,18,2,-119.416,-125.431,-12.3035,-18.3183,-6.01479,0,0,18,70,0
87,53,1024,18,2,-119.723,-125.585,-12.3677,-18.2305,-5.86283,0,0,18,70,0
87,54,1042,18,2,-120.019,-125.738,-12.4316,-18.1503,-5.71871,0,0,18,70,0
87,55,1060,18,2,-120.306,-125.887,-12.4955,-18.0771,-5.58166,0,0,18,70,0
87,56,1078,18,2,-120.583,-126.034,-12.5591,-18.0104,-5.45131,0,0,18,70,0
87,57,1096,18,2,-120.852,-126.179,-12.6227,-17.9497,-5.32702,0,0,18,70,0
87,58,1114,18,2,-121.112,-126.321,-12.6861,-17.8946,-5.2085,0,0,18,70,0
88,1,98,18,1,-104.788,-117.629,-11.0355,-23.8758,-12.8403,0,0,18,80,0
88,2,116,18,1,-106.322,-117.236,-11.1627,-22.0775,-10.9149,0,0,18,80,0
88,3,134,18,1,-107.625,-116.826,-11.3273,-20.5274,-9.20018,0,0,18,80,0
88,4,152,18,1,-108.759,-116.394,-11.5351,-19.17,-7.63489,0,0,18,80,0
88,5,170,18,1,-109.763,-115.941,-11.7924,-17.9702,-6.17781,0,0,18,80,0
88,6,188,18,1,-110.662,-115.462,-12.1057,-16.9052,-4.79948,0,0,18,80,0
88,7,206,18,1,-111.478,-114.955,-12.4818,-15.9593,-3.47757,0,0,18,80,0
88,8,224,18,1,-112.223,-114.417,-12.9271,-15.1213,-2.19417,0,0,18,80,0
88,9,242,18,1,-112.91,-113.844,-13.4484,-14.3826,-0.93412,0,0,18,80,0
88,10,260,18,1,-113.546,-113.23,-14.0521,-13.7359,0.316199,0,0,18,80,0
88,11,278,18,1,-114.139,-112.569,-14.7445,-13.1747,1.5698,0,0,18,80,1
88,12,296,18,2,-111.854,-114.694,-12.6926,-15.5327,-2.84011,1,2,18,80,0
88,13,314,18,2,-111.074,-115.215,-12.2831,-16.4242,-4.14112,0,0,18,80,0
88,14,332,18,2,-110.218,-115.707,-11.9397,-17.4287,-5.48901,0,0,18,80,0
88,15,350,18,2,-109.269,-116.173,-11.6555,-18.5597,-6.90424,0,0,18,80,0
88,16,368,18,2,-108.204,-116.615,-11.4241,-19.8357,-8.41167,0,0,18,80,0
88,17,386,18,2,-106.989,-117.036,-11.2389,-21.2856,-10.0467,0,0,18,80,0
88,18,404,18,2,-105.579,-117.437,-11.094,-22.9524,-11.8584,0,0,18,80,0
88,19,422,18,2,-103.895,-117.821,-10.9836,-24.9088,-13.9252,0,0,18,80,0
88,20,440,18,2,-101.812,-118.188,-10.9029,-27.279,-16.3761,0,0,18,80,0
88,21,458,18,2,-99.0792,-118.54,-10.8473,-30.3085,-19.4613,0,0,18,80,0
88,22,476,18,2,-95.1387,-118.879,-10.8128,-34.5532,-23.7404,0,0,18,80,0
88,23,494,18,2,-88.4646,-119.205,-10.7961,-41.5365,-30.7404,0,0,18,80,0
88,24,512,18,2,-86.0248,-119.519,-10.7941,-44.2885,-33.4944,0,0,18,80,0
88,25,530,18,2,-93.7042,-119.822,-10.8043,-36.9226,-26.1183,0,0,18,80,0
88,26,548,18,2,-98.1686,-120.115,-10.8248,-32.7716,-21.9468,0,0,18,80,0
88,27,566,18,2,-101.151,-120.399,-10.8538,-30.1019,-19.2482,0,0,18,80,0
88,28,584,18,2,-103.378,-120.673,-10.8896,-28.1849,-17.2953,0,0,18,80,0
88,29,602,18,2,-105.154,-120.939,-10.9312,-26.7168,-15.7856,0,0,18,80,0
88,30,620,18,2,-106.629,-121.198,-10.9774,-25.5459,-14.5685,0,0,18,80,0
88,31,638,18,2,-107.891,-121.448,-11.0275,-24.5848,-13.5572,0,0,18,80,0
88,32,656,18,2,-108.993,-121.692,-11.0807,-23.7796,-12.6989,0,0,18,80,0
88,33,674,18,2,-109.971,-121.929,-11.1364,-23.0941,-11.9576,0,0,18,80,0
88,34,692,18,2,-110.851,-122.16,-11.1942,-22.5033,-11.3091,0,0,18,80,0
88,35,710,18,2,-111.649,-122.384,-11.2536,-21.9888,-10.7352,0,0,18,80,0
88,36,728,18,2,-112.381,-122.604,-11.3143,-21.5373,-10.223,0,0,18,80,0
88,37,746,18,2,-113.055,-122.817,-11.3761,-21.1381,-9.76194,0,0,18,80,0
88,38,764,18,2,-113.681,-123.026,-11.4387,-20.7832,-9.34453,0,0,18,80,0
88,39,782,18,2,-114.265,-123.229,-11.502,-20.4661,-8.96414,0,0,18,80,0
88,40,800,18,2,-114.812,-123.428,-11.5657,-20.1817,-8.616,0,0,18,80,0
88,41,818,18,2,-115.327,-123.623,-11.6298,-19.9255,-8.29569,0,0,18,80,0
88,42,836,18,2,-115.813,-123.813,-11.6941,-19.6941,-8.00004,0,0,18,80,0
88,43,854,18,2,-116.274,-124.0,-11.7586,-19.4845,-7.72592,0,0,18,80,0
88,44,872,18,2,-116.711,-124.182,-11.8232,-19.2944,-7.47117,0,0,18,80,0
88,45,890,18,2,-117.127,-124.36,-11.8879,-19.1214,-7.2335,0,0,18,80,0
88,46,908,18,2,-117.524,-124.535,-11.9526,-18.9639,-7.01137,0,0,18,80,0
88,47,926,18,2,-117.904,-124.707,-12.0172,-18.8203,-6.80303,0,0,18,80,0
88,48,944,18,2,-118.268,-124.875,-12.0818,-18.6892,-6.60738,0,0,18,80,0
88,49,962,18,2,-118.617,-125.04,-12.1463,-18.5694,-6.42307,0,0,18,80,0
88,50,980,18,2,-118.953,-125.202,-12.2107,-18.46,-6.24928,0,0,18,80,0
88,51,998,18,2,-119.276,-125.361,-12.275,-18.3599,-6.08492,0,0,18,80,0
88,52,1016,18,2,-119.588,-125.517,-12.3392,-18.2686,-5.9294,0,0,18,80,0
88,53,1034,18,2,-119.889,-125.67,-12.4032,-18.185,-5.78182,0,0,18,80,0
88,54,1052,18,2,-120.179,-125.821,-12.4671,-18.1088,-5.64174,0,0,18,80,0
88,55,1070,18,2,-120.461,-125.969,-12.5309,-18.0393,-5.50844,0,0,18,80,0
88,56,1088,18,2,-120.733,-126.115,-12.5945,-17.976,-5.38155,0,0,18,80,0
88,57,1106,18,2,-120.998,-126.258,-12.6579,-17.9184,-5.26048,0,0,18,80,0
88,58,1124,18,2,-121.254,-126.399,-12.7212,-17.8662,-5.14496,0,0,18,80,0
89,1,108,18,1,-105.673,-117.413,-11.1019,-22.8418,-11.7399,0,0,18,90,0
89,2,126,18,1,-107.07,-117.011,-11.2491,-21.1899,-9.94077,0,0,18,90,0
89,3,144,18,1,-108.274,-116.589,-11.437,-19.7521,-8.31511,0,0,18,90,0
89,4,162,18,1,-109.331,-116.145,-11.6715,-18.4856,-6.81413,0,0,18,90,0
89,5,180,18,1,-110.274,-115.678,-11.9591,-17.363,-5.40391,0,0,18,90,0
89,6,198,18,1,-111.125,-115.184,-12.3065,-16.3658,-4.05935,0,0,18,90,0
89,7,216,18,1,-111.9,-114.66,-12.7202,-15.481,-2.76083,0,0,18,90,0
89,8,234,18,1,-112.611,-114.103,-13.207,-14.6991,-1.49215,0,0,18,90,0
89,9,252,18,1,-113.269,-113.508,-13.7732,-14.0124,-0.239134,0,0,18,90,0
89,10,270,18,1,-113.88,-112.869,-14.4254,-13.414,1.01141,0,0,18,90,1
89,11,288,18,2,-112.179,-114.451,-12.8974,-15.1702,-2.27282,1,2,18,90,0
89,12,306,18,2,-111.429,-114.987,-12.4566,-16.0146,-3.55804,0,0,18,90,0
89,13,324,18,2,-110.609,-115.492,-12.0846,-16.9676,-4.88304,0,0,18,90,0
89,14,342,18,2,-109.704,-115.969,-11.7749,-18.0403,-6.26541,0,0,18,90,0
89,15,360,18,2,-108.693,-116.422,-11.5208,-19.2493,-7.72843,0,0,18,90,0
89,16,378,18,2,-107.55,-116.851,-11.3159,-20.6173,-9.30145,0,0,18,90,0
89,17,396,18,2,-106.234,-117.261,-11.1538,-22.1812,-11.0274,0,0,18,90,0
89,18,414,18,2,-104.684,-117.652,-11.0287,-23.9971,-12.9684,0,0,18,90,0
89,19,432,18,2,-102.799,-118.027,-10.9354,-26.1631,-15.2277,0,0,18,90,0
89,20,450,18,2,-100.399,-118.386,-10.8692,-28.8562,-17.987,0,0,18,90,0
89,21,468,18,2,-97.1007,-118.73,-10.8258,-32.4552,-21.6295,0,0,18,90,0
89,22,486,18,2,-91.935,-119.062,-10.8015,-37.9282,-27.1266,0,0,18,90,0
89,23,504,18,2,-84.1927,-119.381,-10.7933,-45.9816,-35.1883,0,0,18,90,0
89,24,522,18,2,-90.794,-119.689,-10.7984,-39.6934,-28.895,0,0,18,90,0
89,25,540,18,2,-96.4423,-119.986,-10.8146,-34.3587,-23.5441,0,0,18,90,0
89,26,558,18,2,-99.9462,-120.274,-10.84,-31.1678,-20.3278,0,0,18,90,0
89,27,576,18,2,-102.457,-120.552,-10.8729,-28.9684,-18.0955,0,0,18,90,0
89,28,594,18,2,-104.408,-120.822,-10.9121,-27.3258,-16.4137,0,0,18,90,0
89,29,612,18,2,-106.004,-121.084,-10.9564,-26.0361,-15.0798,0,0,18,90,0
89,30,630,18,2,-107.352,-121.338,-11.0048,-24.9901,-13.9853,0,0,18,90,0
89,31,648,18,2,-108.52,-121.584,-11.0567,-24.1208,-13.0641,0,0,18,90,0
89,32,666,18,2,-109.55,-121.824,-11.1114,-23.3858,-12.2745,0,0,18,90,0
89,33,684,18,2,-110.471,-122.058,-11.1683,-22.7554,-11.5871,0,0,18,90,0
89,34,702,18,2,-111.303,-122.285,-11.227,-22.209,-10.982,0,0,18,90,0
89,35,720,18,2,-112.063,-122.507,-11.2872,-21.7309,-10.4437,0,0,18,90,0
89,36,738,18,2,-112.762,-122.723,-11.3485,-21.3096,-9.9611,0,0,18,90,0
89,37,756,18,2,-113.409,-122.934,-11.4108,-20.9359,-9.52507,0,0,18,90,0
89,38,774,18,2,-114.011,-123.14,-11.4738,-20.6028,-9.129,0,0,18,90,0
89,39,792,18,2,-114.574,-123.341,-11.5373,-20.3043,-8.76701,0,0,18,90,0
89,40,810,18,2,-115.102,-123.537,-11.6012,-20.0361,-8.43487,0,0,18,90,0
89,41,828,18,2,-115.601,-123.729,-11.6655,-19.7941,-8.12857,0,0,18,90,0
89,42,846,18,2,-116.072,-123.917,-11.7299,-19.5752,-7.84527,0,0,18,90,0
89,43,864,18,2,-116.519,-124.101,-11.7945,-19.3766,-7.58213,0,0,18,90,0
89,44,882,18,2,-116.944,-124.281,-11.8591,-19.1963,-7.33716,0,0,18,90,0
89,45,900,18,2,-117.35,-124.458,-11.9238,-19.0321,-7.10826,0,0,18,90,0
89,46,918,18,2,-117.737,-124.631,-11.9885,-18.8825,-6.89402,0,0,18,90,0
89,47,936,18,2,-118.108,-124.801,-12.0531,-18.7459,-6.69283,0,0,18,90,0
89,48,954,18,2,-118.463,-124.967,-12.1176,-18.6213,-6.50367,0,0,18,90,0
89,49,972,18,2,-118.805,-125.13,-12.1821,-18.5074,-6.32527,0,0,18,90,0
89,50,990,18,2,-119.134,-125.291,-12.2464,-18.4033,-6.15687,0,0,18,90,0
89,51,1008,18,2,-119.451,-125.448,-12.3107,-18.3081,-5.99746,0,0,18,90,0
89,52,1026,18,2,-119.756,-125.603,-12.3748,-18.2212,-5.84648,0,0,18,90,0
89,53,1044,18,2,-120.051,-125.754,-12.4387,-18.1418,-5.7031,0,0,18,90,0
89,54,1062,18,2,-120.337,-125.904,-12.5025,-18.0694,-5.56689,0,0,18,90,0
89,55,1080,18,2,-120.613,-126.05,-12.5662,-18.0034,-5.43717,0,0,18,90,0
89,56,1098,18,2,-120.881,-126.195,-12.6297,-17.9433,-5.31361,0,0,18,90,0
89,57,1116,18,2,-121.141,-126.337,-12.6931,-17.8887,-5.19563,0,0,18,90,0
89,58,1134,18,2,-121.393,-126.476,-12.7563,-17.8393,-5.08299,0,0,18,90,0
90,1,118,18,1,-106.476,-117.192,-11.179,-21.8943,-10.7153,0,0,18,100,0
90,2,136,18,1,-107.759,-116.779,-11.3481,-20.3679,-9.01977,0,0,18,100,0
90,3,154,18,1,-108.877,-116.345,-11.5611,-19.0294,-7.46827,0,0,18,100,0
90,4,172,18,1,-109.867,-115.889,-11.8243,-17.8456,-6.02123,0,0,18,100,0
90,5,190,18,1,-110.757,-115.407,-12.1443,-16.7945,-4.65018,0,0,18,100,0
90,6,208,18,1,-111.564,-114.897,-12.5277,-15.8611,-3.33336,0,0,18,100,0
90,7,226,18,1,-112.302,-114.355,-12.9812,-15.0345,-2.05327,0,0,18,100,0
90,8,244,18,1,-112.983,-113.778,-13.5113,-14.3063,-0.794955,0,0,18,100,0
90,9,262,18,1,-113.614,-113.159,-14.1245,-13.6694,0.455089,0,0,18,100,0
90,10,280,18,1,-114.202,-112.492,-14.8272,-13.1174,1.70986,0,0,18,100,1
90,11,298,18,2,-111.77,-114.753,-12.6436,-15.6265,-2.98298,1,2,18,100,0
90,12,316,18,2,-110.983,-115.271,-12.2418,-16.5299,-4.28812,0,0,18,100,0
90,13,334,18,2,-110.118,-115.76,-11.9053,-17.5479,-5.64268,0,0,18,100,0
90,14,352,18,2,-109.157,-116.223,-11.6273,-18.6938,-7.06647,0,0,18,100,0
90,15,370,18,2,-108.077,-116.663,-11.4013,-19.9878,-8.58648,0,0,18,100,0
90,16,388,18,2,-106.844,-117.081,-11.2209,-21.4589,-10.2379,0,0,18,100,0
90,17,406,18,2,-105.407,-117.481,-11.0801,-23.154,-12.074,0,0,18,100,0
90,18,424,18,2,-103.687,-117.862,-10.9733,-25.1483,-14.175,0,0,18,100,0
90,19,442,18,2,-101.546,-118.228,-10.8956,-27.5772,-16.6817,0,0,18,100,0
90,20,460,18,2,-98.7174,-118.579,-10.8425,-30.7038,-19.8613,0,0,18,100,0
90,21,478,18,2,-94.5748,-118.916,-10.8101,-35.1512,-24.3411,0,0,18,100,0
90,22,496,18,2,-87.4694,-119.241,-10.7952,-42.5663,-31.7711,0,0,18,100,0
90,23,514,18,2,-87.0237,-119.553,-10.7947,-43.3244,-32.5297,0,0,18,100,0
90,24,532,18,2,-94.3182,-119.855,-10.8062,-36.3434,-25.5372,0,0,18,100,0
90,25,550,18,2,-98.5536,-120.147,-10.8277,-32.4214,-21.5938,0,0,18,100,0
90,26,568,18,2,-101.428,-120.43,-10.8574,-29.8596,-19.0022,0,0,18,100,0
90,27,586,18,2,-103.594,-120.703,-10.894,-28.0031,-17.1091,0,0,18,100,0
90,28,604,18,2,-105.33,-120.968,-10.9361,-26.5742,-15.6381,0,0,18,100,0
90,29,622,18,2,-106.779,-121.226,-10.9828,-25.4298,-14.447,0,0,18,100,0
90,30,640,18,2,-108.02,-121.476,-11.0333,-24.4885,-13.4552,0,0,18,100,0
90,31,658,18,2,-109.107,-121.719,-11.0868,-23.698,-12.6112,0,0,18,100,0
90,32,676,18,2,-110.073,-121.955,-11.1427,-23.0242,-11.8815,0,0,18,100,0
90,33,694,18,2,-110.943,-122.185,-11.2007,-22.4426,-11.2419,0,0,18,100,0
90,34,712,18,2,-111.733,-122.409,-11.2603,-21.9358,-10.6755,0,0,18,100,0
90,35,730,18,2,-112.458,-122.628,-11.3212,-21.4905,-10.1693,0,0,18,100,0
90,36,748,18,2,-113.127,-122.841,-11.383,-21.0966,-9.71361,0,0,18,100,0
90,37,766,18,2,-113.748,-123.049,-11.4457,-20.7462,-9.30046,0,0,18,100,0
90,38,784,18,2,-114.328,-123.252,-11.509,-20.433,-8.92402,0,0,18,100,0
90,39,802,18,2,-114.871,-123.45,-11.5728,-20.1518,-8.57904,0,0,18,100,0
90,40,820,18,2,-115.383,-123.644,-11.6369,-19.8986,-8.26174,0,0,18,100,0
90,41,838,18,2,-115.866,-123.834,-11.7013,-19.6698,-7.9685,0,0,18,100,0
90,42,856,18,2,-116.323,-124.02,-11.7658,-19.4625,-7.69676,0,0,18,100,0
90,43,874,18,2,-116.758,-124.202,-11.8304,-19.2743,-7.4439,0,0,18,100,0
90,44,892,18,2,-117.172,-124.38,-11.8951,-19.1032,-7.20814,0,0,18,100,0
90,45,910,18,2,-117.567,-124.555,-11.9598,-18.9473,-6.98751,0,0,18,100,0
90,46,928,18,2,-117.945,-124.726,-12.0244,-18.8051,-6.78074,0,0,18,100,0
90,47,946,18,2,-118.307,-124.894,-12.089,-18.6753,-6.58632,0,0,18,100,0
90,48,964,18,2,-118.655,-125.058,-12.1535,-18.5568,-6.40331,0,0,18,100,0
90,49,982,18,2,-118.989,-125.22,-12.2179,-18.4484,-6.23052,0,0,18,100,0
90,50,1000,18,2,-119.311,-125.378,-12.2821,-18.3494,-6.06726,0,0,18,100,0
90,51,1018,18,2,-119.622,-125.534,-12.3463,-18.2589,-5.91258,0,0,18,100,0
90,52,1036,18,2,-119.921,-125.687,-12.4103,-18.1762,-5.76594,0,0,18,100,0
90,53,1054,18,2,-120.211,-125.838,-12.4742,-18.1008,-5.62657,0,0,18,100,0
90,54,1072,18,2,-120.491,-125.985,-12.5379,-18.032,-5.49407,0,0,18,100,0
90,55,1090,18,2,-120.763,-126.131,-12.6015,-17.9693,-5.36778,0,0,18,100,0
90,56,1108,18,2,-121.026,-126.274,-12.665,-17.9124,-5.24741,0,0,18,100,0
90,57,1126,18,2,-121.282,-126.414,-12.7283,-17.8607,-5.1324,0,0,18,100,0
90,58,1144,18,2,-121.53,-126.553,-12.7914,-17.8139,-5.02253,0,0,18,100,0
91,1,40,20,1,-96.2933,-118.796,-10.8196,-33.3219,-22.5023,0,0,20,20,0
91,2,60,20,1,-100.166,-118.415,-10.8648,-29.1132,-18.2485,0,0,20,20,0
91,3,80,20,1,-102.858,-118.016,-10.9377,-26.0958,-15.1582,0,0,20,20,0
91,4,100,20,1,-104.917,-117.599,-11.0441,-23.7261,-12.682,0,0,20,20,0
91,5,120,20,1,-106.583,-117.16,-11.1907,-21.7685,-10.5778,0,0,20,20,0
91,6,140,20,1,-107.981,-116.699,-11.3847,-20.1024,-8.71767,0,0,20,20,0
91,7,160,20,1,-109.186,-116.211,-11.6344,-18.6596,-7.02517,0,0,20,20,0
91,8,180,20,1,-110.244,-115.694,-11.9485,-17.3987,-5.4502,0,0,20,20,0
91,9,200,20,1,-111.187,-115.145,-12.3361,-16.2934,-3.95734,0,0,20,20,0
91,10,220,20,1,-112.038,-114.558,-12.8062,-15.326,-2.51974,0,0,20,20,0
91,11,240,20,1,-112.813,-113.929,-13.368,-14.4836,-1.11558,0,0,20,20,0
91,12,260,20,1,-113.525,-113.251,-14.0304,-13.7562,0.274197,0,0,20,20,0
91,13,280,20,1,-114.183,-112.515,-14.8021,-13.1346,1.66749,0,0,20,20,1
91,14,300,20,2,-111.712,-114.794,-12.61,-15.6927,-3.08272,1,2,20,20,0
91,15,320,20,2,-110.826,-115.366,-12.1735,-16.713,-4.5395,0,0,20,20,0
91,16,340,20,2,-109.841,-115.902,-11.8161,-17.8772,-6.06108,0,0,20,20,0
91,17,360,20,2,-108.729,-116.407,-11.5285,-19.2064,-7.67785,0,0,20,20,0
91,18,380,20,2,-107.455,-116.884,-11.3018,-20.7311,-9.42931,0,0,20,20,0
91,19,400,20,2,-105.961,-117.336,-11.1275,-22.5025,-11.375,0,0,20,20,0
91,20,420,20,2,-104.16,-117.766,-10.9977,-24.604,-13.6064,0,0,20,20,0
91,21,440,20,2,-101.889,-118.176,-10.9052,-27.1918,-16.2867,0,0,20,20,0
91,22,460,20,2,-98.8271,-118.567,-10.8439,-30.5839,-19.74,0,0,20,20,0
91,23,480,20,2,-94.1577,-118.941,-10.8084,-35.5921,-24.7838,0,0,20,20,0
91,24,500,20,2,-85.7745,-119.3,-10.7941,-44.32,-33.5259,0,0,20,20,0
91,25,520,20,2,-89.65,-119.645,-10.7969,-40.792,-29.995,0,0,20,20,0
91,26,540,20,2,-96.2951,-119.977,-10.8139,-34.4954,-23.6815,0,0,20,20,0
91,27,560,20,2,-100.168,-120.296,-10.8423,-30.9706,-20.1284,0,0,20,20,0
91,28,580,20,2,-102.859,-120.604,-10.8798,-28.6247,-17.7449,0,0,20,20,0
91,29,600,20,2,-104.918,-120.901,-10.9248,-26.9085,-15.9836,0,0,20,20,0
91,30,620,20,2,-106.583,-121.189,-10.9758,-25.5817,-14.6059,0,0,20,20,0
91,31,640,20,2,-107.981,-121.467,-11.0315,-24.5174,-13.4859,0,0,20,20,0
91,32,660,20,2,-109.186,-121.737,-11.091,-23.6421,-12.5511,0,0,20,20,0
91,33,680,20,2,-110.244,-121.999,-11.1535,-22.908,-11.7545,0,0,20,20,0
91,34,700,20,2,-111.187,-122.253,-11.2184,-22.2836,-11.0652,0,0,20,20,0
91,35,720,20,2,-112.039,-122.499,-11.2852,-21.746,-10.4609,0,0,20,20,0
91,36,740,20,2,-112.814,-122.739,-11.3533,-21.2791,-9.92577,0,0,20,20,0
91,37,760,20,2,-113.525,-122.973,-11.4226,-20.8702,-9.44751,0,0,20,20,0
91,38,780,20,2,-114.183,-123.2,-11.4928,-20.5099,-9.01718,0,0,20,20,0
91,39,800,20,2,-114.795,-123.422,-11.5635,-20.1907,-8.62717,0,0,20,20,0
91,40,820,20,2,-115.366,-123.638,-11.6347,-19.9067,-8.27201,0,0,20,20,0
91,41,840,20,2,-115.902,-123.849,-11.7063,-19.653,-7.94671,0,0,20,20,0
91,42,860,20,2,-116.407,-124.055,-11.778,-19.4257,-7.6477,0,0,20,20,0
91,43,880,20,2,-116.884,-124.256,-11.8498,-19.2213,-7.37152,0,0,20,20,0
91,44,900,20,2,-117.336,-124.452,-11.9216,-19.0374,-7.11576,0,0,20,20,0
91,45,920,20,2,-117.766,-124.644,-11.9935,-18.8714,-6.87793,0,0,20,20,0
91,46,940,20,2,-118.176,-124.832,-12.0653,-18.7216,-6.65632,0,0,20,20,0
91,47,960,20,2,-118.567,-125.016,-12.137,-18.586,-6.44907,0,0,20,20,0
91,48,980,20,2,-118.942,-125.197,-12.2085,-18.4635,-6.25496,0,0,20,20,0
91,49,1000,20,2,-119.301,-125.373,-12.28,-18.3525,-6.07256,0,0,20,20,0
91,50,1020,20,2,-119.645,-125.546,-12.3512,-18.2522,-5.90097,0,0,20,20,0
91,51,1040,20,2,-119.977,-125.716,-12.4224,-18.1614,-5.73907,0,0,20,20,0
91,52,1060,20,2,-120.296,-125.882,-12.4933,-18.0795,-5.58619,0,0,20,20,0
91,53,1080,20,2,-120.604,-126.045,-12.5641,-18.0055,-5.44142,0,0,20,20,0
91,54,1100,20,2,-120.901,-126.206,-12.6346,-17.9389,-5.30427,0,0,20,20,0
91,55,1120,20,2,-121.189,-126.363,-12.7051,-17.879,-5.17398,0,0,20,20,0
91,56,1140,20,2,-121.467,-126.518,-12.7753,-17.8254,-5.05019,0,0,20,20,0
91,57,1160,20,2,-121.737,-126.669,-12.8453,-17.7775,-4.93226,0,0,20,20,0
91,58,1180,20,2,-121.999,-126.819,-12.9151,-17.735,-4.81992,0,0,20,20,0
92,1,50,20,1,-98.4359,-118.607,-10.8391,-31.0103,-20.1713,0,0,20,30,0
92,2,70,20,1,-101.614,-118.218,-10.8974,-27.5009,-16.6035,0,0,20,30,0
92,3,90,20,1,-103.948,-117.81,-10.9863,-24.8486,-13.8623,0,0,20,30,0
92,4,110,20,1,-105.789,-117.382,-11.1119,-22.705,-11.593,0,0,20,30,0
92,5,130,20,1,-107.31,-116.933,-11.2813,-20.9041,-9.62282,0,0,20,30,0
92,6,150,20,1,-108.604,-116.458,-11.5021,-19.3561,-7.85404,0,0,20,30,0
92,7,170,20,1,-109.731,-115.956,-11.7829,-18.0083,-6.22546,0,0,20,30,0
92,8,190,20,1,-110.728,-115.424,-12.1325,-16.8279,-4.69533,0,0,20,30,0
92,9,210,20,1,-111.623,-114.856,-12.5602,-15.7933,-3.23309,0,0,20,30,0
92,10,230,20,1,-112.434,-114.249,-13.0751,-14.8898,-1.81472,0,0,20,30,0
92,11,250,20,1,-113.177,-113.597,-13.6861,-14.1061,-0.42002,0,0,20,30,0
92,12,270,20,1,-113.86,-112.891,-14.402,-13.4327,0.969289,0,0,20,30,1
92,13,290,20,2,-112.123,-114.494,-12.8606,-15.2321,-2.37145,1,2,20,30,0
92,14,310,20,2,-111.28,-115.085,-12.3813,-16.1858,-3.80447,0,0,20,30,0
92,15,330,20,2,-110.347,-115.638,-11.9855,-17.276,-5.29057,0,0,20,30,0
92,16,350,20,2,-109.303,-116.158,-11.6642,-18.5195,-6.8553,0,0,20,30,0
92,17,370,20,2,-108.115,-116.649,-11.4081,-19.9418,-8.53371,0,0,20,30,0
92,18,390,20,2,-106.74,-117.113,-11.2086,-21.5817,-10.3731,0,0,20,30,0
92,19,410,20,2,-105.107,-117.554,-11.0575,-23.5047,-12.4472,0,0,20,30,0
92,20,430,20,2,-103.098,-117.973,-10.9472,-25.8227,-14.8756,0,0,20,30,0
92,21,450,20,2,-100.489,-118.374,-10.871,-28.7557,-17.8847,0,0,20,30,0
92,22,470,20,2,-96.7857,-118.756,-10.8232,-32.7939,-21.9706,0,0,20,30,0
92,23,490,20,2,-90.5668,-119.123,-10.7988,-39.3548,-28.556,0,0,20,30,0
92,24,510,20,2,-84.8851,-119.474,-10.7936,-45.3829,-34.5893,0,0,20,30,0
92,25,530,20,2,-93.5064,-119.812,-10.8038,-37.1098,-26.306,0,0,20,30,0
92,26,550,20,2,-98.4373,-120.138,-10.8268,-32.5272,-21.7004,0,0,20,30,0
92,27,570,20,2,-101.615,-120.451,-10.86,-29.6958,-18.8358,0,0,20,30,0
92,28,590,20,2,-103.949,-120.754,-10.9015,-27.7069,-16.8054,0,0,20,30,0
92,29,610,20,2,-105.79,-121.046,-10.9497,-26.2059,-15.2563,0,0,20,30,0
92,30,630,20,2,-107.31,-121.329,-11.0031,-25.0222,-14.0191,0,0,20,30,0
92,31,650,20,2,-108.605,-121.603,-11.0608,-24.0596,-12.9987,0,0,20,30,0
92,32,670,20,2,-109.731,-121.869,-11.1219,-23.2597,-12.1378,0,0,20,30,0
92,33,690,20,2,-110.729,-122.127,-11.1857,-22.5837,-11.398,0,0,20,30,0
92,34,710,20,2,-111.623,-122.377,-11.2516,-22.0051,-10.7536,0,0,20,30,0
92,35,730,20,2,-112.435,-122.62,-11.3191,-21.5046,-10.1855,0,0,20,30,0
92,36,750,20,2,-113.177,-122.857,-11.3879,-21.0681,-9.68019,0,0,20,30,0
92,37,770,20,2,-113.86,-123.087,-11.4576,-20.6844,-9.22683,0,0,20,30,0
92,38,790,20,2,-114.494,-123.312,-11.5281,-20.3456,-8.81754,0,0,20,30,0
92,39,810,20,2,-115.085,-123.531,-11.5991,-20.0446,-8.44553,0,0,20,30,0
92,40,830,20,2,-115.638,-123.744,-11.6705,-19.7764,-8.1059,0,0,20,30,0
92,41,850,20,2,-116.158,-123.952,-11.7421,-19.5362,-7.79411,0,0,20,30,0
92,42,870,20,2,-116.649,-124.156,-11.8139,-19.3208,-7.50695,0,0,20,30,0
92,43,890,20,2,-117.113,-124.354,-11.8857,-19.127,-7.24123,0,0,20,30,0
92,44,910,20,2,-117.554,-124.549,-11.9576,-18.9523,-6.99475,0,0,20,30,0
92,45,930,20,2,-117.974,-124.739,-12.0294,-18.7946,-6.76519,0,0,20,30,0
92,46,950,20,2,-118.374,-124.925,-12.1011,-18.6521,-6.551,0,0,20,30,0
92,47,970,20,2,-118.756,-125.107,-12.1728,-18.5232,-6.35044,0,0,20,30,0
92,48,990,20,2,-119.123,-125.285,-12.2443,-18.4067,-6.16238,0,0,20,30,0
92,49,1010,20,2,-119.475,-125.46,-12.3156,-18.3011,-5.98546,0,0,20,30,0
92,50,1030,20,2,-119.812,-125.631,-12.3868,-18.2057,-5.81888,0,0,20,30,0
92,51,1050,20,2,-120.138,-125.799,-12.4579,-18.1194,-5.66154,0,0,20,30,0
92,52,1070,20,2,-120.451,-125.964,-12.5287,-18.0416,-5.51285,0,0,20,30,0
92,53,1090,20,2,-120.754,-126.126,-12.5994,-17.9713,-5.37192,0,0,20,30,0
92,54,1110,20,2,-121.046,-126.285,-12.6699,-17.9082,-5.23831,0,0,20,30,0
92,55,1130,20,2,-121.329,-126.441,-12.7402,-17.8515,-5.11129,0,0,20,30,0
92,56,1150,20,2,-121.603,-126.594,-12.8103,-17.8008,-4.99053,0,0,20,30,0
92,57,1170,20,2,-121.869,-126.744,-12.8802,-17.7556,-4.87541,0,0,20,30,0
92,58,1190,20,2,-122.127,-126.892,-12.95,-17.7156,-4.76568,0,0,20,30,0
93,1,60,20,1,-100.166,-118.415,-10.8648,-29.1132,-18.2485,0,0,20,40,0
93,2,80,20,1,-102.858,-118.016,-10.9377,-26.0958,-15.1582,0,0,20,40,0
93,3,100,20,1,-104.917,-117.599,-11.0441,-23.7261,-12.682,0,0,20,40,0
93,4,120,20,1,-106.583,-117.16,-11.1907,-21.7685,-10.5778,0,0,20,40,0
93,5,140,20,1,-107.981,-116.699,-11.3847,-20.1024,-8.71767,0,0,20,40,0
93,6,160,20,1,-109.186,-116.211,-11.6344,-18.6596,-7.02517,0,0,20,40,0
93,7,180,20,1,-110.244,-115.694,-11.9485,-17.3987,-5.4502,0,0,20,40,0
93,8,200,20,1,-111.187,-115.145,-12.3361,-16.2934,-3.95734,0,0,20,40,0
93,9,220,20,1,-112.038,-114.558,-12.8062,-15.326,-2.51974,0,0,20,40,0
93,10,240,20,1,-112.813,-113.929,-13.368,-14.4836,-1.11558,0,0,20,40,0
93,11,260,20,1,-113.525,-113.251,-14.0304,-13.7562,0.274197,0,0,20,40,0
93,12,280,20,1,-114.183,-112.515,-14.8021,-13.1346,1.66749,0,0,20,40,1
93,13,300,20,2,-111.712,-114.794,-12.6099,-15.6928,-3.08286,1,2,20,40,0
93,14,320,20,2,-110.826,-115.366,-12.1735,-16.7129,-4.53934,0,0,20,40,0
93,15,340,20,2,-109.841,-115.902,-11.8161,-17.8773,-6.06126,0,0,20,40,0
93,16,360,20,2,-108.729,-116.407,-11.5285,-19.2062,-7.67764,0,0,20,40,0
93,17,380,20,2,-107.454,-116.884,-11.3018,-20.7314,-9.42955,0,0,20,40,0
93,18,400,20,2,-105.962,-117.336,-11.1275,-22.5022,-11.3747,0,0,20,40,0
93,19,420,20,2,-104.159,-117.766,-10.9976,-24.6044,-13.6067,0,0,20,40,0
93,20,440,20,2,-101.89,-118.176,-10.9052,-27.1913,-16.2861,0,0,20,40,0
93,21,460,20,2,-98.8262,-118.567,-10.8439,-30.5848,-19.7409,0,0,20,40,0
93,22,480,20,2,-94.1595,-118.941,-10.8084,-35.5904,-24.782,0,0,20,40,0
93,23,500,20,2,-85.7725,-119.3,-10.7941,-44.322,-33.5279,0,0,20,40,0
93,24,520,20,2,-89.6505,-119.645,-10.7969,-40.7915,-29.9945,0,0,20,40,0
93,25,540,20,2,-96.2952,-119.977,-10.8139,-34.4952,-23.6814,0,0,20,40,0
93,26,560,20,2,-100.167,-120.296,-10.8423,-30.9708,-20.1286,0,0,20,40,0
93,27,580,20,2,-102.859,-120.604,-10.8798,-28.6246,-17.7447,0,0,20,40,0
93,28,600,20,2,-104.918,-120.901,-10.9248,-26.9087,-15.9838,0,0,20,40,0
93,29,620,20,2,-106.583,-121.189,-10.9758,-25.5815,-14.6057,0,0,20,40,0
93,30,640,20,2,-107.981,-121.467,-11.0315,-24.5176,-13.4861,0,0,20,40,0
93,31,660,20,2,-109.186,-121.737,-11.091,-23.642,-12.551,0,0,20,40,0
93,32,680,20,2,-110.244,-121.999,-11.1535,-22.9081,-11.7546,0,0,20,40,0
93,33,700,20,2,-111.188,-122.253,-11.2184,-22.2835,-11.0651,0,0,20,40,0
93,34,720,20,2,-112.038,-122.499,-11.2851,-21.7461,-10.461,0,0,20,40,0
93,35,740,20,2,-112.814,-122.739,-11.3533,-21.279,-9.92568,0,0,20,40,0
93,36,760,20,2,-113.525,-122.973,-11.4226,-20.8702,-9.4476,0,0,20,40,0
93,37,780,20,2,-114.183,-123.2,-11.4928,-20.5099,-9.0171,0,0,20,40,0
93,38,800,20,2,-114.795,-123.422,-11.5635,-20.1908,-8.62725,0,0,20,40,0
93,39,820,20,2,-115.366,-123.638,-11.6347,-19.9067,-8.27194,0,0,20,40,0
93,40,840,20,2,-115.902,-123.849,-11.7062,-19.653,-7.94678,0,0,20,40,0
93,41,860,20,2,-116.407,-124.055,-11.778,-19.4256,-7.64763,0,0,20,40,0
93,42,880,20,2,-116.884,-124.256,-11.8498,-19.2214,-7.37158,0,0,20,40,0
93,43,900,20,2,-117.336,-124.452,-11.9217,-19.0374,-7.11571,0,0,20,40,0
93,44,920,20,2,-117.766,-124.644,-11.9935,-18.8715,-6.87798,0,0,20,40,0
93,45,940,20,2,-118.176,-124.832,-12.0653,-18.7216,-6.65627,0,0,20,40,0
93,46,960,20,2,-118.567,-125.016,-12.137,-18.5861,-6.44912,0,0,20,40,0
93,47,980,20,2,-118.942,-125.197,-12.2086,-18.4635,-6.25491,0,0,20,40,0
93,48,1000,20,2,-119.301,-125.373,-12.28,-18.3526,-6.07261,0,0,20,40,0
93,49,1020,20,2,-119.645,-125.546,-12.3513,-18.2522,-5.90093,0,0,20,40,0
93,50,1040,20,2,-119.977,-125.716,-12.4224,-18.1615,-5.73911,0,0,20,40,0
93,51,1060,20,2,-120.296,-125.882,-12.4933,-18.0795,-5.58615,0,0,20,40,0
93,52,1080,20,2,-120.604,-126.045,-12.5641,-18.0055,-5.44146,0,0,20,40,0
93,53,1100,20,2,-120.901,-126.206,-12.6347,-17.9389,-5.30423,0,0,20,40,0
93,54,1120,20,2,-121.189,-126.363,-12.705,-17.8791,-5.17402,0,0,20,40,0
93,55,1140,20,2,-121.467,-126.518,-12.7753,-17.8254,-5.05015,0,0,20,40,0
93,56,1160,20,2,-121.737,-126.669,-12.8453,-17.7776,-4.9323,0,0,20,40,0
93,57,1180,20,2,-121.999,-126.819,-12.9151,-17.735,-4.81988,0,0,20,40,0
93,58,1200,20,2,-122.253,-126.965,-12.9848,-17.6974,-4.71267,0,0,20,40,0
94,1,70,20,1,-101.614,-118.218,-10.8974,-27.5009,-16.6035,0,0,20,50,0
94,2,90,20,1,-103.948,-117.81,-10.9863,-24.8486,-13.8623,0,0,20,50,0
94,3,110,20,1,-105.789,-117.382,-11.1119,-22.705,-11.593,0,0,20,50,0
94,4,130,20,1,-107.31,-116.933,-11.2813,-20.9041,-9.62282,0,0,20,50,0
94,5,150,20,1,-108.604,-116.458,-11.5021,-19.3561,-7.85404,0,0,20,50,0
94,6,170,20,1,-109.731,-115.956,-11.7829,-18.0083,-6.22546,0,0,20,50,0
94,7,190,20,1,-110.728,-115.424,-12.1325,-16.8279,-4.69533,0,0,20,50,0
94,8,210,20,1,-111.623,-114.856,-12.5602,-15.7933,-3.23309,0,0,20,50,0
94,9,230,20,1,-112.434,-114.249,-13.0751,-14.8898,-1.81472,0,0,20,50,0
94,10,250,20,1,-113.177,-113.597,-13.6861,-14.1061,-0.42002,0,0,20,50,0
94,11,270,20,1,-113.86,-112.891,-14.402,-13.4327,0.969289,0,0,20,50,1
94,12,290,20,2,-112.123,-114.494,-12.8607,-15.232,-2.37132,1,2,20,50,0
94,13,310,20,2,-111.28,-115.085,-12.3813,-16.1859,-3.80462,0,0,20,50,0
94,14,330,20,2,-110.347,-115.638,-11.9855,-17.2759,-5.2904,0,0,20,50,0
94,15,350,20,2,-109.302,-116.158,-11.6641,-18.5196,-6.8555,0,0,20,50,0
94,16,370,20,2,-108.115,-116.649,-11.4081,-19.9416,-8.53348,0,0,20,50,0
94,17,390,20,2,-106.74,-117.113,-11.2086,-21.5819,-10.3733,0,0,20,50,0
94,18,410,20,2,-105.107,-117.554,-11.0575,-23.5044,-12.4469,0,0,20,50,0
94,19,430,20,2,-103.097,-117.973,-10.9471,-25.8232,-14.876,0,0,20,50,0
94,20,450,20,2,-100.49,-118.374,-10.871,-28.755,-17.884,0,0,20,50,0
94,21,470,20,2,-96.7845,-118.756,-10.8232,-32.795,-21.9718,0,0,20,50,0
94,22,490,20,2,-90.5697,-119.123,-10.7988,-39.3519,-28.5531,0,0,20,50,0
94,23,510,20,2,-84.887,-119.474,-10.7936,-45.381,-34.5875,0,0,20,50,0
94,24,530,20,2,-93.5065,-119.812,-10.8038,-37.1097,-26.3059,0,0,20,50,0
94,25,550,20,2,-98.4375,-120.138,-10.8268,-32.527,-21.7002,0,0,20,50,0
94,26,570,20,2,-101.615,-120.451,-10.86,-29.696,-18.836,0,0,20,50,0
94,27,590,20,2,-103.949,-120.754,-10.9015,-27.7067,-16.8052,0,0,20,50,0
94,28,610,20,2,-105.79,-121.046,-10.9497,-26.2061,-15.2564,0,0,20,50,0
94,29,630,20,2,-107.31,-121.329,-11.0031,-25.0221,-14.019,0,0,20,50,0
94,30,650,20,2,-108.604,-121.603,-11.0608,-24.0597,-12.9988,0,0,20,50,0
94,31,670,20,2,-109.731,-121.869,-11.1219,-23.2596,-12.1377,0,0,20,50,0
94,32,690,20,2,-110.729,-122.127,-11.1857,-22.5838,-11.3981,0,0,20,50,0
94,33,710,20,2,-111.623,-122.377,-11.2516,-22.005,-10.7535,0,0,20,50,0
94,34,730,20,2,-112.435,-122.62,-11.3191,-21.5046,-10.1856,0,0,20,50,0
94,35,750,20,2,-113.177,-122.857,-11.3879,-21.068,-9.6801,0,0,20,50,0
94,36,770,20,2,-113.86,-123.087,-11.4576,-20.6845,-9.22691,0,0,20,50,0
94,37,790,20,2,-114.494,-123.312,-11.5281,-20.3456,-8.81746,0,0,20,50,0
94,38,810,20,2,-115.085,-123.531,-11.5991,-20.0447,-8.44561,0,0,20,50,0
94,39,830,20,2,-115.638,-123.744,-11.6705,-19.7763,-8.10583,0,0,20,50,0
94,40,850,20,2,-116.158,-123.952,-11.7421,-19.5363,-7.79418,0,0,20,50,0
94,41,870,20,2,-116.649,-124.156,-11.8139,-19.3208,-7.50688,0,0,20,50,0
94,42,890,20,2,-117.113,-124.354,-11.8857,-19.127,-7.24129,0,0,20,50,0
94,43,910,20,2,-117.554,-124.549,-11.9576,-18.9523,-6.99469,0,0,20,50,0
94,44,930,20,2,-117.974,-124.739,-12.0294,-18.7946,-6.76525,0,0,20,50,0
94,45,950,20,2,-118.374,-124.925,-12.1011,-18.6521,-6.55095,0,0,20,50,0
94,46,970,20,2,-118.756,-125.107,-12.1728,-18.5233,-6.35049,0,0,20,50,0
94,47,990,20,2,-119.123,-125.285,-12.2443,-18.4066,-6.16233,0,0,20,50,0
94,48,1010,20,2,-119.475,-125.46,-12.3156,-18.3011,-5.98551,0,0,20,50,0
94,49,1030,20,2,-119.813,-125.631,-12.3868,-18.2057,-5.81883,0,0,20,50,0
94,50,1050,20,2,-120.138,-125.799,-12.4579,-18.1194,-5.66158,0,0,20,50,0
94,51,1070,20,2,-120.451,-125.964,-12.5287,-18.0415,-5.5128,0,0,20,50,0
94,52,1090,20,2,-120.754,-126.126,-12.5994,-17.9713,-5.37196,0,0,20,50,0
94,53,1110,20,2,-121.046,-126.285,-12.6699,-17.9081,-5.23827,0,0,20,50,0
94,54,1130,20,2,-121.329,-126.441,-12.7402,-17.8515,-5.11133,0,0,20,50,0
94,55,1150,20,2,-121.603,-126.594,-12.8103,-17.8008,-4.99049,0,0,20,50,0
94,56,1170,20,2,-121.869,-126.744,-12.8802,-17.7557,-4.87544,0,0,20,50,0
94,57,1190,20,2,-122.127,-126.892,-12.95,-17.7156,-4.76564,0,0,20,50,0
94,58,1210,20,2,-122.377,-127.038,-13.0195,-17.6804,-4.66086,0,0,20,50,0
95,1,80,20,1,-102.858,-118.016,-10.9377,-26.0958,-15.1582,0,0,20,60,0
95,2,100,20,1,-104.917,-117.599,-11.0441,-23.7261,-12.682,0,0,20,60,0
95,3,120,20,1,-106.583,-117.16,-11.1907,-21.7685,-10.5778,0,0,20,60,0
95,4,140,20,1,-107.981,-116.699,-11.3847,-20.1024,-8.71767,0,0,20,60,0
95,5,160,20,1,-109.186,-116.211,-11.6344,-18.6596,-7.02517,0,0,20,60,0
95,6,180,20,1,-110.244,-115.694,-11.9485,-17.3987,-5.4502,0,0,20,60,0
95,7,200,20,1,-111.187,-115.145,-12.3361,-16.2934,-3.95734,0,0,20,60,0
95,8,220,20,1,-112.038,-114.558,-12.8062,-15.326,-2.51974,0,0,20,60,0
95,9,240,20,1,-112.813,-113.929,-13.368,-14.4836,-1.11558,0,0,20,60,0
95,10,260,20,1,-113.525,-113.251,-14.0304,-13.7562,0.274197,0,0,20,60,0
95,11,280,20,1,-114.183,-112.515,-14.8021,-13.1346,1.66749,0,0,20,60,1
95,12,300,20,2,-111.712,-114.794,-12.61,-15.6927,-3.08272,1,2,20,60,0
95,13,320,20,2,-110.826,-115.366,-12.1735,-16.713,-4.5395,0,0,20,60,0
95,14,340,20,2,-109.841,-115.902,-11.8161,-17.8772,-6.06108,0,0,20,60,0
95,15,360,20,2,-108.729,-116.407,-11.5285,-19.2064,-7.67785,0,0,20,60,0
95,16,380,20,2,-107.455,-116.884,-11.3018,-20.7311,-9.42931,0,0,20,60,0
95,17,400,20,2,-105.961,-117.336,-11.1275,-22.5025,-11.375,0,0,20,60,0
95,18,420,20,2,-104.16,-117.766,-10.9977,-24.604,-13.6064,0,0,20,60,0
95,19,440,20,2,-101.889,-118.176,-10.9052,-27.1918,-16.2867,0,0,20,60,0
95,20,460,20,2,-98.8271,-118.567,-10.8439,-30.5839,-19.74,0,0,20,60,0
95,21,480,20,2,-94.1577,-118.941,-10.8084,-35.5921,-24.7838,0,0,20,60,0
95,22,500,20,2,-85.7745,-119.3,-10.7941,-44.32,-33.5259,0,0,20,60,0
95,23,520,20,2,-89.65,-119.645,-10.7969,-40.792,-29.995,0,0,20,60,0
95,24,540,20,2,-96.2951,-119.977,-10.8139,-34.4954,-23.6815,0,0,20,60,0
95,25,560,20,2,-100.168,-120.296,-10.8423,-30.9706,-20.1284,0,0,20,60,0
95,26,580,20,2,-102.859,-120.604,-10.8798,-28.6247,-17.7449,0,0,20,60,0
95,27,600,20,2,-104.918,-120.901,-10.9248,-26.9085,-15.9836,0,0,20,60,0
95,28,620,20,2,-106.583,-121.189,-10.9758,-25.5817,-14.6059,0,0,20,60,0
95,29,640,20,2,-107.981,-121.467,-11.0315,-24.5174,-13.4859,0,0,20,60,0
95,30,660,20,2,-109.186,-121.737,-11.091,-23.6421,-12.5511,0,0,20,60,0
95,31,680,20,2,-110.244,-121.999,-11.1535,-22.908,-11.7545,0,0,20,60,0
95,32,700,20,2,-111.187,-122.253,-11.2184,-22.2836,-11.0652,0,0,20,60,0
95,33,720,20,2,-112.039,-122.499,-11.2852,-21.746,-10.4609,0,0,20,60,0
95,34,740,20,2,-112.814,-122.739,-11.3533,-21.2791,-9.92577,0,0,20,60,0
95,35,760,20,2,-113.525,-122.973,-11.4226,-20.8702,-9.44751,0,0,20,60,0
95,36,780,20,2,-114.183,-123.2,-11.4928,-20.5099,-9.01718,0,0,20,60,0
95,37,800,20,2,-114.795,-123.422,-11.5635,-20.1907,-8.62717,0,0,20,60,0
95,38,820,20,2,-115.366,-123.638,-11.6347,-19.9067,-8.27201,0,0,20,60,0
95,39,840,20,2,-115.902,-123.849,-11.7063,-19.653,-7.94671,0,0,20,60,0
95,40,860,20,2,-116.407,-124.055,-11.778,-19.4257,-7.6477,0,0,20,60,0
95,41,880,20,2,-116.884,-124.256,-11.8498,-19.2213,-7.37152,0,0,20,60,0
95,42,900,20,2,-117.336,-124.452,-11.9216,-19.0374,-7.11576,0,0,20,60,0
95,43,920,20,2,-117.766,-124.644,-11.9935,-18.8714,-6.87793,0,0,20,60,0
95,44,940,20,2,-118.176,-124.832,-12.0653,-18.7216,-6.65632,0,0,20,60,0
95,45,960,20,2,-118.567,-125.016,-12.137,-18.586,-6.44907,0,0,20,60,0
95,46,980,20,2,-118.942,-125.197,-12.2085,-18.4635,-6.25496,0,0,20,60,0
95,47,1000,20,2,-119.301,-125.373,-12.28,-18.3525,-6.07256,0,0,20,60,0
95,48,1020,20,2,-119.645,-125.546,-12.3512,-18.2522,-5.90097,0,0,20,60,0
95,49,1040,20,2,-119.977,-125.716,-12.4224,-18.1614,-5.73907,0,0,20,60,0
95,50,1060,20,2,-120.296,-125.882,-12.4933,-18.0795,-5.58619,0,0,20,60,0
95,51,1080,20,2,-120.604,-126.045,-12.5641,-18.0055,-5.44142,0,0,20,60,0
95,52,1100,20,2,-120.901,-126.206,-12.6346,-17.9389,-5.30427,0,0,20,60,0
95,53,1120,20,2,-121.189,-126.363,-12.7051,-17.879,-5.17398,0,0,20,60,0
95,54,1140,20,2,-121.467,-126.518,-12.7753,-17.8254,-5.05019,0,0,20,60,0
95,55,1160,20,2,-121.737,-126.669,-12.8453,-17.7775,-4.93226,0,0,20,60,0
95,56,1180,20,2,-121.999,-126.819,-12.9151,-17.735,-4.81992,0,0,20,60,0
95,57,1200,20,2,-122.253,-126.965,-12.9848,-17.6974,-4.71264,0,0,20,60,0
95,58,1220,20,2,-122.5,-127.11,-13.0542,-17.6645,-4.6102,0,0,20,60,0
96,1,90,20,1,-103.948,-117.81,-10.9863,-24.8486,-13.8623,0,0,20,70,0
96,2,110,20,1,-105.789,-117.382,-11.1119,-22.705,-11.593,0,0,20,70,0
96,3,130,20,1,-107.31,-116.933,-11.2813,-20.9041,-9.62282,0,0,20,70,0
96,4,150,20,1,-108.604,-116.458,-11.5021,-19.3561,-7.85404,0,0,20,70,0
96,5,170,20,1,-109.731,-115.956,-11.7829,-18.0083,-6.22546,0,0,20,70,0
96,6,190,20,1,-110.728,-115.424,-12.1325,-16.8279,-4.69533,0,0,20,70,0
96,7,210,20,1,-111.623,-114.856,-12.5602,-15.7933,-3.23309,0,0,20,70,0
96,8,230,20,1,-112.434,-114.249,-13.0751,-14.8898,-1.81472,0,0,20,70,0
96,9,250,20,1,-113.177,-113.597,-13.6861,-14.1061,-0.42002,0,0,20,70,0
96,10,270,20,1,-113.86,-112.891,-14.402,-13.4327,0.969289,0,0,20,70,1
96,11,290,20,2,-112.123,-114.494,-12.8606,-15.2321,-2.37145,1,2,20,70,0
96,12,310,20,2,-111.28,-115.085,-12.3813,-16.1858,-3.80447,0,0,20,70,0
96,13,330,20,2,-110.347,-115.638,-11.9855,-17.276,-5.29057,0,0,20,70,0
96,14,350,20,2,-109.303,-116.158,-11.6642,-18.5195,-6.8553,0,0,20,70,0
96,15,370,20,2,-108.115,-116.649,-11.4081,-19.9418,-8.53371,0,0,20,70,0
96,16,390,20,2,-106.74,-117.113,-11.2086,-21.5817,-10.3731,0,0,20,70,0
96,17,410,20,2,-105.107,-117.554,-11.0575,-23.5047,-12.4472,0,0,20,70,0
96,18,430,20,2,-103.098,-117.973,-10.9472,-25.8227,-14.8756,0,0,20,70,0
96,19,450,20,2,-100.489,-118.374,-10.871,-28.7557,-17.8847,0,0,20,70,0
96,20,470,20,2,-96.7857,-118.756,-10.8232,-32.7939,-21.9706,0,0,20,70,0
96,21,490,20,2,-90.5668,-119.123,-10.7988,-39.3548,-28.556,0,0,20,70,0
96,22,510,20,2,-84.8851,-119.474,-10.7936,-45.3829,-34.5893,0,0,20,70,0
96,23,530,20,2,-93.5064,-119.812,-10.8038,-37.1098,-26.306,0,0,20,70,0
96,24,550,20,2,-98.4373,-120.138,-10.8268,-32.5272,-21.7004,0,0,20,70,0
96,25,570,20,2,-101.615,-120.451,-10.86,-29.6958,-18.8358,0,0,20,70,0
96,26,590,20,2,-103.949,-120.754,-10.9015,-27.7069,-16.8054,0,0,20,70,0
96,27,610,20,2,-105.79,-121.046,-10.9497,-26.2059,-15.2563,0,0,20,70,0
96,28,630,20,2,-107.31,-121.329,-11.0031,-25.0222,-14.0191,0,0,20,70,0
96,29,650,20,2,-108.605,-121.603,-11.0608,-24.0596,-12.9987,0,0,20,70,0
96,30,670,20,2,-109.731,-121.869,-11.1219,-23.2597,-12.1378,0,0,20,70,0
96,31,690,20,2,-110.729,-122.127,-11.1857,-22.5837,-11.398,0,0,20,70,0
96,32,710,20,2,-111.623,-122.377,-11.2516,-22.0051,-10.7536,0,0,20,70,0
96,33,730,20,2,-112.435,-122.62,-11.3191,-21.5046,-10.1855,0,0,20,70,0
96,34,750,20,2,-113.177,-122.857,-11.3879,-21.0681,-9.68019,0,0,20,70,0
96,35,770,20,2,-113.86,-123.087,-11.4576,-20.6844,-9.22683,0,0,20,70,0
96,36,790,20,2,-114.494,-123.312,-11.5281,-20.3456,-8.81754,0,0,20,70,0
96,37,810,20,2,-115.085,-123.531,-11.5991,-20.0446,-8.44553,0,0,20,70,0
96,38,830,20,2,-115.638,-123.744,-11.6705,-19.7764,-8.1059,0,0,20,70,0
96,39,850,20,2,-116.158,-123.952,-11.7421,-19.5362,-7.79411,0,0,20,70,0
96,40,870,20,2,-116.649,-124.156,-11.8139,-19.3208,-7.50695,0,0,20,70,0
96,41,890,20,2,-117.113,-124.354,-11.8857,-19.127,-7.24123,0,0,20,70,0
96,42,910,20,2,-117.554,-124.549,-11.9576,-18.9523,-6.99475,0,0,20,70,0
96,43,930,20,2,-117.974,-124.739,-12.0294,-18.7946,-6.76519,0,0,20,70,0
96,44,950,20,2,-118.374,-124.925,-12.1011,-18.6521,-6.551,0,0,20,70,0
96,45,970,20,2,-118.756,-125.107,-12.1728,-18.5232,-6.35044,0,0,20,70,0
96,46,990,20,2,-119.123,-125.285,-12.2443,-18.4067,-6.16238,0,0,20,70,0
96,47,1010,20,2,-119.475,-125.46,-12.3156,-18.3011,-5.98546,0,0,20,70,0
96,48,1030,20,2,-119.812,-125.631,-12.3868,-18.2057,-5.81888,0,0,20,70,0
96,49,1050,20,2,-120.138,-125.799,-12.4579,-18.1194,-5.66154,0,0,20,70,0
96,50,1070,20,2,-120.451,-125.964,-12.5287,-18.0416,-5.51285,0,0,20,70,0
96,51,1090,20,2,-120.754,-126.126,-12.5994,-17.9713,-5.37192,0,0,20,70,0
96,52,1110,20,2,-121.046,-126.285,-12.6699,-17.9082,-5.23831,0,0,20,70,0
96,53,1130,20,2,-121.329,-126.441,-12.7402,-17.8515,-5.11129,0,0,20,70,0
96,54,1150,20,2,-121.603,-126.594,-12.8103,-17.8008,-4.99053,0,0,20,70,0
96,55,1170,20,2,-121.869,-126.744,-12.8802,-17.7556,-4.87541,0,0,20,70,0
96,56,1190,20,2,-122.127,-126.892,-12.95,-17.7156,-4.76568,0,0,20,70,0
96,57,1210,20,2,-122.377,-127.038,-13.0195,-17.6804,-4.66083,0,0,20,70,0
96,58,1230,20,2,-122.62,-127.181,-13.0889,-17.6496,-4.56066,0,0,20,70,0
97,1,100,20,1,-104.917,-117.599,-11.0441,-23.7261,-12.682,0,0,20,80,0
97,2,120,20,1,-106.583,-117.16,-11.1907,-21.7685,-10.5778,0,0,20,80,0
97,3,140,20,1,-107.981,-116.699,-11.3847,-20.1024,-8.71767,0,0,20,80,0
97,4,160,20,1,-109.186,-116.211,-11.6344,-18.6596,-7.02517,0,0,20,80,0
97,5,180,20,1,-110.244,-115.694,-11.9485,-17.3987,-5.4502,0,0,20,80,0
97,6,200,20,1,-111.187,-115.145,-12.3361,-16.2934,-3.95734,0,0,20,80,0
97,7,220,20,1,-112.038,-114.558,-12.8062,-15.326,-2.51974,0,0,20,80,0
97,8,240,20,1,-112.813,-113.929,-13.368,-14.4836,-1.11558,0,0,20,80,0
97,9,260,20,1,-113.525,-113.251,-14.0304,-13.7562,0.274197,0,0,20,80,0
97,10,280,20,1,-114.183,-112.515,-14.8021,-13.1346,1.66749,0,0,20,80,1
97,11,300,20,2,-111.712,-114.794,-12.6099,-15.6928,-3.08286,1,2,20,80,0
97,12,320,20,2,-110.826,-115.366,-12.1735,-16.7129,-4.53934,0,0,20,80,0
97,13,340,20,2,-109.841,-115.902,-11.8161,-17.8773,-6.06126,0,0,20,80,0
97,14,360,20,2,-108.729,-116.407,-11.5285,-19.2062,-7.67764,0,0,20,80,0
97,15,380,20,2,-107.454,-116.884,-11.3018,-20.7314,-9.42955,0,0,20,80,0
97,16,400,20,2,-105.962,-117.336,-11.1275,-22.5022,-11.3747,0,0,20,80,0
97,17,420,20,2,-104.159,-117.766,-10.9976,-24.6044,-13.6067,0,0,20,80,0
97,18,440,20,2,-101.89,-118.176,-10.9052,-27.1913,-16.2861,0,0,20,80,0
97,19,460,20,2,-98.8262,-118.567,-10.8439,-30.5848,-19.7409,0,0,20,80,0
97,20,480,20,2,-94.1595,-118.941,-10.8084,-35.5904,-24.782,0,0,20,80,0
97,21,500,20,2,-85.7725,-119.3,-10.7941,-44.322,-33.5279,0,0,20,80,0
97,22,520,20,2,-89.6505,-119.645,-10.7969,-40.7915,-29.9945,0,0,20,80,0
97,23,540,20,2,-96.2952,-119.977,-10.8139,-34.4952,-23.6814,0,0,20,80,0
97,24,560,20,2,-100.167,-120.296,-10.8423,-30.9708,-20.1286,0,0,20,80,0
97,25,580,20,2,-102.859,-120.604,-10.8798,-28.6246,-17.7447,0,0,20,80,0
97,26,600,20,2,-104.918,-120.901,-10.9248,-26.9087,-15.9838,0,0,20,80,0
97,27,620,20,2,-106.583,-121.189,-10.9758,-25.5815,-14.6057,0,0,20,80,0
97,28,640,20,2,-107.981,-121.467,-11.0315,-24.5176,-13.4861,0,0,20,80,0
97,29,660,20,2,-109.186,-121.737,-11.091,-23.642,-12.551,0,0,20,80,0
97,30,680,20,2,-110.244,-121.999,-11.1535,-22.9081,-11.7546,0,0,20,80,0
97,31,700,20,2,-111.188,-122.253,-11.2184,-22.2835,-11.0651,0,0,20,80,0
97,32,720,20,2,-112.038,-122.499,-11.2851,-21.7461,-10.461,0,0,20,80,0
97,33,740,20,2,-112.814,-122.739,-11.3533,-21.279,-9.92568,0,0,20,80,0
97,34,760,20,2,-113.525,-122.973,-11.4226,-20.8702,-9.4476,0,0,20,80,0
97,35,780,20,2,-114.183,-123.2,-11.4928,-20.5099,-9.0171,0,0,20,80,0
97,36,800,20,2,-114.795,-123.422,-11.5635,-20.1908,-8.62725,0,0,20,80,0
97,37,820,20,2,-115.366,-123.638,-11.6347,-19.9067,-8.27194,0,0,20,80,0
97,38,840,20,2,-115.902,-123.849,-11.7062,-19.653,-7.94678,0,0,20,80,0
97,39,860,20,2,-116.407,-124.055,-11.778,-19.4256,-7.64763,0,0,20,80,0
97,40,880,20,2,-116.884,-124.256,-11.8498,-19.2214,-7.37158,0,0,20,80,0
97,41,900,20,2,-117.336,-124.452,-11.9217,-19.0374,-7.11571,0,0,20,80,0
97,42,920,20,2,-117.766,-124.644,-11.9935,-18.8715,-6.87798,0,0,20,80,0
97,43,940,20,2,-118.176,-124.832,-12.0653,-18.7216,-6.65627,0,0,20,80,0
97,44,960,20,2,-118.567,-125.016,-12.137,-18.5861,-6.44912,0,0,20,80,0
97,45,980,20,2,-118.942,-125.197,-12.2086,-18.4635,-6.25491,0,0,20,80,0
97,46,1000,20,2,-119.301,-125.373,-12.28,-18.3526,-6.07261,0,0,20,80,0
97,47,1020,20,2,-119.645,-125.546,-12.3513,-18.2522,-5.90093,0,0,20,80,0
97,48,1040,20,2,-119.977,-125.716,-12.4224,-18.1615,-5.73911,0,0,20,80,0
97,49,1060,20,2,-120.296,-125.882,-12.4933,-18.0795,-5.58615,0,0,20,80,0
97,50,1080,20,2,-120.604,-126.045,-12.5641,-18.0055,-5.44146,0,0,20,80,0
97,51,1100,20,2,-120.901,-126.206,-12.6347,-17.9389,-5.30423,0,0,20,80,0
97,52,1120,20,2,-121.189,-126.363,-12.705,-17.8791,-5.17402,0,0,20,80,0
97,53,1140,20,2,-121.467,-126.518,-12.7753,-17.8254,-5.05015,0,0,20,80,0
97,54,1160,20,2,-121.737,-126.669,-12.8453,-17.7776,-4.9323,0,0,20,80,0
97,55,1180,20,2,-121.999,-126.819,-12.9151,-17.735,-4.81988,0,0,20,80,0
97,56,1200,20,2,-122.253,-126.965,-12.9848,-17.6974,-4.71267,0,0,20,80,0
97,57,1220,20,2,-122.5,-127.11,-13.0543,-17.6644,-4.61017,0,0,20,80,0
97,58,1240,20,2,-122.739,-127.252,-13.1235,-17.6357,-4.51219,0,0,20,80,0
98,1,110,20,1,-105.789,-117.382,-11.1119,-22.705,-11.593,0,0,20,90,0
98,2,130,20,1,-107.31,-116.933,-11.2813,-20.9041,-9.62282,0,0,20,90,0
98,3,150,20,1,-108.604,-116.458,-11.5021,-19.3561,-7.85404,0,0,20,90,0
98,4,170,20,1,-109.731,-115.956,-11.7829,-18.0083,-6.22546,0,0,20,90,0
98,5,190,20,1,-110.728,-115.424,-12.1325,-16.8279,-4.69533,0,0,20,90,0
98,6,210,20,1,-111.623,-114.856,-12.5602,-15.7933,-3.23309,0,0,20,90,0
98,7,230,20,1,-112.434,-114.249,-13.0751,-14.8898,-1.81472,0,0,20,90,0
98,8,250,20,1,-113.177,-113.597,-13.6861,-14.1061,-0.42002,0,0,20,90,0
98,9,270,20,1,-113.86,-112.891,-14.402,-13.4327,0.969289,0,0,20,90,1
98,10,290,20,2,-112.123,-114.494,-12.8607,-15.232,-2.37132,1,2,20,90,0
98,11,310,20,2,-111.28,-115.085,-12.3813,-16.1859,-3.80462,0,0,20,90,0
98,12,330,20,2,-110.347,-115.638,-11.9855,-17.2759,-5.2904,0,0,20,90,0
98,13,350,20,2,-109.302,-116.158,-11.6641,-18.5196,-6.8555,0,0,20,90,0
98,14,370,20,2,-108.115,-116.649,-11.4081,-19.9416,-8.53348,0,0,20,90,0
98,15,390,20,2,-106.74,-117.113,-11.2086,-21.5819,-10.3733,0,0,20,90,0
98,16,410,20,2,-105.107,-117.554,-11.0575,-23.5044,-12.4469,0,0,20,90,0
98,17,430,20,2,-103.097,-117.973,-10.9471,-25.8232,-14.876,0,0,20,90,0
98,18,450,20,2,-100.49,-118.374,-10.871,-28.755,-17.884,0,0,20,90,0
98,19,470,20,2,-96.7845,-118.756,-10.8232,-32.795,-21.9718,0,0,20,90,0
98,20,490,20,2,-90.5697,-119.123,-10.7988,-39.3519,-28.5531,0,0,20,90,0
98,21,510,20,2,-84.887,-119.474,-10.7936,-45.381,-34.5875,0,0,20,90,0
98,22,530,20,2,-93.5065,-119.812,-10.8038,-37.1097,-26.3059,0,0,20,90,0
98,23,550,20,2,-98.4375,-120.138,-10.8268,-32.527,-21.7002,0,0,20,90,0
98,24,570,20,2,-101.615,-120.451,-10.86,-29.696,-18.836,0,0,20,90,0
98,25,590,20,2,-103.949,-120.754,-10.9015,-27.7067,-16.8052,0,0,20,90,0
98,26,610,20,2,-105.79,-121.046,-10.9497,-26.2061,-15.2564,0,0,20,90,0
98,27,630,20,2,-107.31,-121.329,-11.0031,-25.0221,-14.019,0,0,20,90,0
98,28,650,20,2,-108.604,-121.603,-11.0608,-24.0597,-12.9988,0,0,20,90,0
98,29,670,20,2,-109.731,-121.869,-11.1219,-23.2596,-12.1377,0,0,20,90,0
98,30,690,20,2,-110.729,-122.127,-11.1857,-22.5838,-11.3981,0,0,20,90,0
98,31,710,20,2,-111.623,-122.377,-11.2516,-22.005,-10.7535,0,0,20,90,0
98,32,730,20,2,-112.435,-122.62,-11.3191,-21.5046,-10.1856,0,0,20,90,0
98,33,750,20,2,-113.177,-122.857,-11.3879,-21.068,-9.6801,0,0,20,90,0
98,34,770,20,2,-113.86,-123.087,-11.4576,-20.6845,-9.22691,0,0,20,90,0
98,35,790,20,2,-114.494,-123.312,-11.5281,-20.3456,-8.81746,0,0,20,90,0
98,36,810,20,2,-115.085,-123.531,-11.5991,-20.0447,-8.44561,0,0,20,90,0
98,37,830,20,2,-115.638,-123.744,-11.6705,-19.7763,-8.10583,0,0,20,90,0
98,38,850,20,2,-116.158,-123.952,-11.7421,-19.5363,-7.79418,0,0,20,90,0
98,39,870,20,2,-116.649,-124.156,-11.8139,-19.3208,-7.50688,0,0,20,90,0
98,40,890,20,2,-117.113,-124.354,-11.8857,-19.127,-7.24129,0,0,20,90,0
98,41,910,20,2,-117.554,-124.549,-11.9576,-18.9523,-6.99469,0,0,20,90,0
98,42,930,20,2,-117.974,-124.739,-12.0294,-18.7946,-6.76525,0,0,20,90,0
98,43,950,20,2,-118.374,-124.925,-12.1011,-18.6521,-6.55095,0,0,20,90,0
98,44,970,20,2,-118.756,-125.107,-12.1728,-18.5233,-6.35049,0,0,20,90,0
98,45,990,20,2,-119.123,-125.285,-12.2443,-18.4066,-6.16233,0,0,20,90,0
98,46,1010,20,2,-119.475,-125.46,-12.3156,-18.3011,-5.98551,0,0,20,90,0
98,47,1030,20,2,-119.813,-125.631,-12.3868,-18.2057,-5.81883,0,0,20,90,0
98,48,1050,20,2,-120.138,-125.799,-12.4579,-18.1194,-5.66158,0,0,20,90,0
98,49,1070,20,2,-120.451,-125.964,-12.5287,-18.0415,-5.5128,0,0,20,90,0
98,50,1090,20,2,-120.754,-126.126,-12.5994,-17.9713,-5.37196,0,0,20,90,0
98,51,1110,20,2,-121.046,-126.285,-12.6699,-17.9081,-5.23827,0,0,20,90,0
98,52,1130,20,2,-121.329,-126.441,-12.7402,-17.8515,-5.11133,0,0,20,90,0
98,53,1150,20,2,-121.603,-126.594,-12.8103,-17.8008,-4.99049,0,0,20,90,0
98,54,1170,20,2,-121.869,-126.744,-12.8802,-17.7557,-4.87544,0,0,20,90,0
98,55,1190,20,2,-122.127,-126.892,-12.95,-17.7156,-4.76564,0,0,20,90,0
98,56,1210,20,2,-122.377,-127.038,-13.0195,-17.6804,-4.66086,0,0,20,90,0
98,57,1230,20,2,-122.62,-127.181,-13.0889,-17.6496,-4.56063,0,0,20,90,0
98,58,1250,20,2,-122.857,-127.322,-13.1581,-17.6229,-4.46477,0,0,20,90,0
99,1,120,20,1,-106.583,-117.16,-11.1907,-21.7685,-10.5778,0,0,20,100,0
99,2,140,20,1,-107.981,-116.699,-11.3847,-20.1024,-8.71767,0,0,20,100,0
99,3,160,20,1,-109.186,-116.211,-11.6344,-18.6596,-7.02517,0,0,20,100,0
99,4,180,20,1,-110.244,-115.694,-11.9485,-17.3987,-5.4502,0,0,20,100,0
99,5,200,20,1,-111.187,-115.145,-12.3361,-16.2934,-3.95734,0,0,20,100,0
99,6,220,20,1,-112.038,-114.558,-12.8062,-15.326,-2.51974,0,0,20,100,0
99,7,240,20,1,-112.813,-113.929,-13.368,-14.4836,-1.11558,0,0,20,100,0
99,8,260,20,1,-113.525,-113.251,-14.0304,-13.7562,0.274197,0,0,20,100,0
99,9,280,20,1,-114.183,-112.515,-14.8021,-13.1346,1.66749,0,0,20,100,1
99,10,300,20,2,-111.712,-114.794,-12.61,-15.6927,-3.08272,1,2,20,100,0
99,11,320,20,2,-110.826,-115.366,-12.1735,-16.713,-4.5395,0,0,20,100,0
99,12,340,20,2,-109.841,-115.902,-11.8161,-17.8772,-6.06108,0,0,20,100,0
99,13,360,20,2,-108.729,-116.407,-11.5285,-19.2064,-7.67785,0,0,20,100,0
99,14,380,20,2,-107.455,-116.884,-11.3018,-20.7311,-9.42931,0,0,20,100,0
99,15,400,20,2,-105.961,-117.336,-11.1275,-22.5025,-11.375,0,0,20,100,0
99,16,420,20,2,-104.16,-117.766,-10.9977,-24.604,-13.6064,0,0,20,100,0
99,17,440,20,2,-101.889,-118.176,-10.9052,-27.1918,-16.2867,0,0,20,100,0
99,18,460,20,2,-98.8271,-118.567,-10.8439,-30.5839,-19.74,0,0,20,100,0
99,19,480,20,2,-94.1577,-118.941,-10.8084,-35.5921,-24.7838,0,0,20,100,0
99,20,500,20,2,-85.7745,-119.3,-10.7941,-44.32,-33.5259,0,0,20,100,0
99,21,520,20,2,-89.65,-119.645,-10.7969,-40.792,-29.995,0,0,20,100,0
99,22,540,20,2,-96.2951,-119.977,-10.8139,-34.4954,-23.6815,0,0,20,100,0
99,23,560,20,2,-100.168,-120.296,-10.8423,-30.9706,-20.1284,0,0,20,100,0
99,24,580,20,2,-102.859,-120.604,-10.8798,-28.6247,-17.7449,0,0,20,100,0
99,25,600,20,2,-104.918,-120.901,-10.9248,-26.9085,-15.9836,0,0,20,100,0
99,26,620,20,2,-106.583,-121.189,-10.9758,-25.5817,-14.6059,0,0,20,100,0
99,27,640,20,2,-107.981,-121.467,-11.0315,-24.5174,-13.4859,0,0,20,100,0
99,28,660,20,2,-109.186,-121.737,-11.091,-23.6421,-12.5511,0,0,20,100,0
99,29,680,20,2,-110.244,-121.999,-11.1535,-22.908,-11.7545,0,0,20,100,0
99,30,700,20,2,-111.187,-122.253,-11.2184,-22.2836,-11.0652,0,0,20,100,0
99,31,720,20,2,-112.039,-122.499,-11.2852,-21.746,-10.4609,0,0,20,100,0
99,32,740,20,2,-112.814,-122.739,-11.3533,-21.2791,-9.92577,0,0,20,100,0
99,33,760,20,2,-113.525,-122.973,-11.4226,-20.8702,-9.44751,0,0,20,100,0
99,34,780,20,2,-114.183,-123.2,-11.4928,-20.5099,-9.01718,0,0,20,100,0
99,35,800,20,2,-114.795,-123.422,-11.5635,-20.1907,-8.62717,0,0,20,100,0
99,36,820,20,2,-115.366,-123.638,-11.6347,-19.9067,-8.27201,0,0,20,100,0
99,37,840,20,2,-115.902,-123.849,-11.7063,-19.653,-7.94671,0,0,20,100,0
99,38,860,20,2,-116.407,-124.055,-11.778,-19.4257,-7.6477,0,0,20,100,0
99,39,880,20,2,-116.884,-124.256,-11.8498,-19.2213,-7.37152,0,0,20,100,0
99,40,900,20,2,-117.336,-124.452,-11.9216,-19.0374,-7.11576,0,0,20,100,0
99,41,920,20,2,-117.766,-124.644,-11.9935,-18.8714,-6.87793,0,0,20,100,0
99,42,940,20,2,-118.176,-124.832,-12.0653,-18.7216,-6.65632,0,0,20,100,0
99,43,960,20,2,-118.567,-125.016,-12.137,-18.586,-6.44907,0,0,20,100,0
99,44,980,20,2,-118.942,-125.197,-12.2085,-18.4635,-6.25496,0,0,20,100,0
99,45,1000,20,2,-119.301,-125.373,-12.28,-18.3525,-6.07256,0,0,20,100,0
99,46,1020,20,2,-119.645,-125.546,-12.3512,-18.2522,-5.90097,0,0,20,100,0
99,47,1040,20,2,-119.977,-125.716,-12.4224,-18.1614,-5.73907,0,0,20,100,0
99,48,1060,20,2,-120.296,-125.882,-12.4933,-18.0795,-5.58619,0,0,20,100,0
99,49,1080,20,2,-120.604,-126.045,-12.5641,-18.0055,-5.44142,0,0,20,100,0
99,50,1100,20,2,-120.901,-126.206,-12.6346,-17.9389,-5.30427,0,0,20,100,0
99,51,1120,20,2,-121.189,-126.363,-12.7051,-17.879,-5.17398,0,0,20,100,0
99,52,1140,20,2,-121.467,-126.518,-12.7753,-17.8254,-5.05019,0,0,20,100,0
99,53,1160,20,2,-121.737,-126.669,-12.8453,-17.7775,-4.93226,0,0,20,100,0
99,54,1180,20,2,-121.999,-126.819,-12.9151,-17.735,-4.81992,0,0,20,100,0
99,55,1200,20,2,-122.253,-126.965,-12.9848,-17.6974,-4.71264,0,0,20,100,0
99,56,1220,20,2,-122.5,-127.11,-13.0542,-17.6645,-4.6102,0,0,20,100,0
99,57,1240,20,2,-122.74,-127.252,-13.1236,-17.6357,-4.51216,0,0,20,100,0
99,58,1260,20,2,-122.973,-127.391,-13.1927,-17.611,-4.41835,0,0,20,100,0
100,1,42,22,1,-96.6215,-118.769,-10.822,-32.97,-22.148,0,0,22,20,0
100,2,64,22,1,-100.684,-118.348,-10.875,-28.5396,-17.6646,0,0,22,20,0
100,3,86,22,1,-103.462,-117.906,-10.9628,-25.4063,-14.4435,0,0,22,20,0
100,4,108,22,1,-105.57,-117.439,-11.0932,-22.9625,-11.8693,0,0,22,20,0
100,5,130,22,1,-107.267,-116.946,-11.2754,-20.9547,-9.6793,0,0,22,20,0
100,6,152,22,1,-108.687,-116.424,-11.5196,-19.2562,-7.73661,0,0,22,20,0
100,7,174,22,1,-109.908,-115.868,-11.8371,-17.7969,-5.95983,0,0,22,20,0
100,8,196,22,1,-110.979,-115.274,-12.2398,-16.5352,-4.29536,0,0,22,20,0
100,9,218,22,1,-111.932,-114.637,-12.74,-15.4447,-2.7047,0,0,22,20,0
100,10,240,22,1,-112.791,-113.949,-13.3496,-14.5074,-1.15777,0,0,22,20,0
100,11,262,22,1,-113.573,-113.201,-14.0806,-13.7095,0.371065,0,0,22,20,1
100,12,284,22,2,-112.384,-114.29,-13.0389,-14.9446,-1.90566,1,2,22,20,0
100,13,306,22,2,-111.481,-114.952,-12.4839,-15.9547,-3.47088,0,0,22,20,0
100,14,328,22,2,-110.475,-115.568,-12.0326,-17.1257,-5.09311,0,0,22,20,0
100,15,350,22,2,-109.336,-116.143,-11.6728,-18.4797,-6.80686,0,0,22,20,0
100,16,372,22,2,-108.026,-116.682,-11.3924,-20.0485,-8.65609,0,0,22,20,0
100,17,394,22,2,-106.483,-117.189,-11.1797,-21.8864,-10.7067,0,0,22,20,0
100,18,416,22,2,-104.608,-117.669,-11.024,-24.0847,-13.0608,0,0,22,20,0
100,19,438,22,2,-102.219,-118.124,-10.9153,-26.8195,-15.9042,0,0,22,20,0
100,20,460,22,2,-98.9353,-118.556,-10.8453,-30.4655,-19.6202,0,0,22,20,0
100,21,482,22,2,-93.7211,-118.967,-10.8067,-36.0526,-25.2459,0,0,22,20,0
100,22,504,22,2,-84.4719,-119.36,-10.7935,-45.6814,-34.8879,0,0,22,20,0
100,23,526,22,2,-91.8896,-119.736,-10.8002,-38.6463,-27.8461,0,0,22,20,0
100,24,548,22,2,-97.9242,-120.096,-10.8232,-32.9949,-22.1718,0,0,22,20,0
100,25,570,22,2,-101.533,-120.442,-10.8589,-29.7673,-18.9084,0,0,22,20,0
100,26,592,22,2,-104.09,-120.775,-10.9047,-27.5894,-16.6847,0,0,22,20,0
100,27,614,22,2,-106.067,-121.095,-10.9584,-25.9861,-15.0278,0,0,22,20,0
100,28,636,22,2,-107.678,-121.404,-11.0183,-24.7439,-13.7256,0,0,22,20,0
100,29,658,22,2,-109.038,-121.702,-11.0831,-23.7473,-12.6642,0,0,22,20,0
100,30,680,22,2,-110.214,-121.991,-11.1516,-22.9287,-11.7771,0,0,22,20,0
100,31,702,22,2,-111.25,-122.27,-11.223,-22.2435,-11.0205,0,0,22,20,0
100,32,724,22,2,-112.175,-122.541,-11.2966,-21.6623,-10.3657,0,0,22,20,0
100,33,746,22,2,-113.011,-122.803,-11.3719,-21.1635,-9.79153,0,0,22,20,0
100,34,768,22,2,-113.774,-123.058,-11.4485,-20.7318,-9.28333,0,0,22,20,0
100,35,790,22,2,-114.476,-123.305,-11.5259,-20.3552,-8.82928,0,0,22,20,0
100,36,812,22,2,-115.125,-123.546,-11.604,-20.025,-8.42094,0,0,22,20,0
100,37,834,22,2,-115.729,-123.78,-11.6826,-19.7337,-8.05105,0,0,22,20,0
100,38,856,22,2,-116.293,-124.008,-11.7614,-19.4759,-7.71443,0,0,22,20,0
100,39,878,22,2,-116.823,-124.23,-11.8404,-19.2467,-7.40628,0,0,22,20,0
100,40,900,22,2,-117.323,-124.446,-11.9195,-19.0427,-7.12323,0,0,22,20,0
100,41,922,22,2,-117.796,-124.658,-11.9985,-18.8605,-6.86196,0,0,22,20,0
100,42,944,22,2,-118.244,-124.864,-12.0775,-18.6976,-6.62017,0,0,22,20,0
100,43,966,22,2,-118.67,-125.065,-12.1563,-18.5518,-6.39546,0,0,22,20,0
100,44,988,22,2,-119.076,-125.262,-12.235,-18.4212,-6.18622,0,0,22,20,0
100,45,1010,22,2,-119.464,-125.455,-12.3135,-18.3041,-5.99066,0,0,22,20,0
100,46,1032,22,2,-119.836,-125.643,-12.3918,-18.1994,-5.80761,0,0,22,20,0
100,47,1054,22,2,-120.192,-125.828,-12.4699,-18.1056,-5.63571,0,0,22,20,0
100,48,1076,22,2,-120.534,-126.008,-12.5478,-18.0219,-5.47409,0,0,22,20,0
100,49,1098,22,2,-120.863,-126.185,-12.6255,-17.9472,-5.32169,0,0,22,20,0
100,50,1120,22,2,-121.18,-126.358,-12.7029,-17.8808,-5.17786,0,0,22,20,0
100,51,1142,22,2,-121.487,-126.528,-12.7802,-17.8219,-5.04173,0,0,22,20,0
100,52,1164,22,2,-121.782,-126.695,-12.8571,-17.77,-4.91284,0,0,22,20,0
100,53,1186,22,2,-122.068,-126.859,-12.9339,-17.7244,-4.79046,0,0,22,20,0
100,54,1208,22,2,-122.345,-127.019,-13.0105,-17.6847,-4.67424,0,0,22,20,0
100,55,1230,22,2,-122.613,-127.177,-13.0868,-17.6504,-4.56359,0,0,22,20,0
100,56,1252,22,2,-122.873,-127.331,-13.1629,-17.6212,-4.45823,0,0,22,20,0
100,57,1274,22,2,-123.126,-127.484,-13.2389,-17.5965,-4.35766,0,0,22,20,0
100,58,1296,22,2,-123.371,-127.633,-13.3145,-17.5762,-4.26168,0,0,22,20,0
101,1,52,22,1,-98.6967,-118.581,-10.8422,-30.7262,-19.8839,0,0,22,30,0
101,2,74,22,1,-102.056,-118.15,-10.9102,-27.0043,-16.0941,0,0,22,30,0
101,3,96,22,1,-104.483,-117.697,-11.0163,-24.2296,-13.2133,0,0,22,30,0
101,4,118,22,1,-106.382,-117.219,-11.169,-22.0053,-10.8362,0,0,22,30,0
101,5,140,22,1,-107.941,-116.713,-11.378,-20.1494,-8.77135,0,0,22,30,0
101,6,162,22,1,-109.264,-116.176,-11.6541,-18.5662,-6.91209,0,0,22,30,0
101,7,184,22,1,-110.411,-115.603,-12.0088,-17.2007,-5.1919,0,0,22,30,0
101,8,206,22,1,-111.425,-114.99,-12.4543,-16.0195,-3.56514,0,0,22,30,0
101,9,228,22,1,-112.333,-114.331,-13.0028,-15.0005,-1.99774,0,0,22,30,0
101,10,250,22,1,-113.155,-113.617,-13.6661,-14.1282,-0.462047,0,0,22,30,0
101,11,272,22,1,-113.906,-112.839,-14.4561,-13.3896,1.06646,0,0,22,30,1
101,12,294,22,2,-111.985,-114.597,-12.773,-15.3849,-2.6119,1,2,22,30,0
101,13,316,22,2,-111.038,-115.237,-12.2666,-16.466,-4.19937,0,0,22,30,0
101,14,338,22,2,-109.975,-115.834,-11.8585,-17.7168,-5.85834,0,0,22,30,0
101,15,360,22,2,-108.764,-116.392,-11.5362,-19.1636,-7.6274,0,0,22,30,0
101,16,382,22,2,-107.358,-116.916,-11.288,-20.8462,-9.55813,0,0,22,30,0
101,17,404,22,2,-105.68,-117.411,-11.1025,-22.8333,-11.7308,0,0,22,30,0
101,18,426,22,2,-103.602,-117.879,-10.9693,-25.2456,-14.2763,0,0,22,30,0
101,19,448,22,2,-100.874,-118.323,-10.8792,-28.3273,-17.4481,0,0,22,30,0
101,20,470,22,2,-96.9206,-118.745,-10.8243,-32.6486,-21.8244,0,0,22,30,0
101,21,492,22,2,-89.9506,-119.148,-10.7978,-39.995,-29.1972,0,0,22,30,0
101,22,514,22,2,-86.4027,-119.533,-10.7943,-43.9243,-33.13,0,0,22,30,0
101,23,536,22,2,-95.1082,-119.901,-10.8089,-35.602,-24.7931,0,0,22,30,0
101,24,558,22,2,-99.7467,-120.255,-10.838,-31.3462,-20.5082,0,0,22,30,0
101,25,580,22,2,-102.788,-120.595,-10.8786,-28.6851,-17.8066,0,0,22,30,0
101,26,602,22,2,-105.044,-120.922,-10.9282,-26.8057,-15.8775,0,0,22,30,0
101,27,624,22,2,-106.837,-121.237,-10.9849,-25.3851,-14.4001,0,0,22,30,0
101,28,646,22,2,-108.323,-121.541,-11.0472,-24.2653,-13.2181,0,0,22,30,0
101,29,668,22,2,-109.592,-121.835,-11.1138,-23.3562,-12.2424,0,0,22,30,0
101,30,690,22,2,-110.7,-122.119,-11.1837,-22.6027,-11.419,0,0,22,30,0
101,31,712,22,2,-111.683,-122.394,-11.2562,-21.9678,-10.7116,0,0,22,30,0
101,32,734,22,2,-112.565,-122.661,-11.3307,-21.4264,-10.0957,0,0,22,30,0
101,33,756,22,2,-113.367,-122.92,-11.4066,-20.9597,-9.5531,0,0,22,30,0
101,34,778,22,2,-114.1,-123.171,-11.4836,-20.5544,-9.07083,0,0,22,30,0
101,35,800,22,2,-114.777,-123.415,-11.5614,-20.1998,-8.63844,0,0,22,30,0
101,36,822,22,2,-115.404,-123.653,-11.6397,-19.8881,-8.24841,0,0,22,30,0
101,37,844,22,2,-115.99,-123.884,-11.7184,-19.6126,-7.8942,0,0,22,30,0
101,38,866,22,2,-116.538,-124.109,-11.7973,-19.3684,-7.57108,0,0,22,30,0
101,39,888,22,2,-117.054,-124.329,-11.8764,-19.1511,-7.2747,0,0,22,30,0
101,40,910,22,2,-117.541,-124.543,-11.9554,-18.9573,-7.00195,0,0,22,30,0
101,41,932,22,2,-118.002,-124.752,-12.0344,-18.7842,-6.74977,0,0,22,30,0
101,42,954,22,2,-118.44,-124.956,-12.1133,-18.6293,-6.51604,0,0,22,30,0
101,43,976,22,2,-118.857,-125.155,-12.1921,-18.4906,-6.29852,0,0,22,30,0
101,44,998,22,2,-119.255,-125.35,-12.2707,-18.3664,-6.09573,0,0,22,30,0
101,45,1020,22,2,-119.635,-125.541,-12.3491,-18.2551,-5.90597,0,0,22,30,0
101,46,1042,22,2,-119.999,-125.727,-12.4273,-18.1555,-5.72817,0,0,22,30,0
101,47,1064,22,2,-120.349,-125.91,-12.5053,-18.0664,-5.56102,0,0,22,30,0
101,48,1086,22,2,-120.685,-126.089,-12.5831,-17.9869,-5.40374,0,0,22,30,0
101,49,1108,22,2,-121.009,-126.264,-12.6607,-17.916,-5.25528,0,0,22,30,0
101,50,1130,22,2,-121.321,-126.436,-12.738,-17.8531,-5.11508,0,0,22,30,0
101,51,1152,22,2,-121.622,-126.604,-12.8152,-17.7975,-4.98227,0,0,22,30,0
101,52,1174,22,2,-121.913,-126.77,-12.8921,-17.7485,-4.85644,0,0,22,30,0
101,53,1196,22,2,-122.195,-126.932,-12.9688,-17.7057,-4.73689,0,0,22,30,0
101,54,1218,22,2,-122.468,-127.091,-13.0452,-17.6685,-4.62329,0,0,22,30,0
101,55,1240,22,2,-122.732,-127.247,-13.1215,-17.6365,-4.51506,0,0,22,30,0
101,56,1262,22,2,-122.989,-127.401,-13.1975,-17.6094,-4.41195,0,0,22,30,0
101,57,1284,22,2,-123.238,-127.552,-13.2733,-17.5868,-4.31347,0,0,22,30,0
101,58,1306,22,2,-123.481,-127.7,-13.3489,-17.5683,-4.21944,0,0,22,30,0
102,1,62,22,1,-100.382,-118.387,-10.8689,-28.8745,-18.0056,0,0,22,40,0
102,2,84,22,1,-103.243,-117.947,-10.9532,-25.6572,-14.704,0,0,22,40,0
102,3,106,22,1,-105.398,-117.483,-11.0794,-23.1641,-12.0847,0,0,22,40,0
102,4,128,22,1,-107.126,-116.992,-11.2564,-21.1231,-9.86663,0,0,22,40,0
102,5,150,22,1,-108.567,-116.473,-11.4945,-19.3999,-7.90539,0,0,22,40,0
102,6,172,22,1,-109.804,-115.92,-11.8049,-17.9209,-6.11604,0,0,22,40,0
102,7,194,22,1,-110.887,-115.33,-12.1994,-16.6425,-4.44312,0,0,22,40,0
102,8,216,22,1,-111.849,-114.697,-12.6901,-15.5372,-2.84709,0,0,22,40,0
102,9,238,22,1,-112.716,-114.013,-13.2893,-14.5866,-1.29728,0,0,22,40,0
102,10,260,22,1,-113.504,-113.272,-14.0088,-13.7766,0.232198,0,0,22,40,0
102,11,282,22,1,-114.227,-112.462,-14.8602,-13.095,1.76528,0,0,22,40,1
102,12,304,22,2,-111.568,-114.894,-12.5299,-15.8564,-3.32653,1,2,22,40,0
102,13,326,22,2,-110.571,-115.514,-12.0696,-17.0122,-4.9426,0,0,22,40,0
102,14,348,22,2,-109.446,-116.092,-11.7021,-18.3481,-6.64604,0,0,22,40,0
102,15,370,22,2,-108.153,-116.634,-11.4149,-19.896,-8.48109,0,0,22,40,0
102,16,392,22,2,-106.635,-117.144,-11.1966,-21.7059,-10.5094,0,0,22,40,0
102,17,414,22,2,-104.796,-117.627,-11.036,-23.8666,-12.8306,0,0,22,40,0
102,18,436,22,2,-102.466,-118.083,-10.9235,-26.5407,-15.6173,0,0,22,40,0
102,19,458,22,2,-99.2884,-118.517,-10.8503,-30.079,-19.2287,0,0,22,40,0
102,20,480,22,2,-94.3367,-118.93,-10.8091,-35.4028,-24.5937,0,0,22,40,0
102,21,502,22,2,-85.157,-119.325,-10.7937,-44.9616,-34.1679,0,0,22,40,0
102,22,524,22,2,-91.1057,-119.702,-10.7989,-39.3954,-28.5965,0,0,22,40,0
102,23,546,22,2,-97.5111,-120.064,-10.8205,-33.3733,-22.5528,0,0,22,40,0
102,24,568,22,2,-101.259,-120.411,-10.8552,-30.0068,-19.1516,0,0,22,40,0
102,25,590,22,2,-103.886,-120.745,-10.9001,-27.759,-16.8588,0,0,22,40,0
102,26,612,22,2,-105.905,-121.066,-10.9532,-26.1149,-15.1617,0,0,22,40,0
102,27,634,22,2,-107.544,-121.376,-11.0126,-24.8452,-13.8326,0,0,22,40,0
102,28,656,22,2,-108.923,-121.676,-11.077,-23.8299,-12.7529,0,0,22,40,0
102,29,678,22,2,-110.113,-121.965,-11.1452,-22.9969,-11.8517,0,0,22,40,0
102,30,700,22,2,-111.16,-122.245,-11.2164,-22.3012,-11.0848,0,0,22,40,0
102,31,722,22,2,-112.095,-122.516,-11.2899,-21.7114,-10.4215,0,0,22,40,0
102,32,744,22,2,-112.939,-122.779,-11.365,-21.2059,-9.8409,0,0,22,40,0
102,33,766,22,2,-113.708,-123.035,-11.4415,-20.7685,-9.32705,0,0,22,40,0
102,34,788,22,2,-114.414,-123.283,-11.5189,-20.3875,-8.86864,0,0,22,40,0
102,35,810,22,2,-115.068,-123.524,-11.5969,-20.0532,-8.4563,0,0,22,40,0
102,36,832,22,2,-115.675,-123.759,-11.6754,-19.7588,-8.08331,0,0,22,40,0
102,37,854,22,2,-116.243,-123.987,-11.7543,-19.498,-7.74372,0,0,22,40,0
102,38,876,22,2,-116.776,-124.21,-11.8332,-19.2665,-7.43328,0,0,22,40,0
102,39,898,22,2,-117.279,-124.427,-11.9123,-19.0603,-7.14796,0,0,22,40,0
102,40,920,22,2,-117.754,-124.639,-11.9913,-18.8763,-6.88493,0,0,22,40,0
102,41,942,22,2,-118.204,-124.845,-12.0703,-18.7117,-6.64136,0,0,22,40,0
102,42,964,22,2,-118.632,-125.047,-12.1491,-18.5644,-6.41528,0,0,22,40,0
102,43,986,22,2,-119.04,-125.245,-12.2278,-18.4324,-6.2046,0,0,22,40,0
102,44,1008,22,2,-119.43,-125.437,-12.3063,-18.3143,-6.00795,0,0,22,40,0
102,45,1030,22,2,-119.803,-125.626,-12.3847,-18.2084,-5.82373,0,0,22,40,0
102,46,1052,22,2,-120.16,-125.811,-12.4628,-18.1137,-5.65094,0,0,22,40,0
102,47,1074,22,2,-120.504,-125.992,-12.5407,-18.0291,-5.48835,0,0,22,40,0
102,48,1096,22,2,-120.834,-126.169,-12.6184,-17.9536,-5.33522,0,0,22,40,0
102,49,1118,22,2,-121.152,-126.343,-12.6959,-17.8865,-5.19056,0,0,22,40,0
102,50,1140,22,2,-121.459,-126.513,-12.7731,-17.827,-5.05384,0,0,22,40,0
102,51,1162,22,2,-121.756,-126.68,-12.8502,-17.7744,-4.92424,0,0,22,40,0
102,52,1184,22,2,-122.042,-126.844,-12.927,-17.7283,-4.80136,0,0,22,40,0
102,53,1206,22,2,-122.32,-127.005,-13.0035,-17.6881,-4.68454,0,0,22,40,0
102,54,1228,22,2,-122.589,-127.162,-13.0799,-17.6533,-4.57346,0,0,22,40,0
102,55,1250,22,2,-122.85,-127.318,-13.156,-17.6236,-4.46757,0,0,22,40,0
102,56,1272,22,2,-123.103,-127.47,-13.2319,-17.5986,-4.36664,0,0,22,40,0
102,57,1294,22,2,-123.349,-127.62,-13.3077,-17.5779,-4.27019,0,0,22,40,0
102,58,1316,22,2,-123.589,-127.767,-13.3831,-17.5612,-4.17806,0,0,22,40,0
103,1,72,22,1,-101.798,-118.19,-10.9025,-27.2946,-16.3921,0,0,22,50,0
103,2,94,22,1,-104.289,-117.739,-11.0049,-24.4553,-13.4505,0,0,22,50,0
103,3,116,22,1,-106.226,-117.263,-11.153,-22.1904,-11.0374,0,0,22,50,0
103,4,138,22,1,-107.811,-116.76,-11.3564,-20.3058,-8.94934,0,0,22,50,0
103,5,160,22,1,-109.151,-116.226,-11.6259,-18.7005,-7.07456,0,0,22,50,0
103,6,182,22,1,-110.313,-115.657,-11.973,-17.3169,-5.34384,0,0,22,50,0
103,7,204,22,1,-111.338,-115.048,-12.4098,-16.1199,-3.71012,0,0,22,50,0
103,8,226,22,1,-112.254,-114.393,-12.9484,-15.0869,-2.13853,0,0,22,50,0
103,9,248,22,1,-113.083,-113.684,-13.6008,-14.2018,-0.601002,0,0,22,50,0
103,10,270,22,1,-113.84,-112.913,-14.3787,-13.4515,0.927183,0,0,22,50,1
103,11,292,22,2,-112.066,-114.537,-12.8242,-15.2945,-2.47024,1,2,22,50,0
103,12,314,22,2,-111.129,-115.181,-12.3084,-16.3609,-4.05243,0,0,22,50,0
103,13,336,22,2,-110.077,-115.781,-11.8918,-17.5956,-5.70382,0,0,22,50,0
103,14,358,22,2,-108.882,-116.343,-11.5623,-19.0229,-7.4606,0,0,22,50,0
103,15,380,22,2,-107.495,-116.87,-11.3078,-20.6822,-9.37435,0,0,22,50,0
103,16,402,22,2,-105.847,-117.367,-11.1171,-22.6371,-11.52,0,0,22,50,0
103,17,424,22,2,-103.812,-117.837,-10.9795,-25.0041,-14.0246,0,0,22,50,0
103,18,446,22,2,-101.161,-118.283,-10.8858,-28.0079,-17.1221,0,0,22,50,0
103,19,468,22,2,-97.3597,-118.707,-10.828,-32.1757,-21.3477,0,0,22,50,0
103,20,490,22,2,-90.8164,-119.112,-10.7992,-39.0948,-28.2955,0,0,22,50,0
103,21,512,22,2,-85.4581,-119.498,-10.7938,-44.8342,-34.0404,0,0,22,50,0
103,22,534,22,2,-94.5435,-119.868,-10.8069,-36.1318,-25.3249,0,0,22,50,0
103,23,556,22,2,-99.4109,-120.223,-10.8348,-31.6474,-20.8125,0,0,22,50,0
103,24,578,22,2,-102.551,-120.564,-10.8745,-28.8879,-18.0135,0,0,22,50,0
103,25,600,22,2,-104.862,-120.892,-10.9234,-26.9542,-16.0308,0,0,22,50,0
103,26,622,22,2,-106.688,-121.209,-10.9795,-25.5002,-14.5207,0,0,22,50,0
103,27,644,22,2,-108.198,-121.514,-11.0414,-24.3572,-13.3159,0,0,22,50,0
103,28,666,22,2,-109.484,-121.808,-11.1076,-23.4319,-12.3243,0,0,22,50,0
103,29,688,22,2,-110.605,-122.093,-11.1773,-22.6658,-11.4885,0,0,22,50,0
103,30,710,22,2,-111.598,-122.369,-11.2495,-22.0215,-10.7719,0,0,22,50,0
103,31,732,22,2,-112.489,-122.637,-11.3239,-21.4722,-10.1484,0,0,22,50,0
103,32,754,22,2,-113.297,-122.896,-11.3996,-20.9995,-9.59985,0,0,22,50,0
103,33,776,22,2,-114.036,-123.148,-11.4766,-20.589,-9.11239,0,0,22,50,0
103,34,798,22,2,-114.717,-123.393,-11.5543,-20.2303,-8.67598,0,0,22,50,0
103,35,820,22,2,-115.349,-123.631,-11.6326,-19.9148,-8.28223,0,0,22,50,0
103,36,842,22,2,-115.938,-123.863,-11.7112,-19.6364,-7.92512,0,0,22,50,0
103,37,864,22,2,-116.49,-124.089,-11.7902,-19.3894,-7.59923,0,0,22,50,0
103,38,886,22,2,-117.008,-124.309,-11.8692,-19.1698,-7.30068,0,0,22,50,0
103,39,908,22,2,-117.498,-124.524,-11.9482,-18.974,-7.02579,0,0,22,50,0
103,40,930,22,2,-117.961,-124.733,-12.0272,-18.7992,-6.77196,0,0,22,50,0
103,41,952,22,2,-118.401,-124.938,-12.1061,-18.6427,-6.53653,0,0,22,50,0
103,42,974,22,2,-118.82,-125.137,-12.1849,-18.5026,-6.31772,0,0,22,50,0
103,43,996,22,2,-119.219,-125.333,-12.2636,-18.3771,-6.11355,0,0,22,50,0
103,44,1018,22,2,-119.601,-125.524,-12.342,-18.2647,-5.92276,0,0,22,50,0
103,45,1040,22,2,-119.967,-125.711,-12.4202,-18.1641,-5.74383,0,0,22,50,0
103,46,1062,22,2,-120.318,-125.894,-12.4982,-18.0741,-5.57584,0,0,22,50,0
103,47,1084,22,2,-120.655,-126.073,-12.5761,-17.9937,-5.41761,0,0,22,50,0
103,48,1106,22,2,-120.98,-126.248,-12.6537,-17.9221,-5.26847,0,0,22,50,0
103,49,1128,22,2,-121.293,-126.421,-12.731,-17.8585,-5.12747,0,0,22,50,0
103,50,1150,22,2,-121.595,-126.589,-12.8082,-17.8023,-4.99409,0,0,22,50,0
103,51,1172,22,2,-121.887,-126.755,-12.8851,-17.7527,-4.86758,0,0,22,50,0
103,52,1194,22,2,-122.17,-126.917,-12.9618,-17.7093,-4.74754,0,0,22,50,0
103,53,1216,22,2,-122.443,-127.077,-13.0383,-17.6716,-4.63335,0,0,22,50,0
103,54,1238,22,2,-122.709,-127.233,-13.1145,-17.6392,-4.52471,0,0,22,50,0
103,55,1260,22,2,-122.966,-127.387,-13.1906,-17.6117,-4.42109,0,0,22,50,0
103,56,1282,22,2,-123.216,-127.538,-13.2664,-17.5887,-4.32227,0,0,22,50,0
103,57,1304,22,2,-123.459,-127.687,-13.342,-17.5698,-4.22779,0,0,22,50,0
103,58,1326,22,2,-123.695,-127.833,-13.4174,-17.5549,-4.13749,0,0,22,50,0
104,1,82,22,1,-103.018,-117.988,-10.9439,-25.9139,-14.9699,0,0,22,60,0
104,2,104,22,1,-105.223,-117.526,-11.066,-23.3693,-12.3034,0,0,22,60,0
104,3,126,22,1,-106.982,-117.038,-11.238,-21.294,-10.056,0,0,22,60,0
104,4,148,22,1,-108.446,-116.521,-11.4701,-19.5457,-8.07557,0,0,22,60,0
104,5,170,22,1,-109.699,-115.972,-11.7734,-18.0466,-6.27321,0,0,22,60,0
104,6,192,22,1,-110.794,-115.385,-12.1597,-16.7512,-4.59152,0,0,22,60,0
104,7,214,22,1,-111.766,-114.756,-12.6412,-15.6311,-2.98986,0,0,22,60,0
104,8,236,22,1,-112.641,-114.078,-13.2301,-14.6671,-1.43697,0,0,22,60,0
104,9,258,22,1,-113.436,-113.342,-13.9381,-13.8448,0.0933603,0,0,22,60,0
104,10,280,22,1,-114.164,-112.539,-14.7771,-13.1519,1.62514,0,0,22,60,1
104,11,302,22,2,-111.653,-114.835,-12.5767,-15.7596,-3.18295,1,2,22,60,0
104,12,324,22,2,-110.667,-115.459,-12.1075,-16.9,-4.79245,0,0,22,60,0
104,13,346,22,2,-109.554,-116.041,-11.732,-18.2187,-6.48671,0,0,22,60,0
104,14,368,22,2,-108.279,-116.586,-11.4381,-19.7452,-8.30716,0,0,22,60,0
104,15,390,22,2,-106.784,-117.099,-11.2139,-21.5289,-10.315,0,0,22,60,0
104,16,412,22,2,-104.98,-117.584,-11.0485,-23.6519,-12.6034,0,0,22,60,0
104,17,434,22,2,-102.705,-118.043,-10.932,-26.2699,-15.3379,0,0,22,60,0
104,18,456,22,2,-99.6299,-118.479,-10.8555,-29.7042,-18.8486,0,0,22,60,0
104,19,478,22,2,-94.9115,-118.894,-10.8117,-34.7938,-23.9821,0,0,22,60,0
104,20,500,22,2,-86.0583,-119.29,-10.7942,-44.0256,-33.2314,0,0,22,60,0
104,21,522,22,2,-90.2636,-119.669,-10.7977,-40.2027,-29.405,0,0,22,60,0
104,22,544,22,2,-97.0779,-120.032,-10.8179,-33.7716,-22.9536,0,0,22,60,0
104,23,566,22,2,-100.977,-120.38,-10.8516,-30.2546,-19.403,0,0,22,60,0
104,24,588,22,2,-103.677,-120.715,-10.8957,-27.9338,-17.0381,0,0,22,60,0
104,25,610,22,2,-105.739,-121.038,-10.9481,-26.2463,-15.2982,0,0,22,60,0
104,26,632,22,2,-107.407,-121.349,-11.007,-24.9489,-13.9419,0,0,22,60,0
104,27,654,22,2,-108.806,-121.649,-11.071,-23.9137,-12.8427,0,0,22,60,0
104,28,676,22,2,-110.012,-121.939,-11.1389,-23.0665,-11.9276,0,0,22,60,0
104,29,698,22,2,-111.07,-122.22,-11.2098,-22.3596,-11.1497,0,0,22,60,0
104,30,720,22,2,-112.014,-122.492,-11.2831,-21.7613,-10.4782,0,0,22,60,0
104,31,742,22,2,-112.865,-122.756,-11.3581,-21.2488,-9.89062,0,0,22,60,0
104,32,764,22,2,-113.64,-123.012,-11.4345,-20.8059,-9.37141,0,0,22,60,0
104,33,786,22,2,-114.352,-123.261,-11.5118,-20.42,-8.9082,0,0,22,60,0
104,34,808,22,2,-115.01,-123.502,-11.5898,-20.0819,-8.49214,0,0,22,60,0
104,35,830,22,2,-115.622,-123.738,-11.6683,-19.784,-8.11568,0,0,22,60,0
104,36,852,22,2,-116.193,-123.967,-11.7471,-19.5205,-7.7734,0,0,22,60,0
104,37,874,22,2,-116.729,-124.19,-11.8261,-19.2864,-7.46034,0,0,22,60,0
104,38,896,22,2,-117.234,-124.407,-11.9051,-19.0781,-7.173,0,0,22,60,0
104,39,918,22,2,-117.712,-124.62,-11.9841,-18.8921,-6.90795,0,0,22,60,0
104,40,940,22,2,-118.164,-124.827,-12.0631,-18.7259,-6.66281,0,0,22,60,0
104,41,962,22,2,-118.594,-125.029,-12.142,-18.5771,-6.43511,0,0,22,60,0
104,42,984,22,2,-119.004,-125.227,-12.2207,-18.4439,-6.22321,0,0,22,60,0
104,43,1006,22,2,-119.395,-125.42,-12.2992,-18.3245,-6.02524,0,0,22,60,0
104,44,1028,22,2,-119.769,-125.609,-12.3776,-18.2176,-5.84003,0,0,22,60,0
104,45,1050,22,2,-120.128,-125.794,-12.4557,-18.1219,-5.66616,0,0,22,60,0
104,46,1072,22,2,-120.473,-125.976,-12.5336,-18.0364,-5.50277,0,0,22,60,0
104,47,1094,22,2,-120.804,-126.153,-12.6114,-17.9601,-5.34873,0,0,22,60,0
104,48,1116,22,2,-121.124,-126.327,-12.6888,-17.8923,-5.20342,0,0,22,60,0
104,49,1138,22,2,-121.432,-126.498,-12.7661,-17.8321,-5.06592,0,0,22,60,0
104,50,1160,22,2,-121.729,-126.665,-12.8432,-17.7789,-4.93578,0,0,22,60,0
104,51,1182,22,2,-122.017,-126.829,-12.92,-17.7322,-4.81224,0,0,22,60,0
104,52,1204,22,2,-122.295,-126.99,-12.9966,-17.6915,-4.69495,0,0,22,60,0
104,53,1226,22,2,-122.565,-127.148,-13.073,-17.6563,-4.5833,0,0,22,60,0
104,54,1248,22,2,-122.827,-127.304,-13.1491,-17.6261,-4.47702,0,0,22,60,0
104,55,1270,22,2,-123.081,-127.456,-13.2251,-17.6007,-4.37559,0,0,22,60,0
104,56,1292,22,2,-123.327,-127.606,-13.3008,-17.5796,-4.27881,0,0,22,60,0
104,57,1314,22,2,-123.567,-127.753,-13.3763,-17.5625,-4.18624,0,0,22,60,0
104,58,1336,22,2,-123.801,-127.898,-13.4516,-17.5493,-4.09772,0,0,22,60,0
105,1,92,22,1,-104.089,-117.781,-10.9938,-24.6856,-13.6918,0,0,22,70,0
105,2,114,22,1,-106.067,-117.308,-11.1374,-22.3785,-11.2411,0,0,22,70,0
105,3,136,22,1,-107.678,-116.807,-11.3354,-20.4645,-9.12906,0,0,22,70,0
105,4,158,22,1,-109.038,-116.276,-11.5984,-18.8366,-7.2382,0,0,22,70,0
105,5,180,22,1,-110.213,-115.71,-11.938,-17.4345,-5.49657,0,0,22,70,0
105,6,202,22,1,-111.249,-115.105,-12.366,-16.2216,-3.85561,0,0,22,70,0
105,7,224,22,1,-112.175,-114.454,-12.8949,-15.1745,-2.27961,0,0,22,70,0
105,8,246,22,1,-113.011,-113.751,-13.5364,-14.2765,-0.740033,0,0,22,70,0
105,9,268,22,1,-113.774,-112.986,-14.3025,-13.5145,0.78802,0,0,22,70,1
105,10,290,22,2,-112.145,-114.475,-12.876,-15.206,-2.33004,1,2,22,70,0
105,11,312,22,2,-111.218,-115.124,-12.351,-16.2574,-3.90638,0,0,22,70,0
105,12,334,22,2,-110.179,-115.728,-11.926,-17.4757,-5.54977,0,0,22,70,0
105,13,356,22,2,-108.997,-116.293,-11.589,-18.8845,-7.29553,0,0,22,70,0
105,14,378,22,2,-107.631,-116.823,-11.3282,-20.5201,-9.19191,0,0,22,70,0
105,15,400,22,2,-106.01,-117.323,-11.132,-22.4449,-11.3129,0,0,22,70,0
105,16,422,22,2,-104.019,-117.795,-10.99,-24.7668,-13.7767,0,0,22,70,0
105,17,444,22,2,-101.437,-118.244,-10.8927,-27.699,-16.8063,0,0,22,70,0
105,18,466,22,2,-97.781,-118.67,-10.832,-31.7207,-20.8887,0,0,22,70,0
105,19,488,22,2,-91.6174,-119.076,-10.8008,-38.2593,-27.4585,0,0,22,70,0
105,20,510,22,2,-84.6804,-119.464,-10.7935,-45.577,-34.7835,0,0,22,70,0
105,21,532,22,2,-93.9434,-119.835,-10.805,-36.6971,-25.8921,0,0,22,70,0
105,22,554,22,2,-99.0615,-120.192,-10.8318,-31.962,-21.1302,0,0,22,70,0
105,23,576,22,2,-102.308,-120.534,-10.8705,-29.0969,-18.2264,0,0,22,70,0
105,24,598,22,2,-104.675,-120.863,-10.9186,-27.1069,-16.1883,0,0,22,70,0
105,25,620,22,2,-106.537,-121.18,-10.9742,-25.6175,-14.6434,0,0,22,70,0
105,26,642,22,2,-108.071,-121.486,-11.0355,-24.4512,-13.4157,0,0,22,70,0
105,27,664,22,2,-109.375,-121.782,-11.1014,-23.5086,-12.4071,0,0,22,70,0
105,28,686,22,2,-110.509,-122.068,-11.1708,-22.73,-11.5592,0,0,22,70,0
105,29,708,22,2,-111.512,-122.345,-11.2429,-22.0757,-10.8328,0,0,22,70,0
105,30,730,22,2,-112.411,-122.613,-11.317,-21.5188,-10.2018,0,0,22,70,0
105,31,752,22,2,-113.226,-122.873,-11.3927,-21.0396,-9.64692,0,0,22,70,0
105,32,774,22,2,-113.971,-123.126,-11.4695,-20.6241,-9.15455,0,0,22,70,0
105,33,796,22,2,-114.658,-123.371,-11.5472,-20.2609,-8.7137,0,0,22,70,0
105,34,818,22,2,-115.294,-123.61,-11.6254,-19.9419,-8.3165,0,0,22,70,0
105,35,840,22,2,-115.886,-123.842,-11.7041,-19.6602,-7.95615,0,0,22,70,0
105,36,862,22,2,-116.441,-124.069,-11.783,-19.4107,-7.62773,0,0,22,70,0
105,37,884,22,2,-116.963,-124.289,-11.862,-19.1887,-7.32673,0,0,22,70,0
105,38,906,22,2,-117.454,-124.504,-11.941,-18.991,-7.04994,0,0,22,70,0
105,39,928,22,2,-117.92,-124.714,-12.0201,-18.8142,-6.79418,0,0,22,70,0
105,40,950,22,2,-118.362,-124.919,-12.099,-18.6562,-6.55728,0,0,22,70,0
105,41,972,22,2,-118.783,-125.119,-12.1778,-18.5147,-6.33693,0,0,22,70,0
105,42,994,22,2,-119.184,-125.315,-12.2564,-18.388,-6.13159,0,0,22,70,0
105,43,1016,22,2,-119.567,-125.507,-12.3349,-18.2744,-5.93954,0,0,22,70,0
105,44,1038,22,2,-119.934,-125.694,-12.4131,-18.1728,-5.75967,0,0,22,70,0
105,45,1060,22,2,-120.287,-125.877,-12.4912,-18.0818,-5.59065,0,0,22,70,0
105,46,1082,22,2,-120.625,-126.057,-12.569,-18.0006,-5.43165,0,0,22,70,0
105,47,1104,22,2,-120.951,-126.233,-12.6466,-17.9283,-5.28164,0,0,22,70,0
105,48,1126,22,2,-121.265,-126.405,-12.724,-17.864,-5.14,0,0,22,70,0
105,49,1148,22,2,-121.568,-126.574,-12.8012,-17.8071,-5.00588,0,0,22,70,0
105,50,1170,22,2,-121.861,-126.74,-12.8781,-17.757,-4.87884,0,0,22,70,0
105,51,1192,22,2,-122.144,-126.903,-12.9548,-17.713,-4.75817,0,0,22,70,0
105,52,1214,22,2,-122.419,-127.062,-13.0313,-17.6749,-4.64353,0,0,22,70,0
105,53,1236,22,2,-122.685,-127.219,-13.1076,-17.642,-4.53434,0,0,22,70,0
105,54,1258,22,2,-122.943,-127.373,-13.1837,-17.614,-4.43034,0,0,22,70,0
105,55,1280,22,2,-123.194,-127.525,-13.2595,-17.5906,-4.33104,0,0,22,70,0
105,56,1302,22,2,-123.437,-127.673,-13.3351,-17.5714,-4.23623,0,0,22,70,0
105,57,1324,22,2,-123.674,-127.82,-13.4105,-17.5561,-4.14551,0,0,22,70,0
105,58,1346,22,2,-123.905,-127.964,-13.4857,-17.5444,-4.05872,0,0,22,70,0
106,1,102,22,1,-105.044,-117.569,-11.0529,-23.5784,-12.5254,0,0,22,80,0
106,2,124,22,1,-106.836,-117.084,-11.22,-21.4677,-10.2476,0,0,22,80,0
106,3,146,22,1,-108.322,-116.57,-11.4462,-19.6934,-8.2472,0,0,22,80,0
106,4,168,22,1,-109.592,-116.023,-11.7426,-18.1739,-6.43136,0,0,22,80,0
106,5,190,22,1,-110.7,-115.44,-12.1208,-16.8614,-4.74056,0,0,22,80,0
106,6,212,22,1,-111.682,-114.815,-12.5932,-15.7262,-3.13303,0,0,22,80,0
106,7,234,22,1,-112.565,-114.142,-13.1718,-14.7486,-1.57684,0,0,22,80,0
106,8,256,22,1,-113.366,-113.412,-13.8685,-13.914,-0.0454651,0,0,22,80,0
106,9,278,22,1,-114.1,-112.615,-14.6951,-13.2099,1.4852,0,0,22,80,1
106,10,300,22,2,-111.737,-114.776,-12.6245,-15.6639,-3.03948,1,2,22,80,0
106,11,322,22,2,-110.761,-115.404,-12.1461,-16.7894,-4.64334,0,0,22,80,0
106,12,344,22,2,-109.662,-115.99,-11.7626,-18.0906,-6.328,0,0,22,80,0
106,13,366,22,2,-108.403,-116.538,-11.4617,-19.5969,-8.13525,0,0,22,80,0
106,14,388,22,2,-106.932,-117.054,-11.2317,-21.354,-10.1224,0,0,22,80,0
106,15,410,22,2,-105.16,-117.541,-11.0614,-23.4419,-12.3805,0,0,22,80,0
106,16,432,22,2,-102.938,-118.002,-10.9408,-26.0045,-15.0637,0,0,22,80,0
106,17,454,22,2,-99.9571,-118.44,-10.861,-29.3437,-18.4827,0,0,22,80,0
106,18,476,22,2,-95.4571,-118.857,-10.8145,-34.2141,-23.3996,0,0,22,80,0
106,19,498,22,2,-87.0493,-119.254,-10.7948,-43.0,-32.2052,0,0,22,80,0
106,20,520,22,2,-89.3637,-119.635,-10.7966,-41.0677,-30.2711,0,0,22,80,0
106,21,542,22,2,-96.6235,-119.999,-10.8155,-34.1912,-23.3757,0,0,22,80,0
106,22,564,22,2,-100.685,-120.349,-10.848,-30.5121,-19.664,0,0,22,80,0
106,23,586,22,2,-103.463,-120.685,-10.8913,-28.1132,-17.2219,0,0,22,80,0
106,24,608,22,2,-105.571,-121.009,-10.943,-26.3812,-15.4382,0,0,22,80,0
106,25,630,22,2,-107.268,-121.321,-11.0014,-25.0544,-14.053,0,0,22,80,0
106,26,652,22,2,-108.688,-121.622,-11.065,-23.9993,-12.9343,0,0,22,80,0
106,27,674,22,2,-109.909,-121.913,-11.1326,-23.1371,-12.0045,0,0,22,80,0
106,28,696,22,2,-110.979,-122.195,-11.2033,-22.4191,-11.2158,0,0,22,80,0
106,29,718,22,2,-111.932,-122.468,-11.2764,-21.8118,-10.5354,0,0,22,80,0
106,30,740,22,2,-112.791,-122.732,-11.3513,-21.2924,-9.9411,0,0,22,80,0
106,31,762,22,2,-113.573,-122.989,-11.4275,-20.8436,-9.41605,0,0,22,80,0
106,32,784,22,2,-114.29,-123.238,-11.5047,-20.4531,-8.94833,0,0,22,80,0
106,33,806,22,2,-114.953,-123.481,-11.5827,-20.1109,-8.52815,0,0,22,80,0
106,34,828,22,2,-115.568,-123.716,-11.6611,-19.8096,-8.14849,0,0,22,80,0
106,35,850,22,2,-116.143,-123.946,-11.7399,-19.5431,-7.80317,0,0,22,80,0
106,36,872,22,2,-116.682,-124.17,-11.8189,-19.3066,-7.48775,0,0,22,80,0
106,37,894,22,2,-117.19,-124.388,-11.8979,-19.096,-7.19809,0,0,22,80,0
106,38,916,22,2,-117.669,-124.6,-11.977,-18.9082,-6.93124,0,0,22,80,0
106,39,938,22,2,-118.124,-124.808,-12.0559,-18.7402,-6.68428,0,0,22,80,0
106,40,960,22,2,-118.556,-125.011,-12.1348,-18.59,-6.45519,0,0,22,80,0
106,41,982,22,2,-118.967,-125.209,-12.2135,-18.4554,-6.24182,0,0,22,80,0
106,42,1004,22,2,-119.36,-125.403,-12.2921,-18.3348,-6.04274,0,0,22,80,0
106,43,1026,22,2,-119.736,-125.592,-12.3705,-18.2268,-5.85634,0,0,22,80,0
106,44,1048,22,2,-120.096,-125.778,-12.4486,-18.1302,-5.68157,0,0,22,80,0
106,45,1070,22,2,-120.442,-125.959,-12.5266,-18.0438,-5.51718,0,0,22,80,0
106,46,1092,22,2,-120.775,-126.137,-12.6043,-17.9667,-5.36241,0,0,22,80,0
106,47,1114,22,2,-121.095,-126.311,-12.6818,-17.8981,-5.21625,0,0,22,80,0
106,48,1136,22,2,-121.404,-126.482,-12.7591,-17.8373,-5.07815,0,0,22,80,0
106,49,1158,22,2,-121.703,-126.65,-12.8362,-17.7835,-4.94729,0,0,22,80,0
106,50,1180,22,2,-121.991,-126.814,-12.913,-17.7362,-4.82324,0,0,22,80,0
106,51,1202,22,2,-122.27,-126.976,-12.9896,-17.695,-4.70533,0,0,22,80,0
106,52,1224,22,2,-122.541,-127.134,-13.066,-17.6593,-4.59326,0,0,22,80,0
106,53,1246,22,2,-122.803,-127.29,-13.1422,-17.6287,-4.48644,0,0,22,80,0
106,54,1268,22,2,-123.058,-127.442,-13.2182,-17.6028,-4.38465,0,0,22,80,0
106,55,1290,22,2,-123.305,-127.593,-13.2939,-17.5813,-4.2874,0,0,22,80,0
106,56,1312,22,2,-123.546,-127.74,-13.3694,-17.5639,-4.19451,0,0,22,80,0
106,57,1334,22,2,-123.78,-127.885,-13.4448,-17.5503,-4.10558,0,0,22,80,0
106,58,1356,22,2,-124.008,-128.028,-13.5198,-17.5403,-4.02046,0,0,22,80,0
107,1,112,22,1,-105.904,-117.352,-11.1222,-22.5699,-11.4476,0,0,22,90,0
107,2,134,22,1,-107.543,-116.854,-11.3149,-20.6255,-9.31059,0,0,22,90,0
107,3,156,22,1,-108.922,-116.325,-11.5715,-18.9746,-7.40306,0,0,22,90,0
107,4,178,22,1,-110.113,-115.763,-11.9036,-17.5537,-5.65012,0,0,22,90,0
107,5,200,22,1,-111.16,-115.162,-12.3231,-16.3248,-4.00163,0,0,22,90,0
107,6,222,22,1,-112.095,-114.516,-12.8423,-15.2633,-2.42098,0,0,22,90,0
107,7,244,22,1,-112.938,-113.817,-13.4731,-14.3523,-0.879159,0,0,22,90,0
107,8,266,22,1,-113.707,-113.058,-14.2274,-13.5785,0.648958,0,0,22,90,1
107,9,288,22,2,-112.224,-114.414,-12.9288,-15.1185,-2.18969,1,2,22,90,0
107,10,310,22,2,-111.307,-115.067,-12.3945,-16.155,-3.76054,0,0,22,90,0
107,11,332,22,2,-110.278,-115.675,-11.9607,-17.3577,-5.39695,0,0,22,90,0
107,12,354,22,2,-109.112,-116.243,-11.6163,-18.7476,-7.13124,0,0,22,90,0
107,13,376,22,2,-107.764,-116.776,-11.349,-20.3609,-9.01183,0,0,22,90,0
107,14,398,22,2,-106.171,-117.279,-11.1475,-22.2554,-11.1079,0,0,22,90,0
107,15,420,22,2,-104.219,-117.753,-11.001,-24.5352,-13.5343,0,0,22,90,0
107,16,442,22,2,-101.706,-118.204,-10.9,-27.3973,-16.4974,0,0,22,90,0
107,17,464,22,2,-98.1813,-118.632,-10.8362,-31.2866,-20.4505,0,0,22,90,0
107,18,486,22,2,-92.3698,-119.04,-10.8026,-37.4725,-26.67,0,0,22,90,0
107,19,508,22,2,-84.2079,-119.429,-10.7933,-46.0148,-35.2215,0,0,22,90,0
107,20,530,22,2,-93.3042,-119.802,-10.8033,-37.3014,-26.4981,0,0,22,90,0
107,21,552,22,2,-98.6983,-120.16,-10.8288,-32.2904,-21.4616,0,0,22,90,0
107,22,574,22,2,-102.057,-120.503,-10.8665,-29.3131,-18.4466,0,0,22,90,0
107,23,596,22,2,-104.484,-120.834,-10.9139,-27.2633,-16.3494,0,0,22,90,0
107,24,618,22,2,-106.383,-121.152,-10.9689,-25.7378,-14.769,0,0,22,90,0
107,25,640,22,2,-107.942,-121.459,-11.0298,-24.5467,-13.5169,0,0,22,90,0
107,26,662,22,2,-109.264,-121.756,-11.0953,-23.5869,-12.4916,0,0,22,90,0
107,27,684,22,2,-110.412,-122.042,-11.1644,-22.7951,-11.6307,0,0,22,90,0
107,28,706,22,2,-111.425,-122.32,-11.2362,-22.1309,-10.8946,0,0,22,90,0
107,29,728,22,2,-112.333,-122.589,-11.3102,-21.5659,-10.2557,0,0,22,90,0
107,30,750,22,2,-113.155,-122.85,-11.3858,-21.0805,-9.6947,0,0,22,90,0
107,31,772,22,2,-113.906,-123.103,-11.4625,-20.6595,-9.19695,0,0,22,90,0
107,32,794,22,2,-114.597,-123.349,-11.5401,-20.292,-8.75194,0,0,22,90,0
107,33,816,22,2,-115.238,-123.589,-11.6183,-19.9692,-8.35092,0,0,22,90,0
107,34,838,22,2,-115.834,-123.822,-11.6969,-19.6845,-7.98759,0,0,22,90,0
107,35,860,22,2,-116.392,-124.048,-11.7758,-19.4321,-7.65633,0,0,22,90,0
107,36,882,22,2,-116.916,-124.269,-11.8548,-19.2079,-7.35312,0,0,22,90,0
107,37,904,22,2,-117.411,-124.485,-11.9339,-19.008,-7.07413,0,0,22,90,0
107,38,926,22,2,-117.879,-124.695,-12.0129,-18.8295,-6.81668,0,0,22,90,0
107,39,948,22,2,-118.323,-124.901,-12.0918,-18.6699,-6.57805,0,0,22,90,0
107,40,970,22,2,-118.745,-125.101,-12.1706,-18.527,-6.35637,0,0,22,90,0
107,41,992,22,2,-119.148,-125.298,-12.2493,-18.3989,-6.14964,0,0,22,90,0
107,42,1014,22,2,-119.533,-125.489,-12.3277,-18.2843,-5.95653,0,0,22,90,0
107,43,1036,22,2,-119.901,-125.677,-12.406,-18.1815,-5.77551,0,0,22,90,0
107,44,1058,22,2,-120.255,-125.861,-12.4841,-18.0897,-5.60563,0,0,22,90,0
107,45,1080,22,2,-120.595,-126.041,-12.5619,-18.0076,-5.44568,0,0,22,90,0
107,46,1102,22,2,-120.922,-126.217,-12.6396,-17.9345,-5.29496,0,0,22,90,0
107,47,1124,22,2,-121.237,-126.389,-12.717,-17.8695,-5.15251,0,0,22,90,0
107,48,1146,22,2,-121.541,-126.559,-12.7942,-17.812,-5.01782,0,0,22,90,0
107,49,1168,22,2,-121.835,-126.725,-12.8711,-17.7612,-4.89008,0,0,22,90,0
107,50,1190,22,2,-122.119,-126.888,-12.9479,-17.7168,-4.76892,0,0,22,90,0
107,51,1212,22,2,-122.394,-127.048,-13.0244,-17.6781,-4.65369,0,0,22,90,0
107,52,1234,22,2,-122.661,-127.205,-13.1007,-17.6448,-4.54408,0,0,22,90,0
107,53,1256,22,2,-122.92,-127.359,-13.1768,-17.6163,-4.43956,0,0,22,90,0
107,54,1278,22,2,-123.171,-127.511,-13.2526,-17.5925,-4.33991,0,0,22,90,0
107,55,1300,22,2,-123.415,-127.66,-13.3283,-17.5729,-4.24465,0,0,22,90,0
107,56,1322,22,2,-123.653,-127.806,-13.4037,-17.5573,-4.15362,0,0,22,90,0
107,57,1344,22,2,-123.884,-127.951,-13.4789,-17.5453,-4.06642,0,0,22,90,0
107,58,1366,22,2,-124.109,-128.092,-13.5539,-17.5368,-3.98294,0,0,22,90,0
108,1,122,22,1,-106.687,-117.129,-11.2025,-21.644,-10.4415,0,0,22,100,0
108,2,144,22,1,-108.197,-116.618,-11.4229,-19.8433,-8.42034,0,0,22,100,0
108,3,166,22,1,-109.484,-116.074,-11.7124,-18.3029,-6.59053,0,0,22,100,0
108,4,188,22,1,-110.605,-115.495,-12.0827,-16.973,-4.89029,0,0,22,100,0
108,5,210,22,1,-111.597,-114.874,-12.546,-15.8227,-3.27661,0,0,22,100,0
108,6,232,22,1,-112.488,-114.205,-13.1145,-14.8314,-1.71691,0,0,22,100,0
108,7,254,22,1,-113.296,-113.481,-13.8,-13.9843,-0.184296,0,0,22,100,0
108,8,276,22,1,-114.036,-112.69,-14.6142,-13.2688,1.34545,0,0,22,100,1
108,9,298,22,2,-111.82,-114.717,-12.673,-15.5697,-2.89673,1,2,22,100,0
108,10,320,22,2,-110.854,-115.349,-12.1855,-16.6801,-4.49455,0,0,22,100,0
108,11,342,22,2,-109.767,-115.938,-11.7938,-17.9645,-6.17069,0,0,22,100,0
108,12,364,22,2,-108.525,-116.49,-11.486,-19.4503,-7.96433,0,0,22,100,0
108,13,386,22,2,-107.076,-117.008,-11.2499,-21.1824,-9.93248,0,0,22,100,0
108,14,408,22,2,-105.337,-117.498,-11.0747,-23.235,-12.1603,0,0,22,100,0
108,15,430,22,2,-103.165,-117.961,-10.9499,-25.7462,-14.7963,0,0,22,100,0
108,16,452,22,2,-100.274,-118.401,-10.8668,-28.9934,-18.1266,0,0,22,100,0
108,17,474,22,2,-95.9695,-118.82,-10.8175,-33.6677,-22.8501,0,0,22,100,0
108,18,496,22,2,-88.0595,-119.219,-10.7957,-41.9552,-31.1595,0,0,22,100,0
108,19,518,22,2,-88.4064,-119.601,-10.7957,-41.9902,-31.1945,0,0,22,100,0
108,20,540,22,2,-96.1453,-119.967,-10.8132,-34.6346,-23.8214,0,0,22,100,0
108,21,562,22,2,-100.383,-120.318,-10.8446,-30.7791,-19.9345,0,0,22,100,0
108,22,584,22,2,-103.244,-120.655,-10.887,-28.2984,-17.4114,0,0,22,100,0
108,23,606,22,2,-105.399,-120.98,-10.9381,-26.5191,-15.581,0,0,22,100,0
108,24,628,22,2,-107.126,-121.293,-10.9959,-25.1625,-14.1666,0,0,22,100,0
108,25,650,22,2,-108.568,-121.595,-11.059,-24.0862,-13.0271,0,0,22,100,0
108,26,672,22,2,-109.804,-121.887,-11.1263,-23.209,-12.0827,0,0,22,100,0
108,27,694,22,2,-110.887,-122.17,-11.1968,-22.4792,-11.2825,0,0,22,100,0
108,28,716,22,2,-111.85,-122.443,-11.2696,-21.8631,-10.5935,0,0,22,100,0
108,29,738,22,2,-112.717,-122.709,-11.3444,-21.3363,-9.99196,0,0,22,100,0
108,30,760,22,2,-113.505,-122.966,-11.4205,-20.8819,-9.46135,0,0,22,100,0
108,31,782,22,2,-114.227,-123.216,-11.4977,-20.4864,-8.98867,0,0,22,100,0
108,32,804,22,2,-114.894,-123.459,-11.5756,-20.1402,-8.56466,0,0,22,100,0
108,33,826,22,2,-115.514,-123.695,-11.654,-19.8354,-8.18143,0,0,22,100,0
108,34,848,22,2,-116.092,-123.925,-11.7327,-19.5661,-7.83334,0,0,22,100,0
108,35,870,22,2,-116.634,-124.15,-11.8117,-19.3269,-7.51524,0,0,22,100,0
108,36,892,22,2,-117.145,-124.368,-11.8907,-19.1142,-7.2235,0,0,22,100,0
108,37,914,22,2,-117.627,-124.581,-11.9698,-18.9244,-6.95458,0,0,22,100,0
108,38,936,22,2,-118.083,-124.789,-12.0488,-18.7548,-6.70602,0,0,22,100,0
108,39,958,22,2,-118.517,-124.993,-12.1277,-18.6029,-6.47528,0,0,22,100,0
108,40,980,22,2,-118.931,-125.191,-12.2064,-18.467,-6.26066,0,0,22,100,0
108,41,1002,22,2,-119.325,-125.385,-12.285,-18.3452,-6.06025,0,0,22,100,0
108,42,1024,22,2,-119.702,-125.575,-12.3633,-18.2362,-5.87283,0,0,22,100,0
108,43,1046,22,2,-120.064,-125.761,-12.4415,-18.1385,-5.69697,0,0,22,100,0
108,44,1068,22,2,-120.411,-125.943,-12.5195,-18.0512,-5.53176,0,0,22,100,0
108,45,1090,22,2,-120.745,-126.121,-12.5973,-17.9733,-5.37607,0,0,22,100,0
108,46,1112,22,2,-121.066,-126.296,-12.6748,-17.904,-5.22924,0,0,22,100,0
108,47,1134,22,2,-121.377,-126.467,-12.7521,-17.8425,-5.09036,0,0,22,100,0
108,48,1156,22,2,-121.676,-126.635,-12.8292,-17.7881,-4.95893,0,0,22,100,0
108,49,1178,22,2,-121.965,-126.799,-12.906,-17.7403,-4.83422,0,0,22,100,0
108,50,1200,22,2,-122.245,-126.961,-12.9827,-17.6985,-4.71584,0,0,22,100,0
108,51,1222,22,2,-122.517,-127.12,-13.0591,-17.6623,-4.60319,0,0,22,100,0
108,52,1244,22,2,-122.78,-127.276,-13.1353,-17.6313,-4.49597,0,0,22,100,0
108,53,1266,22,2,-123.035,-127.429,-13.2113,-17.605,-4.39368,0,0,22,100,0
108,54,1288,22,2,-123.283,-127.579,-13.287,-17.5831,-4.29609,0,0,22,100,0
108,55,1310,22,2,-123.524,-127.727,-13.3626,-17.5653,-4.20276,0,0,22,100,0
108,56,1332,22,2,-123.759,-127.872,-13.4379,-17.5514,-4.11353,0,0,22,100,0
108,57,1354,22,2,-123.987,-128.015,-13.513,-17.541,-4.02802,0,0,22,100,0
108,58,1376,22,2,-124.21,-128.156,-13.5879,-17.534,-3.94611,0,0,22,100,0
109,1,45,25,1,-97.0927,-118.73,-10.8257,-32.4632,-21.6375,0,0,25,20,0
109,2,70,25,1,-101.408,-118.248,-10.892,-27.7323,-16.8403,0,0,25,20,0
109,3,95,25,1,-104.297,-117.737,-11.0053,-24.4455,-13.4401,0,0,25,20,0
109,4,120,25,1,-106.466,-117.194,-11.178,-21.9059,-10.7279,0,0,25,20,0
109,5,145,25,1,-108.203,-116.615,-11.424,-19.8365,-8.41258,0,0,25,20,0
109,6,170,25,1,-109.65,-115.995,-11.7593,-18.1043,-6.34502,0,0,25,20,0
109,7,195,25,1,-110.891,-115.327,-12.2012,-16.6376,-4.43639,0,0,25,20,0
109,8,220,25,1,-111.976,-114.604,-12.7675,-15.3947,-2.62714,0,0,25,20,0
109,9,245,25,1,-112.942,-113.814,-13.476,-14.3488,-0.872742,0,0,25,20,0
109,10,270,25,1,-113.81,-112.946,-14.344,-13.48,0.864044,0,0,25,20,1
109,11,295,25,2,-111.981,-114.6,-12.7705,-15.3893,-2.61874,1,2,25,20,0
109,12,320,25,2,-110.896,-115.324,-12.2036,-16.6311,-4.42747,0,0,25,20,0
109,13,345,25,2,-109.656,-115.992,-11.7611,-18.0968,-6.33576,0,0,25,20,0
109,14,370,25,2,-108.21,-116.612,-11.4253,-19.8275,-8.40217,0,0,25,20,0
109,15,395,25,2,-106.475,-117.191,-11.1789,-21.8953,-10.7164,0,0,25,20,0
109,16,420,25,2,-104.308,-117.734,-11.006,-24.4319,-13.4259,0,0,25,20,0
109,17,445,25,2,-101.423,-118.245,-10.8924,-27.7148,-16.8224,0,0,25,20,0
109,18,470,25,2,-97.1191,-118.728,-10.8259,-32.4348,-21.6088,0,0,25,20,0
109,19,495,25,2,-88.9691,-119.185,-10.7966,-41.0126,-30.216,0,0,25,20,0
109,20,520,25,2,-88.9216,-119.619,-10.7962,-41.494,-30.6979,0,0,25,20,0
109,21,545,25,2,-97.0949,-120.033,-10.818,-33.7562,-22.9382,0,0,25,20,0
109,22,570,25,2,-101.409,-120.428,-10.8572,-29.8763,-19.0192,0,0,25,20,0
109,23,595,25,2,-104.298,-120.806,-10.9094,-27.4171,-16.5077,0,0,25,20,0
109,24,620,25,2,-106.467,-121.168,-10.9717,-25.6722,-14.7005,0,0,25,20,0
109,25,645,25,2,-108.203,-121.515,-11.0416,-24.3531,-13.3115,0,0,25,20,0
109,26,670,25,2,-109.651,-121.849,-11.1172,-23.3157,-12.1985,0,0,25,20,0
109,27,695,25,2,-110.891,-122.171,-11.197,-22.4765,-11.2795,0,0,25,20,0
109,28,720,25,2,-111.977,-122.481,-11.28,-21.7842,-10.5042,0,0,25,20,0
109,29,745,25,2,-112.942,-122.781,-11.3653,-21.2039,-9.83856,0,0,25,20,0
109,30,770,25,2,-113.81,-123.07,-11.4523,-20.7119,-9.25963,0,0,25,20,0
109,31,795,25,2,-114.6,-123.35,-11.5404,-20.2905,-8.75011,0,0,25,20,0
109,32,820,25,2,-115.324,-123.622,-11.6293,-19.9271,-8.29781,0,0,25,20,0
109,33,845,25,2,-115.992,-123.885,-11.7188,-19.6115,-7.89279,0,0,25,20,0
109,34,870,25,2,-116.613,-124.14,-11.8084,-19.3363,-7.5279,0,0,25,20,0
109,35,895,25,2,-117.192,-124.389,-11.8983,-19.0952,-7.19693,0,0,25,20,0
109,36,920,25,2,-117.735,-124.63,-11.9881,-18.8834,-6.89539,0,0,25,20,0
109,37,945,25,2,-118.246,-124.865,-12.0778,-18.6969,-6.61913,0,0,25,20,0
109,38,970,25,2,-118.728,-125.093,-12.1674,-18.5326,-6.36521,0,0,25,20,0
109,39,995,25,2,-119.185,-125.316,-12.2567,-18.3874,-6.1307,0,0,25,20,0
109,40,1020,25,2,-119.62,-125.533,-12.3459,-18.2595,-5.9136,0,0,25,20,0
109,41,1045,25,2,-120.033,-125.745,-12.4348,-18.1465,-5.71177,0,0,25,20,0
109,42,1070,25,2,-120.428,-125.952,-12.5234,-18.0472,-5.52381,0,0,25,20,0
109,43,1095,25,2,-120.806,-126.154,-12.6117,-17.9598,-5.3481,0,0,25,20,0
109,44,1120,25,2,-121.168,-126.351,-12.6997,-17.8834,-5.18363,0,0,25,20,0
109,45,1145,25,2,-121.515,-126.544,-12.7875,-17.8167,-5.02916,0,0,25,20,0
109,46,1170,25,2,-121.849,-126.733,-12.8749,-17.7589,-4.88395,0,0,25,20,0
109,47,1195,25,2,-122.171,-126.918,-12.9621,-17.7091,-4.74701,0,0,25,20,0
109,48,1220,25,2,-122.481,-127.099,-13.049,-17.6668,-4.61779,0,0,25,20,0
109,49,1245,25,2,-122.781,-127.276,-13.1356,-17.6311,-4.49549,0,0,25,20,0
109,50,1270,25,2,-123.07,-127.45,-13.2219,-17.6016,-4.37971,0,0,25,20,0
109,51,1295,25,2,-123.35,-127.62,-13.308,-17.5778,-4.26979,0,0,25,20,0
109,52,1320,25,2,-123.622,-127.787,-13.3937,-17.5592,-4.16542,0,0,25,20,0
109,53,1345,25,2,-123.885,-127.951,-13.4792,-17.5453,-4.06606,0,0,25,20,0
109,54,1370,25,2,-124.141,-128.112,-13.5644,-17.5359,-3.97147,0,0,25,20,0
109,55,1395,25,2,-124.389,-128.27,-13.6494,-17.5306,-3.88119,0,0,25,20,0
109,56,1420,25,2,-124.63,-128.425,-13.734,-17.529,-3.79505,0,0,25,20,0
109,57,1445,25,2,-124.865,-128.577,-13.8184,-17.531,-3.71264,0,0,25,20,0
109,58,1470,25,2,-125.093,-128.727,-13.9025,-17.5363,-3.63385,0,0,25,20,0
110,1,55,25,1,-99.074,-118.54,-10.8472,-30.3137,-19.4665,0,0,25,30,0
110,2,80,25,1,-102.679,-118.047,-10.931,-26.2989,-15.3679,0,0,25,30,0
110,3,105,25,1,-105.23,-117.524,-11.0665,-23.3603,-12.2938,0,0,25,30,0
110,4,130,25,1,-107.203,-116.967,-11.2667,-21.0311,-9.76441,0,0,25,30,0
110,5,155,25,1,-108.811,-116.373,-11.5464,-19.1081,-7.5617,0,0,25,30,0
110,6,180,25,1,-110.168,-115.734,-11.9222,-17.4885,-5.56629,0,0,25,30,0
110,7,205,25,1,-111.341,-115.045,-12.4118,-16.1153,-3.70349,0,0,25,30,0
110,8,230,25,1,-112.375,-114.296,-13.0329,-14.9539,-1.92098,0,0,25,30,0
110,9,255,25,1,-113.3,-113.477,-13.8031,-13.981,-0.177879,0,0,25,30,0
110,10,280,25,1,-114.135,-112.573,-14.7397,-13.1781,1.56165,0,0,25,30,1
110,11,305,25,2,-111.563,-114.897,-12.5276,-15.8611,-3.33349,1,2,25,30,0
110,12,330,25,2,-110.421,-115.597,-12.0127,-17.1886,-5.17591,0,0,25,30,0
110,13,355,25,2,-109.106,-116.245,-11.6149,-18.7543,-7.13932,0,0,25,30,0
110,14,380,25,2,-107.557,-116.849,-11.317,-20.6085,-9.29157,0,0,25,30,0
110,15,405,25,2,-105.671,-117.413,-11.1018,-22.843,-11.7412,0,0,25,30,0
110,16,430,25,2,-103.265,-117.942,-10.9542,-25.6313,-14.6771,0,0,25,30,0
110,17,455,25,2,-99.9399,-118.442,-10.8607,-29.3624,-18.5017,0,0,25,30,0
110,18,480,25,2,-94.596,-118.914,-10.8102,-35.1279,-24.3177,0,0,25,30,0
110,19,505,25,2,-84.4669,-119.361,-10.7934,-45.688,-34.8945,0,0,25,30,0
110,20,530,25,2,-92.9916,-119.787,-10.8025,-37.5981,-26.7956,0,0,25,30,0
110,21,555,25,2,-99.0758,-120.193,-10.8319,-31.9493,-21.1174,0,0,25,30,0
110,22,580,25,2,-102.68,-120.581,-10.8767,-28.7774,-17.9007,0,0,25,30,0
110,23,605,25,2,-105.231,-120.952,-10.9333,-26.6544,-15.7211,0,0,25,30,0
110,24,630,25,2,-107.203,-121.308,-10.9989,-25.1036,-14.1047,0,0,25,30,0
110,25,655,25,2,-108.811,-121.65,-11.0713,-23.9099,-12.8387,0,0,25,30,0
110,26,680,25,2,-110.168,-121.979,-11.1487,-22.9597,-11.811,0,0,25,30,0
110,27,705,25,2,-111.342,-122.296,-11.2299,-22.1842,-10.9543,0,0,25,30,0
110,28,730,25,2,-112.376,-122.602,-11.3139,-21.5402,-10.2263,0,0,25,30,0
110,29,755,25,2,-113.3,-122.898,-11.4,-20.9976,-9.59763,0,0,25,30,0
110,30,780,25,2,-114.135,-123.183,-11.4874,-20.5357,-9.04829,0,0,25,30,0
110,31,805,25,2,-114.897,-123.46,-11.5759,-20.1388,-8.56291,0,0,25,30,0
110,32,830,25,2,-115.597,-123.728,-11.665,-19.7956,-8.1306,0,0,25,30,0
110,33,855,25,2,-116.246,-123.988,-11.7546,-19.497,-7.74237,0,0,25,30,0
110,34,880,25,2,-116.849,-124.241,-11.8443,-19.2361,-7.39174,0,0,25,30,0
110,35,905,25,2,-117.413,-124.486,-11.9342,-19.0072,-7.073,0,0,25,30,0
110,36,930,25,2,-117.943,-124.725,-12.024,-18.806,-6.78206,0,0,25,30,0
110,37,955,25,2,-118.442,-124.957,-12.1136,-18.6287,-6.51503,0,0,25,30,0
110,38,980,25,2,-118.914,-125.183,-12.2031,-18.4723,-6.26922,0,0,25,30,0
110,39,1005,25,2,-119.362,-125.404,-12.2924,-18.3343,-6.04188,0,0,25,30,0
110,40,1030,25,2,-119.787,-125.619,-12.3814,-18.2126,-5.83114,0,0,25,30,0
110,41,1055,25,2,-120.193,-125.828,-12.4702,-18.1052,-5.635,0,0,25,30,0
110,42,1080,25,2,-120.581,-126.033,-12.5587,-18.0109,-5.45213,0,0,25,30,0
110,43,1105,25,2,-120.952,-126.233,-12.6469,-17.928,-5.28102,0,0,25,30,0
110,44,1130,25,2,-121.308,-126.429,-12.7349,-17.8556,-5.12071,0,0,25,30,0
110,45,1155,25,2,-121.65,-126.62,-12.8225,-17.7925,-4.97001,0,0,25,30,0
110,46,1180,25,2,-121.979,-126.808,-12.9098,-17.7381,-4.82823,0,0,25,30,0
110,47,1205,25,2,-122.296,-126.991,-12.9969,-17.6913,-4.69442,0,0,25,30,0
110,48,1230,25,2,-122.602,-127.17,-13.0837,-17.6518,-4.56808,0,0,25,30,0
110,49,1255,25,2,-122.898,-127.346,-13.1702,-17.6186,-4.44842,0,0,25,30,0
110,50,1280,25,2,-123.183,-127.518,-13.2564,-17.5914,-4.33507,0,0,25,30,0
110,51,1305,25,2,-123.46,-127.687,-13.3423,-17.5697,-4.22739,0,0,25,30,0
110,52,1330,25,2,-123.728,-127.853,-13.428,-17.5531,-4.1251,0,0,25,30,0
110,53,1355,25,2,-123.988,-128.016,-13.5133,-17.541,-4.02766,0,0,25,30,0
110,54,1380,25,2,-124.241,-128.176,-13.5984,-17.5333,-3.93486,0,0,25,30,0
110,55,1405,25,2,-124.486,-128.332,-13.6833,-17.5295,-3.84625,0,0,25,30,0
110,56,1430,25,2,-124.725,-128.486,-13.7678,-17.5294,-3.76166,0,0,25,30,0
110,57,1455,25,2,-124.957,-128.638,-13.8521,-17.5328,-3.6807,0,0,25,30,0
110,58,1480,25,2,-125.183,-128.786,-13.936,-17.5393,-3.60326,0,0,25,30,0
111,1,65,25,1,-100.696,-118.346,-10.8753,-28.5261,-17.6508,0,0,25,40,0
111,2,90,25,1,-103.79,-117.842,-10.9783,-25.0299,-14.0515,0,0,25,40,0
111,3,115,25,1,-106.073,-117.306,-11.1381,-22.3702,-11.2321,0,0,25,40,0
111,4,140,25,1,-107.882,-116.734,-11.3681,-20.2203,-8.85221,0,0,25,40,0
111,5,165,25,1,-109.379,-116.123,-11.6842,-18.4278,-6.74352,0,0,25,40,0
111,6,190,25,1,-110.656,-115.465,-12.1034,-16.912,-4.80854,0,0,25,40,0
111,7,215,25,1,-111.77,-114.753,-12.6434,-15.6268,-2.98332,0,0,25,40,0
111,8,240,25,1,-112.757,-113.978,-13.3221,-14.5432,-1.22108,0,0,25,40,0
111,9,265,25,1,-113.643,-113.127,-14.1568,-13.6404,0.516417,0,0,25,40,1
111,10,290,25,2,-112.181,-114.448,-12.8999,-15.1661,-2.26621,1,2,25,40,0
111,11,315,25,2,-111.124,-115.184,-12.3064,-16.3659,-4.05953,0,0,25,40,0
111,12,340,25,2,-109.919,-115.862,-11.8405,-17.7839,-5.94343,0,0,25,40,0
111,13,365,25,2,-108.519,-116.492,-11.4848,-19.4575,-7.97277,0,0,25,40,0
111,14,390,25,2,-106.851,-117.079,-11.2219,-21.4495,-10.2276,0,0,25,40,0
111,15,415,25,2,-104.786,-117.628,-11.0354,-23.8774,-12.842,0,0,25,40,0
111,16,440,25,2,-102.081,-118.146,-10.911,-26.9752,-16.0643,0,0,25,40,0
111,17,465,25,2,-98.1597,-118.634,-10.8359,-31.3097,-20.4738,0,0,25,40,0
111,18,490,25,2,-91.1761,-119.096,-10.7999,-38.7193,-27.9194,0,0,25,40,0
111,19,515,25,2,-86.4382,-119.534,-10.7943,-43.8904,-33.0961,0,0,25,40,0
111,20,540,25,2,-95.9153,-119.952,-10.8121,-34.8488,-24.0366,0,0,25,40,0
111,21,565,25,2,-100.697,-120.35,-10.8482,-30.5013,-19.6532,0,0,25,40,0
111,22,590,25,2,-103.791,-120.731,-10.8981,-27.8385,-16.9404,0,0,25,40,0
111,23,615,25,2,-106.074,-121.096,-10.9586,-25.9807,-15.022,0,0,25,40,0
111,24,640,25,2,-107.883,-121.447,-11.0271,-24.5911,-13.564,0,0,25,40,0
111,25,665,25,2,-109.38,-121.783,-11.1017,-23.5051,-12.4034,0,0,25,40,0
111,26,690,25,2,-110.657,-122.107,-11.1808,-22.6314,-11.4506,0,0,25,40,0
111,27,715,25,2,-111.77,-122.42,-11.2632,-21.9127,-10.6495,0,0,25,40,0
111,28,740,25,2,-112.757,-122.721,-11.3481,-21.3123,-9.96422,0,0,25,40,0
111,29,765,25,2,-113.644,-123.013,-11.4348,-20.8041,-9.3693,0,0,25,40,0
111,30,790,25,2,-114.448,-123.295,-11.5227,-20.3699,-8.84718,0,0,25,40,0
111,31,815,25,2,-115.184,-123.568,-11.6115,-19.9956,-8.38413,0,0,25,40,0
111,32,840,25,2,-115.863,-123.833,-11.7008,-19.6713,-7.97045,0,0,25,40,0
111,33,865,25,2,-116.492,-124.09,-11.7905,-19.3884,-7.59792,0,0,25,40,0
111,34,890,25,2,-117.079,-124.34,-11.8803,-19.141,-7.2607,0,0,25,40,0
111,35,915,25,2,-117.629,-124.582,-11.9701,-18.9236,-6.9535,0,0,25,40,0
111,36,940,25,2,-118.146,-124.818,-12.0598,-18.7324,-6.67257,0,0,25,40,0
111,37,965,25,2,-118.634,-125.048,-12.1495,-18.5638,-6.4143,0,0,25,40,0
111,38,990,25,2,-119.096,-125.272,-12.2389,-18.4151,-6.1762,0,0,25,40,0
111,39,1015,25,2,-119.534,-125.49,-12.3281,-18.2838,-5.95569,0,0,25,40,0
111,40,1040,25,2,-119.952,-125.703,-12.417,-18.168,-5.75103,0,0,25,40,0
111,41,1065,25,2,-120.351,-125.911,-12.5057,-18.066,-5.56033,0,0,25,40,0
111,42,1090,25,2,-120.731,-126.114,-12.594,-17.9764,-5.38235,0,0,25,40,0
111,43,1115,25,2,-121.096,-126.312,-12.6822,-17.8978,-5.21565,0,0,25,40,0
111,44,1140,25,2,-121.447,-126.506,-12.7699,-17.8293,-5.05933,0,0,25,40,0
111,45,1165,25,2,-121.783,-126.696,-12.8575,-17.7698,-4.91226,0,0,25,40,0
111,46,1190,25,2,-122.107,-126.881,-12.9447,-17.7185,-4.7738,0,0,25,40,0
111,47,1215,25,2,-122.42,-127.063,-13.0317,-17.6747,-4.64302,0,0,25,40,0
111,48,1240,25,2,-122.722,-127.241,-13.1183,-17.6378,-4.51945,0,0,25,40,0
111,49,1265,25,2,-123.013,-127.415,-13.2047,-17.607,-4.40234,0,0,25,40,0
111,50,1290,25,2,-123.295,-127.586,-13.2908,-17.5821,-4.29135,0,0,25,40,0
111,51,1315,25,2,-123.568,-127.754,-13.3766,-17.5625,-4.18585,0,0,25,40,0
111,52,1340,25,2,-123.833,-127.919,-13.4621,-17.5477,-4.08557,0,0,25,40,0
111,53,1365,25,2,-124.09,-128.08,-13.5474,-17.5374,-3.99,0,0,25,40,0
111,54,1390,25,2,-124.34,-128.239,-13.6324,-17.5313,-3.89894,0,0,25,40,0
111,55,1415,25,2,-124.582,-128.394,-13.7171,-17.529,-3.81194,0,0,25,40,0
111,56,1440,25,2,-124.818,-128.547,-13.8015,-17.5304,-3.72886,0,0,25,40,0
111,57,1465,25,2,-125.048,-128.697,-13.8857,-17.535,-3.64931,0,0,25,40,0
111,58,1490,25,2,-125.272,-128.845,-13.9696,-17.5427,-3.57319,0,0,25,40,0
112,1,75,25,1,-102.066,-118.148,-10.9105,-26.9923,-16.0818,0,0,25,50,0
112,2,100,25,1,-104.776,-117.631,-11.0347,-23.8899,-12.8552,0,0,25,50,0
112,3,125,25,1,-106.842,-117.082,-11.2208,-21.4599,-10.2391,0,0,25,50,0
112,4,150,25,1,-108.512,-116.495,-11.4833,-19.466,-7.98268,0,0,25,50,0
112,5,175,25,1,-109.913,-115.866,-11.8386,-17.7913,-5.95279,0,0,25,50,0
112,6,200,25,1,-111.119,-115.187,-12.3039,-16.3721,-4.06817,0,0,25,50,0
112,7,225,25,1,-112.178,-114.451,-12.8973,-15.1704,-2.27313,0,0,25,50,0
112,8,250,25,1,-113.122,-113.647,-13.6363,-14.1614,-0.525101,0,0,25,50,0
112,9,275,25,1,-113.974,-112.762,-14.5383,-13.3259,1.21236,0,0,25,50,1
112,10,300,25,2,-111.775,-114.75,-12.6464,-15.6211,-2.97469,1,2,25,50,0
112,11,325,25,2,-110.662,-115.462,-12.1057,-16.9054,-4.79974,0,0,25,50,0
112,12,350,25,2,-109.386,-116.12,-11.686,-18.4199,-6.73388,0,0,25,50,0
112,13,375,25,2,-107.889,-116.731,-11.3694,-20.2113,-8.84186,0,0,25,50,0
112,14,400,25,2,-106.083,-117.303,-11.139,-22.3589,-11.2199,0,0,25,50,0
112,15,425,25,2,-103.802,-117.839,-10.9789,-25.0161,-14.0372,0,0,25,50,0
112,16,450,25,2,-100.713,-118.344,-10.8757,-28.5064,-17.6308,0,0,25,50,0
112,17,475,25,2,-95.9409,-118.821,-10.8174,-33.6978,-22.8804,0,0,25,50,0
112,18,500,25,2,-86.4927,-119.274,-10.7945,-43.5755,-32.781,0,0,25,50,0
112,19,525,25,2,-91.1309,-119.704,-10.7989,-39.3718,-28.5729,0,0,25,50,0
112,20,550,25,2,-98.1394,-120.113,-10.8246,-32.7987,-21.974,0,0,25,50,0
112,21,575,25,2,-102.068,-120.505,-10.8667,-29.3039,-18.4372,0,0,25,50,0
112,22,600,25,2,-104.777,-120.879,-10.9212,-27.0236,-16.1025,0,0,25,50,0
112,23,625,25,2,-106.843,-121.238,-10.9852,-25.3801,-14.3949,0,0,25,50,0
112,24,650,25,2,-108.513,-121.583,-11.0563,-24.1265,-13.0702,0,0,25,50,0
112,25,675,25,2,-109.913,-121.914,-11.1329,-23.1339,-12.001,0,0,25,50,0
112,26,700,25,2,-111.119,-122.234,-11.2134,-22.3277,-11.1143,0,0,25,50,0
112,27,725,25,2,-112.179,-122.542,-11.2969,-21.66,-10.363,0,0,25,50,0
112,28,750,25,2,-113.123,-122.839,-11.3826,-21.0992,-9.71656,0,0,25,50,0
112,29,775,25,2,-113.974,-123.127,-11.4699,-20.6224,-9.15253,0,0,25,50,0
112,30,800,25,2,-114.75,-123.405,-11.5581,-20.2137,-8.65551,0,0,25,50,0
112,31,825,25,2,-115.462,-123.675,-11.6472,-19.8604,-8.21321,0,0,25,50,0
112,32,850,25,2,-116.12,-123.937,-11.7367,-19.5535,-7.81689,0,0,25,50,0
112,33,875,25,2,-116.732,-124.191,-11.8264,-19.2855,-7.45909,0,0,25,50,0
112,34,900,25,2,-117.303,-124.437,-11.9162,-19.0507,-7.13447,0,0,25,50,0
112,35,925,25,2,-117.839,-124.677,-12.006,-18.8442,-6.83816,0,0,25,50,0
112,36,950,25,2,-118.344,-124.911,-12.0957,-18.6624,-6.56672,0,0,25,50,0
112,37,975,25,2,-118.822,-125.138,-12.1853,-18.502,-6.31677,0,0,25,50,0
112,38,1000,25,2,-119.274,-125.36,-12.2746,-18.3606,-6.08601,0,0,25,50,0
112,39,1025,25,2,-119.704,-125.576,-12.3637,-18.2357,-5.87201,0,0,25,50,0
112,40,1050,25,2,-120.114,-125.787,-12.4525,-18.1257,-5.67317,0,0,25,50,0
112,41,1075,25,2,-120.505,-125.993,-12.5411,-18.0287,-5.48768,0,0,25,50,0
112,42,1100,25,2,-120.879,-126.194,-12.6293,-17.9437,-5.31439,0,0,25,50,0
112,43,1125,25,2,-121.238,-126.39,-12.7173,-17.8692,-5.15192,0,0,25,50,0
112,44,1150,25,2,-121.583,-126.582,-12.805,-17.8044,-4.99945,0,0,25,50,0
112,45,1175,25,2,-121.915,-126.77,-12.8924,-17.7483,-4.85588,0,0,25,50,0
112,46,1200,25,2,-122.234,-126.954,-12.9795,-17.7001,-4.72061,0,0,25,50,0
112,47,1225,25,2,-122.542,-127.135,-13.0664,-17.6591,-4.59275,0,0,25,50,0
112,48,1250,25,2,-122.839,-127.311,-13.1529,-17.6248,-4.47187,0,0,25,50,0
112,49,1275,25,2,-123.127,-127.484,-13.2392,-17.5964,-4.35724,0,0,25,50,0
112,50,1300,25,2,-123.405,-127.654,-13.3251,-17.5737,-4.24852,0,0,25,50,0
112,51,1325,25,2,-123.675,-127.82,-13.4109,-17.556,-4.14513,0,0,25,50,0
112,52,1350,25,2,-123.937,-127.984,-13.4963,-17.5431,-4.0468,0,0,25,50,0
112,53,1375,25,2,-124.191,-128.144,-13.5814,-17.5345,-3.95305,0,0,25,50,0
112,54,1400,25,2,-124.438,-128.301,-13.6663,-17.53,-3.86367,0,0,25,50,0
112,55,1425,25,2,-124.677,-128.456,-13.7509,-17.5292,-3.77824,0,0,25,50,0
112,56,1450,25,2,-124.911,-128.608,-13.8352,-17.5319,-3.69663,0,0,25,50,0
112,57,1475,25,2,-125.138,-128.757,-13.9193,-17.5377,-3.61846,0,0,25,50,0
112,58,1500,25,2,-125.36,-128.904,-14.003,-17.5467,-3.54363,0,0,25,50,0
113,1,85,25,1,-103.252,-117.945,-10.9536,-25.6464,-14.6928,0,0,25,60,0
113,2,110,25,1,-105.662,-117.415,-11.1009,-22.8544,-11.7535,0,0,25,60,0
113,3,135,25,1,-107.549,-116.852,-11.3158,-20.6182,-9.30248,0,0,25,60,0
113,4,160,25,1,-109.1,-116.249,-11.6133,-18.7622,-7.14887,0,0,25,60,0
113,5,185,25,1,-110.416,-115.601,-12.0105,-17.1955,-5.18503,0,0,25,60,0
113,6,210,25,1,-111.558,-114.9,-12.5249,-15.8669,-3.34199,0,0,25,60,0
113,7,235,25,1,-112.568,-114.139,-13.1745,-14.7449,-1.5704,0,0,25,60,0
113,8,260,25,1,-113.473,-113.304,-13.9766,-13.8074,0.169201,0,0,25,60,1
113,9,285,25,2,-112.38,-114.293,-13.0364,-14.9486,-1.9122,1,2,25,60,0
113,10,310,25,2,-111.347,-115.041,-12.4144,-16.1092,-3.69474,0,0,25,60,0
113,11,335,25,2,-110.173,-115.731,-11.9243,-17.4815,-5.55728,0,0,25,60,0
113,12,360,25,2,-108.818,-116.369,-11.548,-19.0997,-7.5517,0,0,25,60,0
113,13,385,25,2,-107.211,-116.964,-11.2678,-21.0213,-9.75354,0,0,25,60,0
113,14,410,25,2,-105.241,-117.521,-11.0673,-23.348,-12.2807,0,0,25,60,0
113,15,435,25,2,-102.693,-118.045,-10.9315,-26.2835,-15.352,0,0,25,60,0
113,16,460,25,2,-99.0951,-118.538,-10.8475,-30.2905,-19.443,0,0,25,60,0
113,17,485,25,2,-93.0259,-119.005,-10.8044,-36.7836,-25.9792,0,0,25,60,0
113,18,510,25,2,-84.4373,-119.448,-10.7934,-45.8044,-35.011,0,0,25,60,0
113,19,535,25,2,-94.564,-119.87,-10.8069,-36.1129,-25.306,0,0,25,60,0
113,20,560,25,2,-99.9232,-120.272,-10.8397,-31.1887,-20.3489,0,0,25,60,0
113,21,585,25,2,-103.253,-120.656,-10.8872,-28.2903,-17.4032,0,0,25,60,0
113,22,610,25,2,-105.663,-121.025,-10.9458,-26.3077,-15.3619,0,0,25,60,0
113,23,635,25,2,-107.55,-121.378,-11.0129,-24.8407,-13.8278,0,0,25,60,0
113,24,660,25,2,-109.1,-121.717,-11.0864,-23.7032,-12.6168,0,0,25,60,0
113,25,685,25,2,-110.416,-122.044,-11.1647,-22.7921,-11.6275,0,0,25,60,0
113,26,710,25,2,-111.559,-122.358,-11.2465,-22.0461,-10.7996,0,0,25,60,0
113,27,735,25,2,-112.569,-122.662,-11.331,-21.4242,-10.0933,0,0,25,60,0
113,28,760,25,2,-113.473,-122.955,-11.4173,-20.8994,-9.48206,0,0,25,60,0
113,29,785,25,2,-114.293,-123.239,-11.5051,-20.4515,-8.94641,0,0,25,60,0
113,30,810,25,2,-115.042,-123.514,-11.5937,-20.0663,-8.47259,0,0,25,60,0
113,31,835,25,2,-115.731,-123.781,-11.6829,-19.7325,-8.04959,0,0,25,60,0
113,32,860,25,2,-116.37,-124.039,-11.7725,-19.442,-7.6695,0,0,25,60,0
113,33,885,25,2,-116.965,-124.29,-11.8623,-19.1879,-7.32553,0,0,25,60,0
113,34,910,25,2,-117.521,-124.534,-11.9521,-18.9649,-7.01279,0,0,25,60,0
113,35,935,25,2,-118.045,-124.772,-12.0419,-18.7687,-6.72678,0,0,25,60,0
113,36,960,25,2,-118.538,-125.003,-12.1315,-18.5959,-6.46432,0,0,25,60,0
113,37,985,25,2,-119.005,-125.228,-12.221,-18.4433,-6.22229,0,0,25,60,0
113,38,1010,25,2,-119.448,-125.447,-12.3102,-18.3088,-5.99852,0,0,25,60,0
113,39,1035,25,2,-119.87,-125.661,-12.3992,-18.19,-5.79074,0,0,25,60,0
113,40,1060,25,2,-120.272,-125.87,-12.4879,-18.0854,-5.59746,0,0,25,60,0
113,41,1085,25,2,-120.657,-126.074,-12.5764,-17.9934,-5.41696,0,0,25,60,0
113,42,1110,25,2,-121.025,-126.273,-12.6645,-17.9127,-5.24817,0,0,25,60,0
113,43,1135,25,2,-121.378,-126.468,-12.7524,-17.8422,-5.08978,0,0,25,60,0
113,44,1160,25,2,-121.717,-126.658,-12.84,-17.781,-4.94101,0,0,25,60,0
113,45,1185,25,2,-122.044,-126.844,-12.9273,-17.7281,-4.80081,0,0,25,60,0
113,46,1210,25,2,-122.358,-127.027,-13.0143,-17.6829,-4.66862,0,0,25,60,0
113,47,1235,25,2,-122.662,-127.206,-13.101,-17.6446,-4.54359,0,0,25,60,0
113,48,1260,25,2,-122.956,-127.381,-13.1874,-17.6127,-4.4253,0,0,25,60,0
113,49,1285,25,2,-123.239,-127.552,-13.2736,-17.5867,-4.31306,0,0,25,60,0
113,50,1310,25,2,-123.514,-127.721,-13.3595,-17.566,-4.20655,0,0,25,60,0
113,51,1335,25,2,-123.781,-127.886,-13.4451,-17.5503,-4.1052,0,0,25,60,0
113,52,1360,25,2,-124.039,-128.048,-13.5304,-17.5391,-4.00878,0,0,25,60,0
113,53,1385,25,2,-124.29,-128.207,-13.6154,-17.5322,-3.91678,0,0,25,60,0
113,54,1410,25,2,-124.534,-128.363,-13.7002,-17.5292,-3.82905,0,0,25,60,0
113,55,1435,25,2,-124.772,-128.517,-13.7847,-17.5298,-3.74515,0,0,25,60,0
113,56,1460,25,2,-125.003,-128.668,-13.8689,-17.5338,-3.66497,0,0,25,60,0
113,57,1485,25,2,-125.228,-128.816,-13.9528,-17.541,-3.58813,0,0,25,60,0
113,58,1510,25,2,-125.447,-128.962,-14.0365,-17.551,-3.51456,0,0,25,60,0
114,1,95,25,1,-104.297,-117.737,-11.0053,-24.4455,-13.4401,0,0,25,70,0
114,2,120,25,1,-106.466,-117.194,-11.178,-21.9059,-10.7279,0,0,25,70,0
114,3,145,25,1,-108.203,-116.615,-11.424,-19.8365,-8.41258,0,0,25,70,0
114,4,170,25,1,-109.65,-115.995,-11.7593,-18.1043,-6.34502,0,0,25,70,0
114,5,195,25,1,-110.891,-115.327,-12.2012,-16.6376,-4.43639,0,0,25,70,0
114,6,220,25,1,-111.976,-114.604,-12.7675,-15.3947,-2.62714,0,0,25,70,0
114,7,245,25,1,-112.942,-113.814,-13.476,-14.3488,-0.872742,0,0,25,70,0
114,8,270,25,1,-113.81,-112.946,-14.344,-13.48,0.864044,0,0,25,70,1
114,9,295,25,2,-111.981,-114.6,-12.7705,-15.3893,-2.61874,1,2,25,70,0
114,10,320,25,2,-110.896,-115.324,-12.2036,-16.6311,-4.42747,0,0,25,70,0
114,11,345,25,2,-109.656,-115.992,-11.7611,-18.0968,-6.33576,0,0,25,70,0
114,12,370,25,2,-108.21,-116.612,-11.4253,-19.8275,-8.40217,0,0,25,70,0
114,13,395,25,2,-106.475,-117.191,-11.1789,-21.8953,-10.7164,0,0,25,70,0
114,14,420,25,2,-104.308,-117.734,-11.006,-24.4319,-13.4259,0,0,25,70,0
114,15,445,25,2,-101.423,-118.245,-10.8924,-27.7148,-16.8224,0,0,25,70,0
114,16,470,25,2,-97.1191,-118.728,-10.8259,-32.4348,-21.6088,0,0,25,70,0
114,17,495,25,2,-88.9691,-119.185,-10.7966,-41.0126,-30.216,0,0,25,70,0
114,18,520,25,2,-88.9216,-119.619,-10.7962,-41.494,-30.6979,0,0,25,70,0
114,19,545,25,2,-97.0949,-120.033,-10.818,-33.7562,-22.9382,0,0,25,70,0
114,20,570,25,2,-101.409,-120.428,-10.8572,-29.8763,-19.0192,0,0,25,70,0
114,21,595,25,2,-104.298,-120.806,-10.9094,-27.4171,-16.5077,0,0,25,70,0
114,22,620,25,2,-106.467,-121.168,-10.9717,-25.6722,-14.7005,0,0,25,70,0
114,23,645,25,2,-108.203,-121.515,-11.0416,-24.3531,-13.3115,0,0,25,70,0
114,24,670,25,2,-109.651,-121.849,-11.1172,-23.3157,-12.1985,0,0,25,70,0
114,25,695,25,2,-110.891,-122.171,-11.197,-22.4765,-11.2795,0,0,25,70,0
114,26,720,25,2,-111.977,-122.481,-11.28,-21.7842,-10.5042,0,0,25,70,0
114,27,745,25,2,-112.942,-122.781,-11.3653,-21.2039,-9.83856,0,0,25,70,0
114,28,770,25,2,-113.81,-123.07,-11.4523,-20.7119,-9.25963,0,0,25,70,0
114,29,795,25,2,-114.6,-123.35,-11.5404,-20.2905,-8.75011,0,0,25,70,0
114,30,820,25,2,-115.324,-123.622,-11.6293,-19.9271,-8.29781,0,0,25,70,0
114,31,845,25,2,-115.992,-123.885,-11.7188,-19.6115,-7.89279,0,0,25,70,0
114,32,870,25,2,-116.613,-124.14,-11.8084,-19.3363,-7.5279,0,0,25,70,0
114,33,895,25,2,-117.192,-124.389,-11.8983,-19.0952,-7.19693,0,0,25,70,0
114,34,920,25,2,-117.735,-124.63,-11.9881,-18.8834,-6.89539,0,0,25,70,0
114,35,945,25,2,-118.246,-124.865,-12.0778,-18.6969,-6.61913,0,0,25,70,0
114,36,970,25,2,-118.728,-125.093,-12.1674,-18.5326,-6.36521,0,0,25,70,0
114,37,995,25,2,-119.185,-125.316,-12.2567,-18.3874,-6.1307,0,0,25,70,0
114,38,1020,25,2,-119.62,-125.533,-12.3459,-18.2595,-5.9136,0,0,25,70,0
114,39,1045,25,2,-120.033,-125.745,-12.4348,-18.1465,-5.71177,0,0,25,70,0
114,40,1070,25,2,-120.428,-125.952,-12.5234,-18.0472,-5.52381,0,0,25,70,0
114,41,1095,25,2,-120.806,-126.154,-12.6117,-17.9598,-5.3481,0,0,25,70,0
114,42,1120,25,2,-121.168,-126.351,-12.6997,-17.8834,-5.18363,0,0,25,70,0
114,43,1145,25,2,-121.515,-126.544,-12.7875,-17.8167,-5.02916,0,0,25,70,0
114,44,1170,25,2,-121.849,-126.733,-12.8749,-17.7589,-4.88395,0,0,25,70,0
114,45,1195,25,2,-122.171,-126.918,-12.9621,-17.7091,-4.74701,0,0,25,70,0
114,46,1220,25,2,-122.481,-127.099,-13.049,-17.6668,-4.61779,0,0,25,70,0
114,47,1245,25,2,-122.781,-127.276,-13.1356,-17.6311,-4.49549,0,0,25,70,0
114,48,1270,25,2,-123.07,-127.45,-13.2219,-17.6016,-4.37971,0,0,25,70,0
114,49,1295,25,2,-123.35,-127.62,-13.308,-17.5778,-4.26979,0,0,25,70,0
114,50,1320,25,2,-123.622,-127.787,-13.3937,-17.5592,-4.16542,0,0,25,70,0
114,51,1345,25,2,-123.885,-127.951,-13.4792,-17.5453,-4.06606,0,0,25,70,0
114,52,1370,25,2,-124.141,-128.112,-13.5644,-17.5359,-3.97147,0,0,25,70,0
114,53,1395,25,2,-124.389,-128.27,-13.6494,-17.5306,-3.88119,0,0,25,70,0
114,54,1420,25,2,-124.63,-128.425,-13.734,-17.529,-3.79505,0,0,25,70,0
114,55,1445,25,2,-124.865,-128.577,-13.8184,-17.531,-3.71264,0,0,25,70,0
114,56,1470,25,2,-125.093,-128.727,-13.9025,-17.5363,-3.63385,0,0,25,70,0
114,57,1495,25,2,-125.316,-128.874,-13.9863,-17.5446,-3.55832,0,0,25,70,0
114,58,1520,25,2,-125.533,-129.019,-14.0698,-17.5558,-3.48596,0,0,25,70,0
115,1,105,25,1,-105.23,-117.524,-11.0665,-23.3603,-12.2938,0,0,25,80,0
115,2,130,25,1,-107.203,-116.967,-11.2667,-21.0311,-9.76441,0,0,25,80,0
115,3,155,25,1,-108.811,-116.373,-11.5464,-19.1081,-7.5617,0,0,25,80,0
115,4,180,25,1,-110.168,-115.734,-11.9222,-17.4885,-5.56629,0,0,25,80,0
115,5,205,25,1,-111.341,-115.045,-12.4118,-16.1153,-3.70349,0,0,25,80,0
115,6,230,25,1,-112.375,-114.296,-13.0329,-14.9539,-1.92098,0,0,25,80,0
115,7,255,25,1,-113.3,-113.477,-13.8031,-13.981,-0.177879,0,0,25,80,0
115,8,280,25,1,-114.135,-112.573,-14.7397,-13.1781,1.56165,0,0,25,80,1
115,9,305,25,2,-111.563,-114.897,-12.5276,-15.8611,-3.33349,1,2,25,80,0
115,10,330,25,2,-110.421,-115.597,-12.0127,-17.1886,-5.17591,0,0,25,80,0
115,11,355,25,2,-109.106,-116.245,-11.6149,-18.7543,-7.13932,0,0,25,80,0
115,12,380,25,2,-107.557,-116.849,-11.317,-20.6085,-9.29157,0,0,25,80,0
115,13,405,25,2,-105.671,-117.413,-11.1018,-22.843,-11.7412,0,0,25,80,0
115,14,430,25,2,-103.265,-117.942,-10.9542,-25.6313,-14.6771,0,0,25,80,0
115,15,455,25,2,-99.9399,-118.442,-10.8607,-29.3624,-18.5017,0,0,25,80,0
115,16,480,25,2,-94.596,-118.914,-10.8102,-35.1279,-24.3177,0,0,25,80,0
115,17,505,25,2,-84.4669,-119.361,-10.7934,-45.688,-34.8945,0,0,25,80,0
115,18,530,25,2,-92.9916,-119.787,-10.8025,-37.5981,-26.7956,0,0,25,80,0
115,19,555,25,2,-99.0758,-120.193,-10.8319,-31.9493,-21.1174,0,0,25,80,0
115,20,580,25,2,-102.68,-120.581,-10.8767,-28.7774,-17.9007,0,0,25,80,0
115,21,605,25,2,-105.231,-120.952,-10.9333,-26.6544,-15.7211,0,0,25,80,0
115,22,630,25,2,-107.203,-121.308,-10.9989,-25.1036,-14.1047,0,0,25,80,0
115,23,655,25,2,-108.811,-121.65,-11.0713,-23.9099,-12.8387,0,0,25,80,0
115,24,680,25,2,-110.168,-121.979,-11.1487,-22.9597,-11.811,0,0,25,80,0
115,25,705,25,2,-111.342,-122.296,-11.2299,-22.1842,-10.9543,0,0,25,80,0
115,26,730,25,2,-112.376,-122.602,-11.3139,-21.5402,-10.2263,0,0,25,80,0
115,27,755,25,2,-113.3,-122.898,-11.4,-20.9976,-9.59763,0,0,25,80,0
115,28,780,25,2,-114.135,-123.183,-11.4874,-20.5357,-9.04829,0,0,25,80,0
115,29,805,25,2,-114.897,-123.46,-11.5759,-20.1388,-8.56291,0,0,25,80,0
115,30,830,25,2,-115.597,-123.728,-11.665,-19.7956,-8.1306,0,0,25,80,0
115,31,855,25,2,-116.246,-123.988,-11.7546,-19.497,-7.74237,0,0,25,80,0
115,32,880,25,2,-116.849,-124.241,-11.8443,-19.2361,-7.39174,0,0,25,80,0
115,33,905,25,2,-117.413,-124.486,-11.9342,-19.0072,-7.073,0,0,25,80,0
115,34,930,25,2,-117.943,-124.725,-12.024,-18.806,-6.78206,0,0,25,80,0
115,35,955,25,2,-118.442,-124.957,-12.1136,-18.6287,-6.51503,0,0,25,80,0
115,36,980,25,2,-118.914,-125.183,-12.2031,-18.4723,-6.26922,0,0,25,80,0
115,37,1005,25,2,-119.362,-125.404,-12.2924,-18.3343,-6.04188,0,0,25,80,0
115,38,1030,25,2,-119.787,-125.619,-12.3814,-18.2126,-5.83114,0,0,25,80,0
115,39,1055,25,2,-120.193,-125.828,-12.4702,-18.1052,-5.635,0,0,25,80,0
115,40,1080,25,2,-120.581,-126.033,-12.5587,-18.0109,-5.45213,0,0,25,80,0
115,41,1105,25,2,-120.952,-126.233,-12.6469,-17.928,-5.28102,0,0,25,80,0
115,42,1130,25,2,-121.308,-126.429,-12.7349,-17.8556,-5.12071,0,0,25,80,0
115,43,1155,25,2,-121.65,-126.62,-12.8225,-17.7925,-4.97001,0,0,25,80,0
115,44,1180,25,2,-121.979,-126.808,-12.9098,-17.7381,-4.82823,0,0,25,80,0
115,45,1205,25,2,-122.296,-126.991,-12.9969,-17.6913,-4.69442,0,0,25,80,0
115,46,1230,25,2,-122.602,-127.17,-13.0837,-17.6518,-4.56808,0,0,25,80,0
115,47,1255,25,2,-122.898,-127.346,-13.1702,-17.6186,-4.44842,0,0,25,80,0
115,48,1280,25,2,-123.183,-127.518,-13.2564,-17.5914,-4.33507,0,0,25,80,0
115,49,1305,25,2,-123.46,-127.687,-13.3423,-17.5697,-4.22739,0,0,25,80,0
115,50,1330,25,2,-123.728,-127.853,-13.428,-17.5531,-4.1251,0,0,25,80,0
115,51,1355,25,2,-123.988,-128.016,-13.5133,-17.541,-4.02766,0,0,25,80,0
115,52,1380,25,2,-124.241,-128.176,-13.5984,-17.5333,-3.93486,0,0,25,80,0
115,53,1405,25,2,-124.486,-128.332,-13.6833,-17.5295,-3.84625,0,0,25,80,0
115,54,1430,25,2,-124.725,-128.486,-13.7678,-17.5294,-3.76166,0,0,25,80,0
115,55,1455,25,2,-124.957,-128.638,-13.8521,-17.5328,-3.6807,0,0,25,80,0
115,56,1480,25,2,-125.183,-128.786,-13.936,-17.5393,-3.60326,0,0,25,80,0
115,57,1505,25,2,-125.404,-128.933,-14.0198,-17.5488,-3.529,0,0,25,80,0
115,58,1530,25,2,-125.619,-129.076,-14.1032,-17.561,-3.45784,0,0,25,80,0
116,1,115,25,1,-106.073,-117.306,-11.1381,-22.3702,-11.2321,0,0,25,90,0
116,2,140,25,1,-107.882,-116.734,-11.3681,-20.2203,-8.85221,0,0,25,90,0
116,3,165,25,1,-109.379,-116.123,-11.6842,-18.4278,-6.74352,0,0,25,90,0
116,4,190,25,1,-110.656,-115.465,-12.1034,-16.912,-4.80854,0,0,25,90,0
116,5,215,25,1,-111.77,-114.753,-12.6434,-15.6268,-2.98332,0,0,25,90,0
116,6,240,25,1,-112.757,-113.978,-13.3221,-14.5432,-1.22108,0,0,25,90,0
116,7,265,25,1,-113.643,-113.127,-14.1568,-13.6404,0.516417,0,0,25,90,1
116,8,290,25,2,-112.181,-114.448,-12.8999,-15.1661,-2.26621,1,2,25,90,0
116,9,315,25,2,-111.124,-115.184,-12.3064,-16.3659,-4.05953,0,0,25,90,0
116,10,340,25,2,-109.919,-115.862,-11.8405,-17.7839,-5.94343,0,0,25,90,0
116,11,365,25,2,-108.519,-116.492,-11.4848,-19.4575,-7.97277,0,0,25,90,0
116,12,390,25,2,-106.851,-117.079,-11.2219,-21.4495,-10.2276,0,0,25,90,0
116,13,415,25,2,-104.786,-117.628,-11.0354,-23.8774,-12.842,0,0,25,90,0
116,14,440,25,2,-102.081,-118.146,-10.911,-26.9752,-16.0643,0,0,25,90,0
116,15,465,25,2,-98.1597,-118.634,-10.8359,-31.3097,-20.4738,0,0,25,90,0
116,16,490,25,2,-91.1761,-119.096,-10.7999,-38.7193,-27.9194,0,0,25,90,0
116,17,515,25,2,-86.4382,-119.534,-10.7943,-43.8904,-33.0961,0,0,25,90,0
116,18,540,25,2,-95.9153,-119.952,-10.8121,-34.8488,-24.0366,0,0,25,90,0
116,19,565,25,2,-100.697,-120.35,-10.8482,-30.5013,-19.6532,0,0,25,90,0
116,20,590,25,2,-103.791,-120.731,-10.8981,-27.8385,-16.9404,0,0,25,90,0
116,21,615,25,2,-106.074,-121.096,-10.9586,-25.9807,-15.022,0,0,25,90,0
116,22,640,25,2,-107.883,-121.447,-11.0271,-24.5911,-13.564,0,0,25,90,0
116,23,665,25,2,-109.38,-121.783,-11.1017,-23.5051,-12.4034,0,0,25,90,0
116,24,690,25,2,-110.657,-122.107,-11.1808,-22.6314,-11.4506,0,0,25,90,0
116,25,715,25,2,-111.77,-122.42,-11.2632,-21.9127,-10.6495,0,0,25,90,0
116,26,740,25,2,-112.757,-122.721,-11.3481,-21.3123,-9.96422,0,0,25,90,0
116,27,765,25,2,-113.644,-123.013,-11.4348,-20.8041,-9.3693,0,0,25,90,0
116,28,790,25,2,-114.448,-123.295,-11.5227,-20.3699,-8.84718,0,0,25,90,0
116,29,815,25,2,-115.184,-123.568,-11.6115,-19.9956,-8.38413,0,0,25,90,0
116,30,840,25,2,-115.863,-123.833,-11.7008,-19.6713,-7.97045,0,0,25,90,0
116,31,865,25,2,-116.492,-124.09,-11.7905,-19.3884,-7.59792,0,0,25,90,0
116,32,890,25,2,-117.079,-124.34,-11.8803,-19.141,-7.2607,0,0,25,90,0
116,33,915,25,2,-117.629,-124.582,-11.9701,-18.9236,-6.9535,0,0,25,90,0
116,34,940,25,2,-118.146,-124.818,-12.0598,-18.7324,-6.67257,0,0,25,90,0
116,35,965,25,2,-118.634,-125.048,-12.1495,-18.5638,-6.4143,0,0,25,90,0
116,36,990,25,2,-119.096,-125.272,-12.2389,-18.4151,-6.1762,0,0,25,90,0
116,37,1015,25,2,-119.534,-125.49,-12.3281,-18.2838,-5.95569,0,0,25,90,0
116,38,1040,25,2,-119.952,-125.703,-12.417,-18.168,-5.75103,0,0,25,90,0
116,39,1065,25,2,-120.351,-125.911,-12.5057,-18.066,-5.56033,0,0,25,90,0
116,40,1090,25,2,-120.731,-126.114,-12.594,-17.9764,-5.38235,0,0,25,90,0
116,41,1115,25,2,-121.096,-126.312,-12.6822,-17.8978,-5.21565,0,0,25,90,0
116,42,1140,25,2,-121.447,-126.506,-12.7699,-17.8293,-5.05933,0,0,25,90,0
116,43,1165,25,2,-121.783,-126.696,-12.8575,-17.7698,-4.91226,0,0,25,90,0
116,44,1190,25,2,-122.107,-126.881,-12.9447,-17.7185,-4.7738,0,0,25,90,0
116,45,1215,25,2,-122.42,-127.063,-13.0317,-17.6747,-4.64302,0,0,25,90,0
116,46,1240,25,2,-122.722,-127.241,-13.1183,-17.6378,-4.51945,0,0,25,90,0
116,47,1265,25,2,-123.013,-127.415,-13.2047,-17.607,-4.40234,0,0,25,90,0
116,48,1290,25,2,-123.295,-127.586,-13.2908,-17.5821,-4.29135,0,0,25,90,0
116,49,1315,25,2,-123.568,-127.754,-13.3766,-17.5625,-4.18585,0,0,25,90,0
116,50,1340,25,2,-123.833,-127.919,-13.4621,-17.5477,-4.08557,0,0,25,90,0
116,51,1365,25,2,-124.09,-128.08,-13.5474,-17.5374,-3.99,0,0,25,90,0
116,52,1390,25,2,-124.34,-128.239,-13.6324,-17.5313,-3.89894,0,0,25,90,0
116,53,1415,25,2,-124.582,-128.394,-13.7171,-17.529,-3.81194,0,0,25,90,0
116,54,1440,25,2,-124.818,-128.547,-13.8015,-17.5304,-3.72886,0,0,25,90,0
116,55,1465,25,2,-125.048,-128.697,-13.8857,-17.535,-3.64931,0,0,25,90,0
116,56,1490,25,2,-125.272,-128.845,-13.9696,-17.5427,-3.57319,0,0,25,90,0
116,57,1515,25,2,-125.49,-128.99,-14.0532,-17.5533,-3.50017,0,0,25,90,0
116,58,1540,25,2,-125.703,-129.133,-14.1365,-17.5666,-3.43017,0,0,25,90,0
117,1,125,25,1,-106.842,-117.082,-11.2208,-21.4599,-10.2391,0,0,25,100,0
117,2,150,25,1,-108.512,-116.495,-11.4833,-19.466,-7.98268,0,0,25,100,0
117,3,175,25,1,-109.913,-115.866,-11.8386,-17.7913,-5.95279,0,0,25,100,0
117,4,200,25,1,-111.119,-115.187,-12.3039,-16.3721,-4.06817,0,0,25,100,0
117,5,225,25,1,-112.178,-114.451,-12.8973,-15.1704,-2.27313,0,0,25,100,0
117,6,250,25,1,-113.122,-113.647,-13.6363,-14.1614,-0.525101,0,0,25,100,0
117,7,275,25,1,-113.974,-112.762,-14.5383,-13.3259,1.21236,0,0,25,100,1
117,8,300,25,2,-111.775,-114.75,-12.6464,-15.6211,-2.97469,1,2,25,100,0
117,9,325,25,2,-110.662,-115.462,-12.1057,-16.9054,-4.79974,0,0,25,100,0
117,10,350,25,2,-109.386,-116.12,-11.686,-18.4199,-6.73388,0,0,25,100,0
117,11,375,25,2,-107.889,-116.731,-11.3694,-20.2113,-8.84186,0,0,25,100,0
117,12,400,25,2,-106.083,-117.303,-11.139,-22.3589,-11.2199,0,0,25,100,0
117,13,425,25,2,-103.802,-117.839,-10.9789,-25.0161,-14.0372,0,0,25,100,0
117,14,450,25,2,-100.713,-118.344,-10.8757,-28.5064,-17.6308,0,0,25,100,0
117,15,475,25,2,-95.9409,-118.821,-10.8174,-33.6978,-22.8804,0,0,25,100,0
117,16,500,25,2,-86.4927,-119.274,-10.7945,-43.5755,-32.781,0,0,25,100,0
117,17,525,25,2,-91.1309,-119.704,-10.7989,-39.3718,-28.5729,0,0,25,100,0
117,18,550,25,2,-98.1394,-120.113,-10.8246,-32.7987,-21.974,0,0,25,100,0
117,19,575,25,2,-102.068,-120.505,-10.8667,-29.3039,-18.4372,0,0,25,100,0
117,20,600,25,2,-104.777,-120.879,-10.9212,-27.0236,-16.1025,0,0,25,100,0
117,21,625,25,2,-106.843,-121.238,-10.9852,-25.3801,-14.3949,0,0,25,100,0
117,22,650,25,2,-108.513,-121.583,-11.0563,-24.1265,-13.0702,0,0,25,100,0
117,23,675,25,2,-109.913,-121.914,-11.1329,-23.1339,-12.001,0,0,25,100,0
117,24,700,25,2,-111.119,-122.234,-11.2134,-22.3277,-11.1143,0,0,25,100,0
117,25,725,25,2,-112.179,-122.542,-11.2969,-21.66,-10.363,0,0,25,100,0
117,26,750,25,2,-113.123,-122.839,-11.3826,-21.0992,-9.71656,0,0,25,100,0
117,27,775,25,2,-113.974,-123.127,-11.4699,-20.6224,-9.15253,0,0,25,100,0
117,28,800,25,2,-114.75,-123.405,-11.5581,-20.2137,-8.65551,0,0,25,100,0
117,29,825,25,2,-115.462,-123.675,-11.6472,-19.8604,-8.21321,0,0,25,100,0
117,30,850,25,2,-116.12,-123.937,-11.7367,-19.5535,-7.81689,0,0,25,100,0
117,31,875,25,2,-116.732,-124.191,-11.8264,-19.2855,-7.45909,0,0,25,100,0
117,32,900,25,2,-117.303,-124.437,-11.9162,-19.0507,-7.13447,0,0,25,100,0
117,33,925,25,2,-117.839,-124.677,-12.006,-18.8442,-6.83816,0,0,25,100,0
117,34,950,25,2,-118.344,-124.911,-12.0957,-18.6624,-6.56672,0,0,25,100,0
117,35,975,25,2,-118.822,-125.138,-12.1853,-18.502,-6.31677,0,0,25,100,0
117,36,1000,25,2,-119.274,-125.36,-12.2746,-18.3606,-6.08601,0,0,25,100,0
117,37,1025,25,2,-119.704,-125.576,-12.3637,-18.2357,-5.87201,0,0,25,100,0
117,38,1050,25,2,-120.114,-125.787,-12.4525,-18.1257,-5.67317,0,0,25,100,0
117,39,1075,25,2,-120.505,-125.993,-12.5411,-18.0287,-5.48768,0,0,25,100,0
117,40,1100,25,2,-120.879,-126.194,-12.6293,-17.9437,-5.31439,0,0,25,100,0
117,41,1125,25,2,-121.238,-126.39,-12.7173,-17.8692,-5.15192,0,0,25,100,0
117,42,1150,25,2,-121.583,-126.582,-12.805,-17.8044,-4.99945,0,0,25,100,0
117,43,1175,25,2,-121.915,-126.77,-12.8924,-17.7483,-4.85588,0,0,25,100,0
117,44,1200,25,2,-122.234,-126.954,-12.9795,-17.7001,-4.72061,0,0,25,100,0
117,45,1225,25,2,-122.542,-127.135,-13.0664,-17.6591,-4.59275,0,0,25,100,0
117,46,1250,25,2,-122.839,-127.311,-13.1529,-17.6248,-4.47187,0,0,25,100,0
117,47,1275,25,2,-123.127,-127.484,-13.2392,-17.5964,-4.35724,0,0,25,100,0
117,48,1300,25,2,-123.405,-127.654,-13.3251,-17.5737,-4.24852,0,0,25,100,0
117,49,1325,25,2,-123.675,-127.82,-13.4109,-17.556,-4.14513,0,0,25,100,0
117,50,1350,25,2,-123.937,-127.984,-13.4963,-17.5431,-4.0468,0,0,25,100,0
117,51,1375,25,2,-124.191,-128.144,-13.5814,-17.5345,-3.95305,0,0,25,100,0
117,52,1400,25,2,-124.438,-128.301,-13.6663,-17.53,-3.86367,0,0,25,100,0
117,53,1425,25,2,-124.677,-128.456,-13.7509,-17.5292,-3.77824,0,0,25,100,0
117,54,1450,25,2,-124.911,-128.608,-13.8352,-17.5319,-3.69663,0,0,25,100,0
117,55,1475,25,2,-125.138,-128.757,-13.9193,-17.5377,-3.61846,0,0,25,100,0
117,56,1500,25,2,-125.36,-128.904,-14.003,-17.5467,-3.54363,0,0,25,100,0
117,57,1525,25,2,-125.576,-129.048,-14.0865,-17.5583,-3.47181,0,0,25,100,0
117,58,1550,25,2,-125.787,-129.19,-14.1697,-17.5726,-3.40294,0,0,25,100,0
